batter,phase,runs,balls,fours,sixes,dot_balls,strike_rate,dot_ball_rate
A Ashish Reddy,Death,214,146,13,10,36,146.58,24.66
A Ashish Reddy,Middle,61,41,2,5,16,148.78,39.02
A Ashish Reddy,Powerplay,5,6,1,0,4,83.33,66.67
A Badoni,Death,538,327,41,25,79,164.53,24.16
A Badoni,Middle,515,408,41,16,126,126.23,30.88
A Badoni,Powerplay,124,99,14,6,51,125.25,51.52
A Chandila,Death,4,7,0,0,3,57.14,42.86
A Chopra,Death,1,2,0,0,1,50.0,50.0
A Chopra,Middle,25,30,3,0,15,83.33,50.0
A Chopra,Powerplay,27,39,4,0,24,69.23,61.54
A Choudhary,Death,25,20,1,1,4,125.0,20.0
A Dananjaya,Death,4,5,0,0,2,80.0,40.0
A Flintoff,Death,25,17,2,1,4,147.06,23.53
A Flintoff,Middle,23,23,2,0,6,100.0,26.09
A Flintoff,Powerplay,14,13,1,1,7,107.69,53.85
A Kamboj,Death,55,42,4,2,10,130.95,23.81
A Kamboj,Middle,19,8,1,2,2,237.5,25.0
A Kumble,Death,34,42,3,0,16,80.95,38.1
A Kumble,Middle,1,5,0,0,4,20.0,80.0
A Manohar,Death,148,94,9,10,29,157.45,30.85
A Manohar,Middle,132,123,12,4,49,107.32,39.84
A Manohar,Powerplay,12,18,2,0,12,66.67,66.67
A Mhatre,Death,9,10,0,0,2,90.0,20.0
A Mhatre,Middle,156,84,9,12,20,185.71,23.81
A Mhatre,Powerplay,275,145,42,11,57,189.66,39.31
A Mishra,Death,259,248,23,5,91,104.44,36.69
A Mishra,Middle,120,164,8,0,73,73.17,44.51
A Mishra,Powerplay,1,5,0,0,4,20.0,80.0
A Mithun,Death,19,14,2,1,7,135.71,50.0
A Mithun,Middle,15,12,2,0,2,125.0,16.67
A Mukund,Death,0,1,0,0,1,0.0,100.0
A Mukund,Middle,5,6,0,0,2,83.33,33.33
A Mukund,Powerplay,14,15,1,0,5,93.33,33.33
A Nehra,Death,39,60,3,1,31,65.0,51.67
A Nortje,Death,49,50,6,0,23,98.0,46.0
A Raghuvanshi,Death,137,83,13,6,18,165.06,21.69
A Raghuvanshi,Middle,465,329,42,15,81,141.34,24.62
A Raghuvanshi,Powerplay,283,194,31,14,81,145.88,41.75
A Singh,Death,2,7,0,0,5,28.57,71.43
A Singh,Middle,0,2,0,0,2,0.0,100.0
A Symonds,Death,292,182,17,17,43,160.44,23.63
A Symonds,Middle,609,481,45,24,169,126.61,35.14
A Symonds,Powerplay,72,82,12,0,50,87.8,60.98
A Tomar,Powerplay,4,8,1,0,7,50.0,87.5
A Uniyal,Death,4,7,0,0,3,57.14,42.86
A Zampa,Death,6,10,0,0,4,60.0,40.0
A Zampa,Middle,9,14,1,0,8,64.29,57.14
AA Bilakhia,Death,36,33,3,0,8,109.09,24.24
AA Bilakhia,Middle,10,20,0,0,10,50.0,50.0
AA Bilakhia,Powerplay,23,31,2,0,18,74.19,58.06
AA Chavan,Death,11,8,2,0,3,137.5,37.5
AA Chavan,Middle,1,3,0,0,2,33.33,66.67
AA Jhunjhunwala,Death,69,50,8,2,16,138.0,32.0
AA Jhunjhunwala,Middle,124,125,9,2,50,99.2,40.0
AA Jhunjhunwala,Powerplay,24,34,2,1,20,70.59,58.82
AA Kulkarni,Middle,9,12,1,0,6,75.0,50.0
AA Kulkarni,Powerplay,17,21,2,0,13,80.95,61.9
AA Noffke,Middle,9,10,1,0,4,90.0,40.0
AB Agarkar,Death,123,91,9,3,19,135.16,20.88
AB Agarkar,Middle,34,47,3,0,23,72.34,48.94
AB Agarkar,Powerplay,20,13,1,2,7,153.85,53.85
AB Barath,Death,2,5,0,0,3,40.0,60.0
AB Barath,Middle,22,23,3,0,11,95.65,47.83
AB Barath,Powerplay,18,14,2,1,6,128.57,42.86
AB Dinda,Death,20,40,1,0,22,50.0,55.0
AB Dinda,Middle,6,8,1,0,5,75.0,62.5
AB McDonald,Death,80,65,5,2,17,123.08,26.15
AB McDonald,Middle,13,16,0,0,4,81.25,25.0
AB McDonald,Powerplay,30,19,4,2,10,157.89,52.63
AB de Villiers,Death,1837,829,133,137,151,221.59,18.21
AB de Villiers,Middle,2570,1957,179,93,536,131.32,27.39
AB de Villiers,Powerplay,741,614,100,20,296,120.68,48.21
AC Blizzard,Middle,21,14,1,2,7,150.0,50.0
AC Blizzard,Powerplay,99,76,20,0,38,130.26,50.0
AC Gilchrist,Death,63,32,5,5,4,196.88,12.5
AC Gilchrist,Middle,611,425,41,38,143,143.76,33.65
AC Gilchrist,Powerplay,1372,1026,188,49,481,133.72,46.88
AC Thomas,Death,20,19,1,1,8,105.26,42.11
AC Voges,Death,85,56,6,3,8,151.79,14.29
AC Voges,Middle,89,78,8,0,25,114.1,32.05
AC Voges,Powerplay,7,9,1,0,5,77.78,55.56
AD Hales,Middle,34,37,2,0,12,91.89,32.43
AD Hales,Powerplay,113,80,11,6,34,141.25,42.5
AD Mascarenhas,Death,49,40,2,1,10,122.5,25.0
AD Mascarenhas,Middle,26,36,2,0,16,72.22,44.44
AD Mascarenhas,Powerplay,4,2,1,0,1,200.0,50.0
AD Mathews,Death,423,274,30,19,69,154.38,25.18
AD Mathews,Middle,289,282,14,9,94,102.48,33.33
AD Mathews,Powerplay,10,17,0,1,13,58.82,76.47
AD Nath,Death,22,25,3,0,13,88.0,52.0
AD Nath,Middle,57,62,4,1,26,91.94,41.94
AD Nath,Powerplay,11,11,0,1,5,100.0,45.45
AD Russell,Death,1417,724,97,127,253,195.72,34.94
AD Russell,Middle,1174,767,82,92,321,153.06,41.85
AD Russell,Powerplay,41,17,5,3,6,241.18,35.29
AF Milne,Death,19,22,0,1,10,86.36,45.45
AF Milne,Middle,6,9,0,0,4,66.67,44.44
AG Murtaza,Death,10,14,1,0,7,71.43,50.0
AG Paunikar,Powerplay,48,55,9,0,35,87.27,63.64
AJ Finch,Death,282,178,22,14,52,158.43,29.21
AJ Finch,Middle,898,658,72,39,203,136.47,30.85
AJ Finch,Powerplay,903,790,120,24,373,114.3,47.22
AJ Hosein,Death,21,13,1,1,3,161.54,23.08
AJ Turner,Death,7,18,0,0,11,38.89,61.11
AJ Turner,Middle,17,10,0,2,2,170.0,20.0
AJ Tye,Death,70,59,5,3,21,118.64,35.59
AJ Tye,Middle,21,16,1,2,9,131.25,56.25
AK Markram,Death,290,161,21,18,30,180.12,18.63
AK Markram,Middle,888,692,53,31,172,128.32,24.86
AK Markram,Powerplay,486,375,57,18,163,129.6,43.47
AL Menaria,Death,91,78,9,2,30,116.67,38.46
AL Menaria,Middle,296,268,15,14,103,110.45,38.43
AL Menaria,Powerplay,8,8,0,1,5,100.0,62.5
AM Ghazanfar,Death,2,3,0,0,1,66.67,33.33
AM Nayar,Death,307,195,30,12,49,157.44,25.13
AM Nayar,Middle,297,307,17,7,112,96.74,36.48
AM Nayar,Powerplay,60,71,7,1,40,84.51,56.34
AM Rahane,Death,508,321,45,19,73,158.26,22.74
AM Rahane,Middle,2099,1709,145,47,427,122.82,24.99
AM Rahane,Powerplay,2758,2239,350,75,986,123.18,44.04
AN Ahmed,Death,36,26,4,1,9,138.46,34.62
AN Ghosh,Middle,0,1,0,0,1,0.0,100.0
AN Ghosh,Powerplay,7,7,1,0,4,100.0,57.14
AP Dole,Death,33,20,3,1,5,165.0,25.0
AP Dole,Middle,1,2,0,0,1,50.0,50.0
AP Majumdar,Death,2,3,0,0,1,66.67,33.33
AP Majumdar,Middle,64,58,3,2,18,110.34,31.03
AP Majumdar,Powerplay,21,15,4,0,6,140.0,40.0
AP Tare,Death,40,26,5,1,9,153.85,34.62
AP Tare,Middle,73,45,8,3,15,162.22,33.33
AP Tare,Powerplay,226,201,27,7,100,112.44,49.75
AR Bawne,Death,12,12,1,0,4,100.0,33.33
AR Patel,Death,1002,652,58,56,152,153.68,23.31
AR Patel,Middle,994,832,78,41,305,119.47,36.66
AR Patel,Powerplay,79,72,9,2,34,109.72,47.22
AS Joseph,Death,24,29,3,0,15,82.76,51.72
AS Joseph,Middle,3,3,0,0,0,100.0,0.0
AS Rajpoot,Death,25,36,2,1,22,69.44,61.11
AS Rajpoot,Middle,1,5,0,0,4,20.0,80.0
AS Raut,Death,120,103,6,6,37,116.5,35.92
AS Raut,Middle,67,58,6,1,22,115.52,37.93
AS Raut,Powerplay,7,6,1,0,3,116.67,50.0
AS Roy,Death,59,39,4,2,8,151.28,20.51
AS Roy,Middle,15,20,1,0,10,75.0,50.0
AS Roy,Powerplay,4,5,1,0,4,80.0,80.0
AS Yadav,Death,39,29,5,1,11,134.48,37.93
AS Yadav,Middle,10,10,0,1,4,100.0,40.0
AT Carey,Death,32,29,0,1,6,110.34,20.69
AT Rayudu,Death,1170,692,89,65,160,169.08,23.12
AT Rayudu,Middle,2383,1971,177,82,613,120.9,31.1
AT Rayudu,Powerplay,772,728,92,24,369,106.04,50.69
AU Rashid,Death,4,3,1,0,2,133.33,66.67
AU Rashid,Middle,17,12,1,1,5,141.67,41.67
AUK Pathan,Death,14,10,3,0,5,140.0,50.0
AUK Pathan,Middle,11,8,0,1,4,137.5,50.0
AUK Pathan,Powerplay,14,5,2,1,2,280.0,40.0
Abdul Basith,Death,1,1,0,0,0,100.0,0.0
Abdul Samad,Death,548,323,33,40,92,169.66,28.48
Abdul Samad,Middle,304,250,21,15,92,121.6,36.8
Abdul Samad,Powerplay,2,2,0,0,1,100.0,50.0
Abdur Razzak,Death,0,2,0,0,2,0.0,100.0
Abhishek Sharma,Death,196,127,14,11,32,154.33,25.2
Abhishek Sharma,Middle,796,455,50,57,124,174.95,27.25
Abhishek Sharma,Powerplay,1379,801,160,75,309,172.16,38.58
Abishek Porel,Death,61,35,7,3,11,174.29,31.43
Abishek Porel,Middle,325,234,23,12,57,138.89,24.36
Abishek Porel,Powerplay,382,259,50,13,105,147.49,40.54
Akash Deep,Death,20,12,1,2,5,166.67,41.67
Akash Deep,Middle,5,2,1,0,0,250.0,0.0
Akash Madhwal,Death,6,9,0,0,3,66.67,33.33
Akash Madhwal,Middle,2,5,0,0,3,40.0,60.0
Akshat Raghuwanshi,Middle,29,25,1,1,6,116.0,24.0
Aman Hakim Khan,Death,59,41,5,3,16,143.9,39.02
Aman Hakim Khan,Middle,52,58,2,3,28,89.66,48.28
Aman Hakim Khan,Powerplay,4,5,1,0,4,80.0,80.0
Aniket Verma,Death,143,77,8,12,20,185.71,25.97
Aniket Verma,Middle,155,103,8,13,38,150.49,36.89
Aniket Verma,Powerplay,17,16,2,0,7,106.25,43.75
Anirudh Singh,Death,13,14,1,0,7,92.86,50.0
Anirudh Singh,Middle,32,32,2,1,12,100.0,37.5
Anirudh Singh,Powerplay,18,20,3,0,12,90.0,60.0
Ankit Sharma,Death,48,34,2,3,10,141.18,29.41
Ankit Sharma,Middle,12,10,1,0,3,120.0,30.0
Ankit Sharma,Powerplay,27,23,4,1,14,117.39,60.87
Ankit Soni,Death,7,9,0,1,5,77.78,55.56
Anmolpreet Singh,Middle,23,24,2,0,9,95.83,37.5
Anmolpreet Singh,Powerplay,116,91,17,3,44,127.47,48.35
Anuj Rawat,Death,142,81,11,9,19,175.31,23.46
Anuj Rawat,Middle,93,98,6,2,37,94.9,37.76
Anuj Rawat,Powerplay,83,88,9,3,49,94.32,55.68
Anureet Singh,Death,32,38,2,1,13,84.21,34.21
Anureet Singh,Middle,4,9,0,0,5,44.44,55.56
Arjun Tendulkar,Death,18,14,0,1,3,128.57,21.43
Arshad Khan,Death,88,59,4,6,18,149.15,30.51
Arshad Khan,Middle,54,36,2,5,15,150.0,41.67
Arshad Khan (2),Death,5,4,1,0,2,125.0,50.0
Arshdeep Singh,Death,28,44,3,0,28,63.64,63.64
Arshdeep Singh,Middle,4,3,1,0,2,133.33,66.67
Ashok Sharma,Death,0,1,0,0,1,0.0,100.0
Ashok Sharma,Middle,1,3,0,0,2,33.33,66.67
Ashutosh Sharma,Death,410,212,33,28,51,193.4,24.06
Ashutosh Sharma,Middle,147,116,6,11,45,126.72,38.79
Ashwani Kumar,Death,1,6,0,0,5,16.67,83.33
Atharva Taide,Middle,103,74,10,2,18,139.19,24.32
Atharva Taide,Powerplay,157,103,20,6,40,152.43,38.83
Auqib Nabi,Death,6,2,0,1,1,300.0,50.0
Auqib Nabi,Middle,4,1,1,0,0,400.0,0.0
Avesh Khan,Death,56,39,7,2,16,143.59,41.03
Avesh Khan,Middle,12,4,0,2,2,300.0,50.0
Azhar Mahmood,Death,123,91,13,5,39,135.16,42.86
Azhar Mahmood,Middle,243,188,23,7,54,129.26,28.72
Azhar Mahmood,Powerplay,22,24,3,1,14,91.67,58.33
Azmatullah Omarzai,Death,69,38,6,5,14,181.58,36.84
Azmatullah Omarzai,Middle,82,63,5,5,23,130.16,36.51
B Akhil,Death,49,34,3,4,13,144.12,38.24
B Akhil,Middle,27,21,2,1,9,128.57,42.86
B Chipli,Death,100,56,11,3,10,178.57,17.86
B Chipli,Middle,125,119,10,3,44,105.04,36.97
B Chipli,Powerplay,55,75,7,1,47,73.33,62.67
B Indrajith,Middle,2,3,0,0,1,66.67,33.33
B Indrajith,Powerplay,19,27,2,0,16,70.37,59.26
B Kumar,Death,316,325,30,4,135,97.23,41.54
B Kumar,Middle,38,51,4,0,28,74.51,54.9
B Laughlin,Death,2,6,0,0,4,33.33,66.67
B Laughlin,Middle,3,7,0,0,4,42.86,57.14
B Lee,Death,112,86,8,7,35,130.23,40.7
B Lee,Middle,12,10,0,1,3,120.0,30.0
B Sai Sudharsan,Death,302,146,23,21,29,206.85,19.86
B Sai Sudharsan,Middle,1179,798,98,37,161,147.74,20.18
B Sai Sudharsan,Powerplay,1015,730,136,24,278,139.04,38.08
B Stanlake,Death,5,2,1,0,0,250.0,0.0
B Sumanth,Death,26,26,2,0,8,100.0,30.77
B Sumanth,Middle,9,11,1,0,6,81.82,54.55
BA Bhatt,Death,6,7,0,1,6,85.71,85.71
BA Stokes,Death,206,125,16,10,29,164.8,23.2
BA Stokes,Middle,488,389,34,15,110,125.45,28.28
BA Stokes,Powerplay,240,181,31,7,83,132.6,45.86
BAW Mendis,Death,3,6,0,0,3,50.0,50.0
BB McCullum,Death,177,95,13,10,17,186.32,17.89
BB McCullum,Middle,1133,864,94,49,279,131.13,32.29
BB McCullum,Powerplay,1547,1217,183,69,590,127.12,48.48
BB Samantray,Death,42,30,6,0,7,140.0,23.33
BB Samantray,Middle,68,62,5,2,22,109.68,35.48
BB Samantray,Powerplay,15,21,2,0,13,71.43,61.9
BB Sran,Death,9,13,0,0,4,69.23,30.77
BCJ Cutting,Death,216,121,12,19,41,178.51,33.88
BCJ Cutting,Middle,22,20,3,0,8,110.0,40.0
BE Hendricks,Death,1,3,0,0,2,33.33,66.67
BJ Haddin,Powerplay,18,11,2,1,5,163.64,45.45
BJ Hodge,Death,605,368,52,24,83,164.4,22.55
BJ Hodge,Middle,646,582,52,15,210,111.0,36.08
BJ Hodge,Powerplay,148,162,18,4,93,91.36,57.41
BJ Rohrer,Death,79,35,7,5,5,225.71,14.29
BJ Rohrer,Middle,114,105,14,0,42,108.57,40.0
BJ Rohrer,Powerplay,0,1,0,0,1,0.0,100.0
BKG Mendis,Middle,0,1,0,0,1,0.0,100.0
BKG Mendis,Powerplay,20,9,1,2,3,222.22,33.33
BMAJ Mendis,Middle,22,25,0,0,7,88.0,28.0
BMAJ Mendis,Powerplay,1,2,0,0,1,50.0,50.0
BR Dunk,Powerplay,40,35,7,0,17,114.29,48.57
BR Sharath,Middle,2,5,0,0,3,40.0,60.0
Basil Thampi,Death,29,30,1,1,10,96.67,33.33
Basil Thampi,Middle,3,5,0,0,2,60.0,40.0
Bipul Sharma,Death,172,109,10,9,27,157.8,24.77
Bipul Sharma,Middle,15,14,1,0,4,107.14,28.57
Brijesh Sharma,Death,2,4,0,0,2,50.0,50.0
C Bosch,Death,95,58,8,5,18,163.79,31.03
C Bosch,Middle,2,5,0,0,3,40.0,60.0
C Connolly,Death,94,37,8,7,4,254.05,10.81
C Connolly,Middle,256,160,16,18,48,160.0,30.0
C Connolly,Powerplay,137,102,18,7,54,134.31,52.94
C Green,Death,264,144,23,13,26,183.33,18.06
C Green,Middle,506,363,28,28,105,139.39,28.93
C Green,Powerplay,251,170,33,7,61,147.65,35.88
C Madan,Powerplay,14,18,3,0,12,77.78,66.67
C Munro,Death,4,5,0,0,2,80.0,40.0
C Munro,Middle,42,45,3,2,22,93.33,48.89
C Munro,Powerplay,131,91,16,6,39,143.96,42.86
C Nanda,Death,0,1,0,0,1,0.0,100.0
C Sakariya,Death,19,26,3,0,16,73.08,61.54
C Sakariya,Middle,1,4,0,0,3,25.0,75.0
C de Grandhomme,Death,154,112,6,10,35,137.5,31.25
C de Grandhomme,Middle,142,110,12,7,41,129.09,37.27
C de Grandhomme,Powerplay,1,2,0,0,1,50.0,50.0
CA Ingram,Death,63,42,7,2,13,150.0,30.95
CA Ingram,Middle,128,119,13,3,51,107.56,42.86
CA Ingram,Powerplay,14,18,2,0,8,77.78,44.44
CA Lynn,Death,36,34,3,0,11,105.88,32.35
CA Lynn,Middle,508,370,30,28,114,137.3,30.81
CA Lynn,Powerplay,773,537,98,37,251,143.95,46.74
CA Pujara,Death,47,41,3,2,16,114.63,39.02
CA Pujara,Middle,128,121,12,1,34,105.79,28.1
CA Pujara,Powerplay,215,228,35,1,128,94.3,56.14
CH Gayle,Death,563,280,39,47,69,201.07,24.64
CH Gayle,Middle,2003,1285,102,163,414,155.88,32.22
CH Gayle,Powerplay,2390,1766,266,144,904,135.33,51.19
CH Morris,Death,493,297,31,28,73,165.99,24.58
CH Morris,Middle,102,93,8,5,41,109.68,44.09
CH Morris,Powerplay,17,7,2,1,1,242.86,14.29
CJ Anderson,Death,175,104,8,15,34,168.27,32.69
CJ Anderson,Middle,311,256,25,14,107,121.48,41.8
CJ Anderson,Powerplay,52,61,7,2,39,85.25,63.93
CJ Ferguson,Death,23,23,3,0,10,100.0,43.48
CJ Ferguson,Middle,58,70,4,0,31,82.86,44.29
CJ Ferguson,Powerplay,17,24,2,0,14,70.83,58.33
CJ Jordan,Death,80,71,3,3,26,112.68,36.62
CJ Jordan,Middle,1,6,0,0,5,16.67,83.33
CJ McKay,Middle,8,15,0,0,8,53.33,53.33
CK Kapugedera,Death,15,19,0,0,5,78.95,26.32
CK Kapugedera,Middle,1,3,0,0,2,33.33,66.67
CK Langeveldt,Death,7,5,0,1,3,140.0,60.0
CK Langeveldt,Middle,1,4,0,0,3,25.0,75.0
CL White,Death,359,192,19,25,31,186.98,16.15
CL White,Middle,496,449,43,11,162,110.47,36.08
CL White,Powerplay,107,116,12,2,59,92.24,50.86
CM Gautam,Death,55,44,9,0,15,125.0,34.09
CM Gautam,Middle,46,44,2,2,18,104.55,40.91
CM Gautam,Powerplay,68,61,6,4,33,111.48,54.1
CR Brathwaite,Death,156,78,8,15,22,200.0,28.21
CR Brathwaite,Middle,24,32,2,1,19,75.0,59.38
CR Woakes,Death,63,56,5,2,21,112.5,37.5
CR Woakes,Middle,15,21,2,0,12,71.43,57.14
CRD Fernando,Death,4,3,0,0,0,133.33,0.0
CV Varun,Death,31,50,3,0,28,62.0,56.0
CV Varun,Middle,0,3,0,0,3,0.0,100.0
D Brevis,Death,88,41,6,8,12,214.63,29.27
D Brevis,Middle,431,298,21,32,105,144.63,35.23
D Brevis,Powerplay,87,76,11,3,39,114.47,51.32
D Ferreira,Death,192,94,10,19,32,204.26,34.04
D Ferreira,Middle,120,86,15,3,29,139.53,33.72
D Ferreira,Powerplay,14,11,1,1,5,127.27,45.45
D Kalyankrishna,Death,3,8,0,0,4,37.5,50.0
D Padikkal,Death,138,96,20,2,32,143.75,33.33
D Padikkal,Middle,1055,801,82,43,238,131.71,29.71
D Padikkal,Powerplay,1073,803,139,35,349,133.62,43.46
D Pretorius,Death,44,28,3,3,10,157.14,35.71
D Salunkhe,Death,25,17,4,0,6,147.06,35.29
D Salunkhe,Middle,8,7,1,0,2,114.29,28.57
D Wiese,Death,125,77,11,7,22,162.34,28.57
D Wiese,Middle,22,23,1,0,6,95.65,26.09
D du Preez,Death,7,9,0,0,3,77.78,33.33
D du Preez,Middle,3,4,0,0,2,75.0,50.0
DA Miller,Death,1500,861,99,95,197,174.22,22.88
DA Miller,Middle,1671,1370,124,53,415,121.97,30.29
DA Miller,Powerplay,102,118,10,3,64,86.44,54.24
DA Payne,Death,6,5,0,0,0,120.0,0.0
DA Warner,Death,628,352,55,31,81,178.41,23.01
DA Warner,Middle,2607,1939,176,98,516,134.45,26.61
DA Warner,Powerplay,3302,2389,430,104,1031,138.22,43.16
DAJ Bracewell,Death,12,9,1,0,1,133.33,11.11
DB Das,Death,117,96,12,2,27,121.88,28.12
DB Das,Middle,129,111,5,11,49,116.22,44.14
DB Das,Powerplay,58,53,6,3,31,109.43,58.49
DB Ravi Teja,Death,167,120,15,6,32,139.17,26.67
DB Ravi Teja,Middle,153,137,13,3,45,111.68,32.85
DB Ravi Teja,Powerplay,53,58,7,0,28,91.38,48.28
DE Bollinger,Death,21,22,1,1,9,95.45,40.91
DG Nalkande,Death,0,1,0,0,1,0.0,100.0
DG Nalkande,Middle,12,11,0,1,4,109.09,36.36
DH Yagnik,Death,95,73,12,1,21,130.14,28.77
DH Yagnik,Middle,73,60,11,1,27,121.67,45.0
DJ Bravo,Death,896,516,62,49,119,173.64,23.06
DJ Bravo,Middle,527,570,42,11,247,92.46,43.33
DJ Bravo,Powerplay,123,110,15,5,59,111.82,53.64
DJ Harris,Middle,54,37,3,4,14,145.95,37.84
DJ Harris,Powerplay,57,64,8,1,34,89.06,53.12
DJ Hooda,Death,451,315,26,23,85,143.17,26.98
DJ Hooda,Middle,865,688,50,35,204,125.73,29.65
DJ Hooda,Powerplay,164,164,20,3,83,100.0,50.61
DJ Hussey,Death,404,229,18,33,61,176.42,26.64
DJ Hussey,Middle,778,726,53,23,258,107.16,35.54
DJ Hussey,Powerplay,134,115,18,4,58,116.52,50.43
DJ Jacobs,Middle,9,7,1,0,2,128.57,28.57
DJ Jacobs,Powerplay,83,91,9,4,51,91.21,56.04
DJ Malan,Middle,25,24,1,1,8,104.17,33.33
DJ Malan,Powerplay,1,2,0,0,1,50.0,50.0
DJ Mitchell,Death,46,38,3,0,7,121.05,18.42
DJ Mitchell,Middle,208,151,14,8,36,137.75,23.84
DJ Mitchell,Powerplay,97,78,11,2,30,124.36,38.46
DJ Muthuswami,Death,1,3,0,0,2,33.33,66.67
DJ Thornely,Middle,35,33,2,2,11,106.06,33.33
DJ Thornely,Powerplay,4,20,0,0,15,20.0,75.0
DJ Willey,Death,24,22,3,0,8,109.09,36.36
DJ Willey,Middle,23,29,3,0,16,79.31,55.17
DJ Willey,Powerplay,6,11,1,0,8,54.55,72.73
DJG Sammy,Death,136,96,7,10,33,141.67,34.38
DJG Sammy,Middle,151,140,6,8,53,107.86,37.86
DJG Sammy,Powerplay,8,5,2,0,3,160.0,60.0
DJM Short,Middle,65,39,5,5,16,166.67,41.03
DJM Short,Powerplay,50,60,6,0,28,83.33,46.67
DL Chahar,Death,81,64,6,4,26,126.56,40.62
DL Chahar,Middle,61,39,2,5,11,156.41,28.21
DL Vettori,Death,74,59,7,1,9,125.42,15.25
DL Vettori,Middle,47,53,4,1,22,88.68,41.51
DM Bravo,Death,6,5,1,0,2,120.0,40.0
DNT Zoysa,Death,10,8,1,0,1,125.0,12.5
DNT Zoysa,Middle,1,1,0,0,0,100.0,0.0
DP Conway,Death,96,62,11,2,14,154.84,22.58
DP Conway,Middle,520,341,45,21,78,152.49,22.87
DP Conway,Powerplay,463,367,61,11,148,126.16,40.33
DP Nannes,Death,2,9,0,0,7,22.22,77.78
DP Nannes,Middle,2,4,0,0,2,50.0,50.0
DP Vijaykumar,Death,1,1,0,0,0,100.0,0.0
DPMD Jayawardene,Death,372,234,40,10,54,158.97,23.08
DPMD Jayawardene,Middle,823,727,67,17,241,113.2,33.15
DPMD Jayawardene,Powerplay,611,501,93,13,233,121.96,46.51
DR Martyn,Death,5,3,1,0,1,166.67,33.33
DR Martyn,Middle,13,18,0,0,5,72.22,27.78
DR Martyn,Powerplay,1,3,0,0,2,33.33,66.67
DR Sams,Death,27,24,1,2,12,112.5,50.0
DR Sams,Middle,16,14,0,1,5,114.29,35.71
DR Sams,Powerplay,1,6,0,0,5,16.67,83.33
DR Shorey,Middle,13,17,0,1,9,76.47,52.94
DR Smith,Death,167,110,10,11,33,151.82,30.0
DR Smith,Middle,1003,675,80,59,231,148.59,34.22
DR Smith,Powerplay,1209,970,154,47,474,124.64,48.87
DS Kulkarni,Death,99,98,7,2,38,101.02,38.78
DS Kulkarni,Middle,5,10,0,0,5,50.0,50.0
DS Lehmann,Middle,14,15,2,0,7,93.33,46.67
DS Lehmann,Powerplay,4,3,1,0,1,133.33,33.33
DS Rathi,Death,3,8,0,0,4,37.5,50.0
DT Christian,Death,302,220,17,14,63,137.27,28.64
DT Christian,Middle,147,166,6,4,60,88.55,36.14
DT Christian,Powerplay,3,8,0,0,5,37.5,62.5
DT Patil,Death,4,1,1,0,0,400.0,0.0
DT Patil,Middle,9,12,0,0,5,75.0,41.67
DV Malewar,Powerplay,2,5,0,0,3,40.0,60.0
DW Steyn,Death,163,151,14,3,60,107.95,39.74
DW Steyn,Middle,4,9,0,0,6,44.44,66.67
Dhruv Jurel,Death,485,279,32,29,62,173.84,22.22
Dhruv Jurel,Middle,559,403,49,24,129,138.71,32.01
Dhruv Jurel,Powerplay,151,93,17,9,41,162.37,44.09
E Lewis,Death,32,21,3,2,7,152.38,33.33
E Lewis,Middle,202,170,10,13,66,118.82,38.82
E Lewis,Powerplay,420,286,49,21,131,146.85,45.8
E Malinga,Death,6,13,0,0,7,46.15,53.85
E Malinga,Middle,1,4,0,0,2,25.0,50.0
EJG Morgan,Death,516,314,31,35,86,164.33,27.39
EJG Morgan,Middle,714,641,57,26,246,111.39,38.38
EJG Morgan,Powerplay,176,192,24,3,112,91.67,58.33
ER Dwivedi,Death,19,9,1,2,2,211.11,22.22
ER Dwivedi,Powerplay,5,5,1,0,3,100.0,60.0
F Behardien,Death,14,12,2,0,4,116.67,33.33
F Behardien,Middle,0,1,0,0,1,0.0,100.0
F du Plessis,Death,567,314,49,28,70,180.57,22.29
F du Plessis,Middle,1920,1522,109,65,379,126.15,24.9
F du Plessis,Powerplay,2276,1670,281,81,700,136.29,41.92
FA Allen,Death,11,13,1,0,6,84.62,46.15
FA Allen,Middle,2,5,0,0,3,40.0,60.0
FH Allen,Middle,142,50,4,18,11,284.0,22.0
FH Allen,Powerplay,207,113,29,10,46,183.19,40.71
FH Edwards,Death,4,5,0,0,3,80.0,60.0
FY Fazal,Death,38,32,5,0,9,118.75,28.12
FY Fazal,Middle,69,62,6,1,17,111.29,27.42
FY Fazal,Powerplay,76,78,11,0,36,97.44,46.15
Fazalhaq Farooqi,Death,5,15,0,0,10,33.33,66.67
G Coetzee,Death,22,23,1,2,12,95.65,52.17
G Coetzee,Middle,8,9,1,0,4,88.89,44.44
G Gambhir,Death,268,185,28,6,53,144.86,28.65
G Gambhir,Middle,1665,1347,153,19,348,123.61,25.84
G Gambhir,Powerplay,2264,1862,309,33,769,121.59,41.3
GB Hogg,Death,22,22,1,0,5,100.0,22.73
GC Smith,Death,66,39,9,1,9,169.23,23.08
GC Smith,Middle,291,239,24,8,71,121.76,29.71
GC Smith,Powerplay,374,386,59,0,203,96.89,52.59
GC Viljoen,Death,3,7,0,0,3,42.86,42.86
GD McGrath,Death,4,5,1,0,4,80.0,80.0
GD Phillips,Death,76,45,6,5,15,168.89,33.33
GD Phillips,Middle,52,51,1,3,21,101.96,41.18
GD Phillips,Powerplay,4,12,0,0,9,33.33,75.0
GF Linde,Death,31,21,6,0,9,147.62,42.86
GH Vihari,Death,77,68,8,0,22,113.24,32.35
GH Vihari,Middle,145,161,10,1,61,90.06,37.89
GH Vihari,Powerplay,59,90,5,0,50,65.56,55.56
GHS Garton,Death,2,4,0,0,2,50.0,50.0
GJ Bailey,Death,324,185,23,17,34,175.14,18.38
GJ Bailey,Middle,205,229,12,2,86,89.52,37.55
GJ Bailey,Powerplay,131,127,24,0,67,103.15,52.76
GJ Maxwell,Death,603,338,50,37,98,178.4,28.99
GJ Maxwell,Middle,1776,1163,127,108,360,152.71,30.95
GJ Maxwell,Powerplay,433,309,59,16,139,140.13,44.98
GR Napier,Death,5,4,1,0,2,125.0,50.0
GR Napier,Middle,10,12,0,0,5,83.33,41.67
Gulbadin Naib,Death,15,10,1,1,3,150.0,30.0
Gulbadin Naib,Middle,4,5,0,0,1,80.0,20.0
Gurkeerat Singh,Death,251,162,25,11,41,154.94,25.31
Gurkeerat Singh,Middle,225,223,24,0,82,100.9,36.77
Gurkeerat Singh,Powerplay,35,37,6,0,22,94.59,59.46
H Das,Death,2,5,0,0,3,40.0,60.0
H Klaasen,Death,736,381,50,48,79,193.18,20.73
H Klaasen,Middle,1251,791,84,68,185,158.15,23.39
H Klaasen,Powerplay,108,81,12,4,36,133.33,44.44
HC Brook,Death,36,25,4,0,3,144.0,12.0
HC Brook,Middle,54,44,4,2,17,122.73,38.64
HC Brook,Powerplay,96,84,14,2,44,114.29,52.38
HE van der Dussen,Death,12,10,1,0,2,120.0,20.0
HE van der Dussen,Middle,10,14,1,0,7,71.43,50.0
HF Gurney,Death,1,5,0,0,4,20.0,80.0
HH Gibbs,Death,72,45,5,3,6,160.0,13.33
HH Gibbs,Middle,367,344,24,12,128,106.69,37.21
HH Gibbs,Powerplay,447,416,54,16,220,107.45,52.88
HH Pandya,Death,1498,886,105,98,242,169.07,27.31
HH Pandya,Middle,1271,948,94,58,307,134.07,32.38
HH Pandya,Powerplay,182,181,28,1,95,100.55,52.49
HM Amla,Death,120,51,13,8,11,235.29,21.57
HM Amla,Middle,194,156,14,5,38,124.36,24.36
HM Amla,Powerplay,261,199,33,8,81,131.16,40.7
HR Shokeen,Death,23,17,4,0,5,135.29,29.41
HR Shokeen,Middle,42,43,5,0,21,97.67,48.84
HR Shokeen,Powerplay,1,5,0,0,3,20.0,60.0
HV Patel,Death,213,162,15,11,55,131.48,33.95
HV Patel,Middle,67,76,3,4,41,88.16,53.95
Harbhajan Singh,Death,616,409,55,35,144,150.61,35.21
Harbhajan Singh,Middle,146,139,14,6,68,105.04,48.92
Harbhajan Singh,Powerplay,62,51,8,1,24,121.57,47.06
Harmeet Singh,Death,18,12,3,0,5,150.0,41.67
Harpreet Brar,Death,209,152,16,9,44,137.5,28.95
Harpreet Brar,Middle,40,54,4,1,31,74.07,57.41
Harpreet Singh,Death,46,37,2,2,10,124.32,27.03
Harpreet Singh,Middle,43,52,3,0,20,82.69,38.46
Harpreet Singh,Powerplay,30,29,4,1,16,103.45,55.17
Harsh Dubey,Death,13,9,2,0,3,144.44,33.33
Harshit Rana,Death,30,34,4,1,19,88.24,55.88
Harshit Rana,Middle,29,21,1,2,10,138.1,47.62
Himmat Singh,Death,63,37,5,3,8,170.27,21.62
Himmat Singh,Middle,26,28,0,2,11,92.86,39.29
I Malhotra,Death,7,4,1,0,0,175.0,0.0
I Sharma,Death,45,55,2,2,28,81.82,50.91
I Sharma,Middle,12,14,2,0,7,85.71,50.0
I Udana,Death,15,11,1,1,4,136.36,36.36
IC Pandey,Death,0,2,0,0,2,0.0,100.0
IK Pathan,Death,662,441,60,26,119,150.11,26.98
IK Pathan,Middle,395,437,16,10,156,90.39,35.7
IK Pathan,Powerplay,92,69,12,2,29,133.33,42.03
IR Jaggi,Death,13,14,0,0,4,92.86,28.57
IR Jaggi,Middle,38,46,3,0,21,82.61,45.65
IR Jaggi,Powerplay,25,37,3,0,21,67.57,56.76
IS Sodhi,Death,5,10,0,0,5,50.0,50.0
IS Sodhi,Middle,2,7,0,0,5,28.57,71.43
Imran Tahir,Death,29,31,4,0,15,93.55,48.39
Imran Tahir,Middle,4,6,1,0,5,66.67,83.33
Iqbal Abdulla,Death,70,58,8,1,17,120.69,29.31
Iqbal Abdulla,Middle,17,24,1,0,11,70.83,45.83
Ishan Kishan,Death,416,219,38,25,56,189.95,25.57
Ishan Kishan,Middle,1655,1179,120,78,333,140.37,28.24
Ishan Kishan,Powerplay,1520,1101,189,63,494,138.06,44.87
J Arunkumar,Powerplay,23,23,5,0,14,100.0,60.87
J Botha,Death,159,123,15,3,34,129.27,27.64
J Botha,Middle,204,183,18,1,60,111.48,32.79
J Botha,Powerplay,45,52,6,1,32,86.54,61.54
J Fraser-McGurk,Middle,87,49,4,8,18,177.55,36.73
J Fraser-McGurk,Powerplay,292,142,35,21,60,205.63,42.25
J Overton,Death,100,62,11,4,17,161.29,27.42
J Overton,Middle,47,30,2,3,7,156.67,23.33
J Suchith,Death,56,31,5,3,7,180.65,22.58
J Suchith,Middle,14,30,1,0,18,46.67,60.0
J Syed Mohammad,Death,20,15,3,0,4,133.33,26.67
J Syed Mohammad,Middle,9,11,1,0,6,81.82,54.55
J Theron,Death,10,12,1,0,5,83.33,41.67
J Yadav,Death,31,27,1,1,9,114.81,33.33
J Yadav,Middle,9,9,1,0,3,100.0,33.33
JA Morkel,Death,629,404,38,38,105,155.69,25.99
JA Morkel,Middle,320,266,20,16,103,120.3,38.72
JA Morkel,Powerplay,18,13,3,0,3,138.46,23.08
JA Richardson,Death,2,4,0,0,3,50.0,75.0
JA Richardson,Middle,15,22,2,0,13,68.18,59.09
JC Archer,Death,249,163,13,16,49,152.76,30.06
JC Archer,Middle,60,52,4,4,25,115.38,48.08
JC Archer,Powerplay,0,4,0,0,4,0.0,100.0
JC Buttler,Death,795,412,60,52,99,192.96,24.03
JC Buttler,Middle,1978,1378,169,75,380,143.54,27.58
JC Buttler,Powerplay,1850,1304,228,82,584,141.87,44.79
JD Ryder,Death,45,28,2,3,8,160.71,28.57
JD Ryder,Middle,119,104,9,3,28,114.42,26.92
JD Ryder,Powerplay,432,323,56,13,144,133.75,44.58
JD Unadkat,Death,178,141,14,6,46,126.24,32.62
JD Unadkat,Middle,23,28,2,1,16,82.14,57.14
JDP Oram,Death,62,49,4,4,19,126.53,38.78
JDP Oram,Middle,44,58,2,1,27,75.86,46.55
JDS Neesham,Death,42,47,2,2,23,89.36,48.94
JDS Neesham,Middle,50,46,4,0,16,108.7,34.78
JE Root,Powerplay,10,15,1,0,8,66.67,53.33
JE Taylor,Death,3,3,0,0,1,100.0,33.33
JEC Franklin,Death,97,68,11,1,13,142.65,19.12
JEC Franklin,Middle,151,140,4,7,45,107.86,32.14
JEC Franklin,Powerplay,79,92,10,1,51,85.87,55.43
JG Bethell,Middle,26,26,2,0,6,100.0,23.08
JG Bethell,Powerplay,137,90,19,6,36,152.22,40.0
JH Kallis,Death,394,228,39,17,58,172.81,25.44
JH Kallis,Middle,995,1010,66,12,320,98.51,31.68
JH Kallis,Powerplay,1030,975,149,15,500,105.64,51.28
JJ Bumrah,Death,65,78,4,1,34,83.33,43.59
JJ Bumrah,Middle,10,7,2,0,3,142.86,42.86
JJ Roy,Death,41,23,3,3,6,178.26,26.09
JJ Roy,Middle,193,130,16,8,32,148.46,24.62
JJ Roy,Powerplay,380,288,56,10,132,131.94,45.83
JJ van der Wath,Death,14,11,1,1,5,127.27,45.45
JJ van der Wath,Middle,4,5,0,0,2,80.0,40.0
JL Denly,Powerplay,0,1,0,0,1,0.0,100.0
JL Pattinson,Death,15,13,2,0,4,115.38,30.77
JM Bairstow,Death,75,55,2,5,20,136.36,36.36
JM Bairstow,Middle,653,464,51,30,146,140.73,31.47
JM Bairstow,Powerplay,944,623,120,39,256,151.52,41.09
JM Kemp,Death,4,8,0,0,4,50.0,50.0
JM Kemp,Middle,20,13,1,1,5,153.85,38.46
JM Kemp,Powerplay,2,3,0,0,1,66.67,33.33
JM Sharma,Death,478,261,34,35,77,183.14,29.5
JM Sharma,Middle,609,439,50,32,167,138.72,38.04
JM Sharma,Powerplay,13,23,2,0,16,56.52,69.57
JO Holder,Death,227,172,12,14,63,131.98,36.63
JO Holder,Middle,85,68,1,7,24,125.0,35.29
JO Holder,Powerplay,12,21,3,0,18,57.14,85.71
JP Behrendorff,Death,6,9,0,0,3,66.67,33.33
JP Duminy,Death,880,516,56,48,90,170.54,17.44
JP Duminy,Middle,911,876,40,25,261,104.0,29.79
JP Duminy,Powerplay,235,239,30,6,129,98.33,53.97
JP Faulkner,Death,436,279,30,21,69,156.27,24.73
JP Faulkner,Middle,74,86,4,2,40,86.05,46.51
JP Faulkner,Powerplay,14,20,2,0,12,70.0,60.0
JP Inglis,Death,31,22,5,0,5,140.91,22.73
JP Inglis,Middle,206,137,19,8,35,150.36,25.55
JP Inglis,Powerplay,303,154,33,20,58,196.75,37.66
JPR Scantlebury-Searles,Death,8,6,0,1,3,133.33,50.0
JR Hazlewood,Death,17,19,1,0,6,89.47,31.58
JR Hazlewood,Middle,2,11,0,0,9,18.18,81.82
JR Hopes,Death,63,45,5,1,9,140.0,20.0
JR Hopes,Middle,187,127,23,4,38,147.24,29.92
JR Hopes,Powerplay,167,133,21,6,63,125.56,47.37
JR Philippe,Death,1,2,0,0,1,50.0,50.0
JR Philippe,Middle,26,20,3,0,5,130.0,25.0
JR Philippe,Powerplay,51,55,6,1,28,92.73,50.91
Jaskaran Singh,Death,7,9,0,0,4,77.78,44.44
Jaskaran Singh,Middle,1,2,0,0,1,50.0,50.0
Joginder Sharma,Death,36,28,1,2,8,128.57,28.57
Joginder Sharma,Middle,0,2,0,0,2,0.0,100.0
K Goel,Death,30,28,3,1,11,107.14,39.29
K Goel,Middle,28,42,1,1,22,66.67,52.38
K Goel,Powerplay,160,161,13,7,81,99.38,50.31
K Gowtham,Death,164,87,10,12,28,188.51,32.18
K Gowtham,Middle,75,55,5,4,18,136.36,32.73
K Gowtham,Powerplay,8,5,0,1,2,160.0,40.0
K Kartikeya,Death,10,13,1,0,5,76.92,38.46
K Kartikeya,Middle,2,4,0,0,2,50.0,50.0
K Rabada,Death,187,155,12,10,59,120.65,38.06
K Rabada,Middle,74,80,9,1,40,92.5,50.0
K Rabada,Powerplay,1,3,0,0,2,33.33,66.67
K Upadhyay,Death,12,9,0,1,3,133.33,33.33
K Yadav,Death,0,4,0,0,4,0.0,100.0
KA Jamieson,Death,53,38,4,3,12,139.47,31.58
KA Jamieson,Middle,24,35,2,1,21,68.57,60.0
KA Maharaj,Death,1,2,0,0,1,50.0,50.0
KA Pollard,Death,2006,1180,128,141,349,170.0,29.58
KA Pollard,Middle,1352,1086,88,78,415,124.49,38.21
KA Pollard,Powerplay,53,49,4,2,23,108.16,46.94
KAJ Roach,Death,5,7,0,0,3,71.43,42.86
KAJ Roach,Middle,5,2,1,0,0,250.0,0.0
KB Arun Karthik,Death,25,29,2,0,9,86.21,31.03
KB Arun Karthik,Middle,26,22,2,1,8,118.18,36.36
KC Cariappa,Death,12,13,0,1,7,92.31,53.85
KC Cariappa,Middle,12,8,0,1,1,150.0,12.5
KC Sangakkara,Death,195,128,24,4,31,152.34,24.22
KC Sangakkara,Middle,963,810,90,16,238,118.89,29.38
KC Sangakkara,Powerplay,522,447,81,6,215,116.78,48.1
KD Karthik,Death,1891,1091,168,99,279,173.33,25.57
KD Karthik,Middle,2536,2074,239,56,661,122.28,31.87
KD Karthik,Powerplay,397,405,55,6,211,98.02,52.1
KH Pandya,Death,796,503,68,39,137,158.25,27.24
KH Pandya,Middle,1087,893,91,35,327,121.72,36.62
KH Pandya,Powerplay,86,80,11,2,44,107.5,55.0
KJ Abbott,Death,13,7,0,1,2,185.71,28.57
KJ Abbott,Middle,0,1,0,0,1,0.0,100.0
KK Ahmed,Death,2,9,0,0,7,22.22,77.78
KK Cooper,Death,78,43,7,5,17,181.4,39.53
KK Cooper,Middle,30,22,2,2,9,136.36,40.91
KK Cooper,Powerplay,7,2,0,1,0,350.0,0.0
KK Nair,Death,275,155,24,14,38,177.42,24.52
KK Nair,Middle,817,663,76,19,209,123.23,31.52
KK Nair,Powerplay,615,483,87,16,230,127.33,47.62
KL Nagarkoti,Death,16,20,1,0,8,80.0,40.0
KL Nagarkoti,Middle,6,13,0,0,8,46.15,61.54
KL Rahul,Death,906,502,76,46,98,180.48,19.52
KL Rahul,Middle,2475,1784,165,99,425,138.73,23.82
KL Rahul,Powerplay,2437,1889,268,93,799,129.01,42.3
KM Asif,Middle,0,2,0,0,2,0.0,100.0
KM Jadhav,Death,552,401,40,26,117,137.66,29.18
KM Jadhav,Middle,572,488,48,13,153,117.21,31.35
KM Jadhav,Powerplay,67,80,12,1,55,83.75,68.75
KMA Paul,Death,18,24,1,1,13,75.0,54.17
KMDN Kulasekara,Death,5,3,1,0,0,166.67,0.0
KP Appanna,Death,2,4,0,0,1,50.0,25.0
KP Pietersen,Death,123,69,10,7,15,178.26,21.74
KP Pietersen,Middle,486,380,34,21,124,127.89,32.63
KP Pietersen,Powerplay,391,293,47,12,118,133.45,40.27
KR Mayers,Middle,97,58,4,9,18,167.24,31.03
KR Mayers,Powerplay,276,200,34,12,101,138.0,50.5
KR Sen,Death,0,3,0,0,3,0.0,100.0
KS Bharat,Death,32,19,0,2,3,168.42,15.79
KS Bharat,Middle,102,85,5,4,26,120.0,30.59
KS Bharat,Powerplay,64,57,7,2,24,112.28,42.11
KS Rathore,Powerplay,0,5,0,0,5,0.0,100.0
KS Sharma,Middle,6,10,0,0,4,60.0,40.0
KS Sharma,Powerplay,10,15,1,0,8,66.67,53.33
KS Williamson,Death,457,275,46,13,45,166.18,16.36
KS Williamson,Middle,1188,937,78,44,272,126.79,29.03
KS Williamson,Powerplay,483,480,63,7,241,100.63,50.21
KT Maphaka,Death,8,2,2,0,0,400.0,0.0
KV Sharma,Death,248,181,13,15,53,137.02,29.28
KV Sharma,Middle,97,105,6,2,42,92.38,40.0
KV Sharma,Powerplay,7,9,1,0,6,77.78,66.67
KW Richardson,Death,17,21,0,0,7,80.95,33.33
KW Richardson,Middle,19,18,2,1,10,105.56,55.56
Kamran Akmal,Death,26,17,2,1,5,152.94,29.41
Kamran Akmal,Middle,51,20,3,5,4,255.0,20.0
Kamran Akmal,Powerplay,47,40,7,2,22,117.5,55.0
Kamran Khan,Death,0,1,0,0,1,0.0,100.0
Kamran Khan,Middle,3,4,0,0,2,75.0,50.0
Karanveer Singh,Death,8,10,1,0,5,80.0,50.0
Karanveer Singh,Middle,4,7,0,0,4,57.14,57.14
Kartik Sharma,Death,77,44,11,3,18,175.0,40.91
Kartik Sharma,Middle,187,149,10,12,57,125.5,38.26
Kartik Sharma,Powerplay,31,23,3,1,9,134.78,39.13
Kartik Tyagi,Death,20,24,1,1,12,83.33,50.0
Kartik Tyagi,Middle,4,2,1,0,0,200.0,0.0
Krish Bhagat,Death,6,13,0,0,7,46.15,53.85
Krish Bhagat,Middle,4,8,0,0,4,50.0,50.0
Kuldeep Yadav,Death,187,209,16,3,94,89.47,44.98
Kuldeep Yadav,Middle,23,44,2,0,26,52.27,59.09
Kumar Kushagra,Death,0,1,0,0,1,0.0,100.0
Kumar Kushagra,Middle,2,5,0,0,3,40.0,60.0
Kumar Kushagra,Powerplay,19,15,3,0,7,126.67,46.67
L Ablish,Death,0,2,0,0,2,0.0,100.0
L Balaji,Death,35,45,2,1,22,77.78,48.89
L Balaji,Middle,1,4,0,0,3,25.0,75.0
L Ngidi,Death,4,8,0,0,5,50.0,62.5
L Ronchi,Powerplay,34,34,6,1,23,100.0,67.65
L Wood,Death,9,3,0,1,0,300.0,0.0
LA Carseldine,Death,19,12,2,0,0,158.33,0.0
LA Carseldine,Middle,23,20,2,0,5,115.0,25.0
LA Carseldine,Powerplay,38,34,7,0,21,111.76,61.76
LA Pomersbach,Death,67,49,5,3,13,136.73,26.53
LA Pomersbach,Middle,131,117,9,6,44,111.97,37.61
LA Pomersbach,Powerplay,103,77,11,4,35,133.77,45.45
LB Williams,Death,1,2,0,0,1,50.0,50.0
LE Plunkett,Death,1,3,0,0,2,33.33,66.67
LG Pretorius,Death,5,4,0,0,0,125.0,0.0
LG Pretorius,Middle,2,2,0,0,0,100.0,0.0
LG Pretorius,Powerplay,0,2,0,0,2,0.0,100.0
LH Ferguson,Death,68,46,6,2,11,147.83,23.91
LJ Wright,Death,80,36,13,2,7,222.22,19.44
LJ Wright,Middle,14,15,2,0,7,93.33,46.67
LJ Wright,Powerplay,8,8,0,1,5,100.0,62.5
LMP Simmons,Death,56,36,4,3,8,155.56,22.22
LMP Simmons,Middle,481,356,38,22,127,135.11,35.67
LMP Simmons,Powerplay,542,456,67,19,224,118.86,49.12
LPC Silva,Death,23,10,2,1,0,230.0,0.0
LPC Silva,Middle,8,9,1,0,3,88.89,33.33
LPC Silva,Powerplay,9,7,2,0,4,128.57,57.14
LR Shukla,Death,219,164,19,9,49,133.54,29.88
LR Shukla,Middle,184,181,14,7,78,101.66,43.09
LR Shukla,Powerplay,2,5,0,0,3,40.0,60.0
LRPL Taylor,Death,305,196,20,18,50,155.61,25.51
LRPL Taylor,Middle,550,501,28,20,178,109.78,35.53
LRPL Taylor,Powerplay,155,121,18,7,55,128.1,45.45
LS Livingstone,Death,334,156,18,32,40,214.1,25.64
LS Livingstone,Middle,541,390,33,32,120,138.72,30.77
LS Livingstone,Powerplay,175,134,17,11,68,130.6,50.75
Lalit Yadav,Death,89,77,9,2,25,115.58,32.47
Lalit Yadav,Middle,180,177,14,4,66,101.69,37.29
Lalit Yadav,Powerplay,25,31,3,0,17,80.65,54.84
Liton Das,Powerplay,4,4,1,0,3,100.0,75.0
M Ashwin,Death,30,37,2,1,19,81.08,51.35
M Ashwin,Middle,5,13,0,0,8,38.46,61.54
M Jansen,Death,156,136,7,8,44,114.71,32.35
M Jansen,Middle,36,38,2,1,15,94.74,39.47
M Kaif,Death,54,45,4,1,18,120.0,40.0
M Kaif,Middle,183,167,14,5,63,109.58,37.72
M Kaif,Powerplay,22,37,4,0,25,59.46,67.57
M Kartik,Death,78,76,3,1,17,102.63,22.37
M Kartik,Middle,34,31,4,0,12,109.68,38.71
M Klinger,Middle,22,27,2,0,12,81.48,44.44
M Klinger,Powerplay,50,48,7,0,21,104.17,43.75
M Manhas,Death,244,185,18,7,49,131.89,26.49
M Manhas,Middle,224,232,19,2,92,96.55,39.66
M Manhas,Powerplay,46,53,6,1,33,86.79,62.26
M Markande,Death,48,41,5,1,13,117.07,31.71
M Markande,Middle,0,1,0,0,1,0.0,100.0
M Morkel,Death,112,80,9,5,29,140.0,36.25
M Morkel,Middle,10,9,1,0,3,111.11,33.33
M Muralitharan,Death,20,29,1,0,15,68.97,51.72
M Ntini,Death,11,18,2,0,14,61.11,77.78
M Prasidh Krishna,Death,15,31,1,0,19,48.39,61.29
M Rawat,Death,40,45,4,0,17,88.89,37.78
M Rawat,Middle,15,22,0,1,11,68.18,50.0
M Rawat,Powerplay,0,2,0,0,2,0.0,100.0
M Shahrukh Khan,Death,398,239,26,26,67,166.53,28.03
M Shahrukh Khan,Middle,354,263,21,25,101,134.6,38.4
M Shahrukh Khan,Powerplay,23,21,2,1,10,109.52,47.62
M Theekshana,Death,15,22,0,1,11,68.18,50.0
M Theekshana,Middle,2,12,0,0,9,16.67,75.0
M Tiwari,Death,20,10,2,1,2,200.0,20.0
M Tiwari,Middle,1,2,0,0,1,50.0,50.0
M Vijay,Death,125,71,9,7,19,176.06,26.76
M Vijay,Middle,920,702,62,38,217,131.05,30.91
M Vijay,Powerplay,1574,1374,176,46,657,114.56,47.82
M Vohra,Death,62,27,7,4,7,229.63,25.93
M Vohra,Middle,330,261,24,12,91,126.44,34.87
M Vohra,Powerplay,691,540,73,27,247,127.96,45.74
M de Lange,Death,1,2,0,0,1,50.0,50.0
MA Agarwal,Death,252,122,20,16,21,206.56,17.21
MA Agarwal,Middle,1092,781,85,42,203,139.82,25.99
MA Agarwal,Powerplay,1402,1150,167,42,514,121.91,44.7
MA Khote,Death,18,15,2,1,5,120.0,33.33
MA Khote,Middle,6,7,0,0,2,85.71,28.57
MA Starc,Death,74,86,7,0,33,86.05,38.37
MA Starc,Middle,37,35,4,0,14,105.71,40.0
MA Wood,Death,12,8,1,1,4,150.0,50.0
MC Henriques,Death,335,202,28,14,47,165.84,23.27
MC Henriques,Middle,504,444,42,11,157,113.51,35.36
MC Henriques,Powerplay,157,139,16,3,52,112.95,37.41
MC Juneja,Death,17,16,1,1,7,106.25,43.75
MC Juneja,Middle,88,94,7,0,31,93.62,32.98
MC Juneja,Powerplay,20,18,3,0,7,111.11,38.89
MD Choudhary,Death,115,77,5,10,30,149.35,38.96
MD Choudhary,Middle,55,43,6,2,16,127.91,37.21
MD Mishra,Death,27,19,1,2,5,142.11,26.32
MD Mishra,Middle,80,64,6,3,22,125.0,34.38
MD Mishra,Powerplay,128,123,17,3,66,104.07,53.66
MD Shanaka,Death,32,26,3,1,9,123.08,34.62
MD Shanaka,Middle,57,45,2,4,19,126.67,42.22
MD Shanaka,Powerplay,0,1,0,0,1,0.0,100.0
MDKJ Perera,Powerplay,14,13,3,0,7,107.69,53.85
MEK Hussey,Death,261,136,24,13,23,191.91,16.91
MEK Hussey,Middle,887,708,69,23,184,125.28,25.99
MEK Hussey,Powerplay,828,766,105,16,365,108.09,47.65
MF Maharoof,Death,135,89,9,7,28,151.69,31.46
MF Maharoof,Middle,42,34,3,2,12,123.53,35.29
MG Bracewell,Death,13,13,0,0,2,100.0,15.38
MG Bracewell,Middle,43,32,6,1,10,134.38,31.25
MG Bracewell,Powerplay,2,2,0,0,0,100.0,0.0
MG Johnson,Death,156,143,9,7,55,109.09,38.46
MG Johnson,Middle,10,20,1,0,14,50.0,70.0
MJ Clarke,Middle,22,30,1,0,12,73.33,40.0
MJ Clarke,Powerplay,76,64,11,0,26,118.75,40.62
MJ Guptill,Middle,52,40,2,4,15,130.0,37.5
MJ Guptill,Powerplay,213,156,22,10,72,136.54,46.15
MJ Henry,Death,2,5,0,0,3,40.0,60.0
MJ Henry,Middle,5,5,1,0,3,100.0,60.0
MJ Lumb,Middle,53,40,8,1,18,132.5,45.0
MJ Lumb,Powerplay,225,151,37,5,65,149.01,43.05
MJ McClenaghan,Death,55,49,4,4,25,112.24,51.02
MJ McClenaghan,Middle,29,19,1,3,8,152.63,42.11
MJ McClenaghan,Powerplay,0,1,0,0,1,0.0,100.0
MJ Owen,Powerplay,0,2,0,0,2,0.0,100.0
MJ Santner,Death,94,69,5,6,21,136.23,30.43
MJ Santner,Middle,21,29,1,0,11,72.41,37.93
MJ Santner,Powerplay,20,24,3,0,14,83.33,58.33
MJ Suthar,Death,1,2,0,0,1,50.0,50.0
MK Lomror,Death,230,142,20,11,32,161.97,22.54
MK Lomror,Middle,265,192,10,18,52,138.02,27.08
MK Lomror,Powerplay,31,38,3,1,22,81.58,57.89
MK Pandey,Death,703,466,47,31,109,150.86,23.39
MK Pandey,Middle,2139,1812,147,62,543,118.05,29.97
MK Pandey,Powerplay,1160,1010,152,24,492,114.85,48.71
MK Tiwary,Death,592,409,55,17,100,144.74,24.45
MK Tiwary,Middle,870,806,74,18,288,107.94,35.73
MK Tiwary,Powerplay,223,229,25,5,118,97.38,51.53
ML Hayden,Death,92,49,8,5,8,187.76,16.33
ML Hayden,Middle,411,293,31,19,81,140.27,27.65
ML Hayden,Powerplay,593,457,80,20,219,129.76,47.92
MM Ali,Death,277,156,22,19,48,177.56,30.77
MM Ali,Middle,655,484,45,36,158,135.33,32.64
MM Ali,Powerplay,233,191,28,12,103,121.99,53.93
MM Patel,Death,39,38,5,0,14,102.63,36.84
MM Patel,Middle,0,3,0,0,3,0.0,100.0
MM Sharma,Death,89,89,6,3,40,100.0,44.94
MM Sharma,Middle,36,47,3,1,23,76.6,48.94
MN Samuels,Death,25,17,1,1,3,147.06,17.65
MN Samuels,Middle,127,130,7,6,54,97.69,41.54
MN Samuels,Powerplay,9,25,1,0,18,36.0,72.0
MN van Wyk,Death,66,43,7,1,7,153.49,16.28
MN van Wyk,Middle,69,63,6,0,16,109.52,25.4
MN van Wyk,Powerplay,28,25,5,0,14,112.0,56.0
MP Breetzke,Powerplay,14,12,1,1,6,116.67,50.0
MP Stoinis,Death,974,536,79,59,133,181.72,24.81
MP Stoinis,Middle,940,726,57,48,231,129.48,31.82
MP Stoinis,Powerplay,314,249,42,10,125,126.1,50.2
MP Yadav,Death,5,5,1,0,3,100.0,60.0
MR Marsh,Death,236,156,15,17,55,151.28,35.26
MR Marsh,Middle,776,555,58,40,168,139.82,30.27
MR Marsh,Powerplay,835,534,80,54,217,156.37,40.64
MS Bhandage,Middle,1,4,0,0,3,25.0,75.0
MS Bisla,Death,52,33,7,2,13,157.58,39.39
MS Bisla,Middle,268,234,15,10,79,114.53,33.76
MS Bisla,Powerplay,474,433,70,11,223,109.47,51.5
MS Dhoni,Death,3442,1965,252,205,486,175.17,24.73
MS Dhoni,Middle,1908,1898,113,56,718,100.53,37.83
MS Dhoni,Powerplay,59,72,10,0,44,81.94,61.11
MS Gony,Death,88,53,6,7,21,166.04,39.62
MS Gony,Middle,11,17,0,1,11,64.71,64.71
MS Wade,Middle,70,79,4,0,28,88.61,35.44
MS Wade,Powerplay,113,98,19,2,52,115.31,53.06
MV Boucher,Death,228,145,18,10,36,157.24,24.83
MV Boucher,Middle,137,138,11,2,50,99.28,36.23
MV Boucher,Powerplay,22,24,3,0,13,91.67,54.17
MW Short,Death,0,1,0,0,1,0.0,100.0
MW Short,Middle,37,38,2,0,10,97.37,26.32
MW Short,Powerplay,138,103,19,5,51,133.98,49.51
Mandeep Singh,Death,410,274,32,14,61,149.64,22.26
Mandeep Singh,Middle,662,559,50,16,171,118.43,30.59
Mandeep Singh,Powerplay,633,552,94,8,265,114.67,48.01
Mashrafe Mortaza,Death,2,2,0,0,1,100.0,50.0
Mayank Dagar,Death,0,1,0,0,1,0.0,100.0
Misbah-ul-Haq,Death,42,20,2,4,6,210.0,30.0
Misbah-ul-Haq,Middle,48,42,4,1,15,114.29,35.71
Misbah-ul-Haq,Powerplay,27,19,4,1,7,142.11,36.84
Mohammad Ashraful,Powerplay,2,10,0,0,7,20.0,70.0
Mohammad Asif,Death,1,3,0,0,2,33.33,66.67
Mohammad Asif,Middle,2,3,0,0,1,66.67,33.33
Mohammad Hafeez,Death,10,9,2,0,5,111.11,55.56
Mohammad Hafeez,Middle,26,38,1,1,18,68.42,47.37
Mohammad Hafeez,Powerplay,28,36,4,1,23,77.78,63.89
Mohammad Nabi,Death,123,86,13,6,31,143.02,36.05
Mohammad Nabi,Middle,66,50,3,3,13,132.0,26.0
Mohammad Nabi,Powerplay,26,15,2,2,5,173.33,33.33
Mohammed Shami,Death,99,96,8,4,43,103.12,44.79
Mohammed Shami,Middle,16,15,1,1,7,106.67,46.67
Mohammed Siraj,Death,112,127,10,4,67,88.19,52.76
Mohammed Siraj,Middle,5,10,1,0,8,50.0,80.0
Mohit Rathee,Death,1,2,0,0,1,50.0,50.0
Mohsin Khan,Death,24,25,2,1,14,96.0,56.0
Mohsin Khan,Middle,1,3,0,0,2,33.33,66.67
Mujeeb Ur Rahman,Death,11,12,2,0,5,91.67,41.67
Mujeeb Ur Rahman,Middle,1,3,0,0,2,33.33,66.67
Mukesh Choudhary,Death,2,2,0,0,0,100.0,0.0
Mukesh Choudhary,Middle,6,6,1,0,4,100.0,66.67
Mukesh Kumar,Death,10,18,0,0,8,55.56,44.44
Musheer Khan,Middle,0,3,0,0,3,0.0,100.0
Mustafizur Rahman,Death,13,24,0,1,16,54.17,66.67
N Burger,Death,14,9,0,1,2,155.56,22.22
N Jagadeesan,Death,11,13,0,0,3,84.62,23.08
N Jagadeesan,Middle,87,73,11,1,28,119.18,38.36
N Jagadeesan,Powerplay,64,61,10,1,33,104.92,54.1
N Pooran,Death,874,491,59,63,143,178.0,29.12
N Pooran,Middle,1420,894,90,105,298,158.84,33.33
N Pooran,Powerplay,228,153,19,18,78,149.02,50.98
N Rana,Death,439,241,40,28,71,182.16,29.46
N Rana,Middle,1823,1325,142,90,430,137.58,32.45
N Rana,Powerplay,801,662,104,32,342,121.0,51.66
N Saini,Death,7,8,1,0,5,87.5,62.5
N Saini,Middle,53,49,5,0,17,108.16,34.69
N Saini,Powerplay,80,83,10,0,41,96.39,49.4
N Sindhu,Middle,34,27,1,2,10,125.93,37.04
N Sindhu,Powerplay,29,23,6,0,12,126.09,52.17
N Wadhera,Death,154,90,10,13,33,171.11,36.67
N Wadhera,Middle,576,418,50,27,145,137.8,34.69
N Wadhera,Powerplay,53,49,4,3,25,108.16,51.02
ND Doshi,Death,0,13,0,0,13,0.0,100.0
NJ Maddinson,Powerplay,20,21,4,0,15,95.24,71.43
NJ Rimmington,Death,1,1,0,0,0,100.0,0.0
NK Patel,Death,37,22,3,1,4,168.18,18.18
NK Patel,Middle,39,42,3,0,16,92.86,38.1
NK Patel,Powerplay,45,55,8,0,34,81.82,61.82
NL McCullum,Death,20,17,0,1,4,117.65,23.53
NL McCullum,Middle,6,5,0,0,2,120.0,40.0
NLTC Perera,Death,265,174,13,18,52,152.3,29.89
NLTC Perera,Middle,137,117,6,8,44,117.09,37.61
NLTC Perera,Powerplay,19,15,4,0,8,126.67,53.33
NM Coulter-Nile,Death,73,56,5,4,22,130.36,39.29
NM Coulter-Nile,Middle,9,16,2,0,13,56.25,81.25
NS Naik,Death,13,22,0,0,10,59.09,45.45
NS Naik,Middle,11,12,1,0,5,91.67,41.67
NS Naik,Powerplay,7,16,1,0,12,43.75,75.0
NT Ellis,Death,19,18,0,1,6,105.56,33.33
NT Ellis,Middle,0,7,0,0,7,0.0,100.0
NV Ojha,Death,404,292,25,25,107,138.36,36.64
NV Ojha,Middle,645,535,37,32,196,120.56,36.64
NV Ojha,Powerplay,494,481,58,21,278,102.7,57.8
Naman Dhir,Death,296,152,28,17,36,194.74,23.68
Naman Dhir,Middle,249,164,21,11,39,151.83,23.78
Naman Dhir,Powerplay,165,116,19,8,48,142.24,41.38
Navdeep Saini,Death,28,27,3,0,11,103.7,40.74
Navdeep Saini,Middle,5,9,0,0,4,55.56,44.44
Navdeep Saini,Powerplay,0,1,0,0,0,0.0,0.0
Naveen-ul-Haq,Death,17,19,2,0,7,89.47,36.84
Naveen-ul-Haq,Middle,1,5,0,0,4,20.0,80.0
Nithish Kumar Reddy,Death,235,119,12,20,30,197.48,25.21
Nithish Kumar Reddy,Middle,476,337,34,23,99,141.25,29.38
Nithish Kumar Reddy,Powerplay,75,84,4,3,42,89.29,50.0
Noor Ahmad,Death,28,41,2,1,26,68.29,63.41
Noor Ahmad,Middle,3,17,0,0,14,17.65,82.35
OA Shah,Death,269,171,20,13,39,157.31,22.81
OA Shah,Middle,213,199,13,8,73,107.04,36.68
OA Shah,Powerplay,23,18,1,2,9,127.78,50.0
OC McCoy,Death,8,5,0,1,2,160.0,40.0
OF Smith,Death,48,35,1,5,17,137.14,48.57
OF Smith,Middle,3,9,0,0,6,33.33,66.67
P Awana,Death,5,14,0,0,9,35.71,64.29
P Chopra,Middle,8,6,2,0,4,133.33,66.67
P Dogra,Death,73,62,3,3,20,117.74,32.26
P Dogra,Middle,54,76,1,2,39,71.05,51.32
P Dubey,Death,10,17,0,0,7,58.82,41.18
P Dubey,Middle,13,16,2,0,9,81.25,56.25
P Kumar,Death,292,259,18,14,108,112.74,41.7
P Kumar,Middle,40,45,3,3,27,88.89,60.0
P Kumar,Powerplay,6,8,1,0,6,75.0,75.0
P Negi,Death,256,181,19,11,54,141.44,29.83
P Negi,Middle,104,101,7,5,46,102.97,45.54
P Negi,Powerplay,4,6,1,0,4,66.67,66.67
P Nissanka,Middle,43,36,3,1,10,119.44,27.78
P Nissanka,Powerplay,234,137,30,11,54,170.8,39.42
P Parameswaran,Death,1,2,0,0,1,50.0,50.0
P Ray Barman,Death,0,1,0,0,1,0.0,100.0
P Ray Barman,Middle,19,23,2,0,10,82.61,43.48
P Sahu,Death,19,13,1,1,4,146.15,30.77
P Simran Singh,Death,79,44,7,5,15,179.55,34.09
P Simran Singh,Middle,634,391,47,37,101,162.15,25.83
P Simran Singh,Powerplay,1135,749,141,50,316,151.54,42.19
PA Patel,Death,95,71,9,2,17,133.8,23.94
PA Patel,Middle,846,718,73,16,205,117.83,28.55
PA Patel,Powerplay,1900,1561,282,31,706,121.72,45.23
PA Reddy,Death,15,5,2,1,1,300.0,20.0
PA Reddy,Middle,46,51,3,0,16,90.2,31.37
PA Reddy,Powerplay,103,104,10,1,48,99.04,46.15
PBB Rajapaksa,Death,6,8,0,0,3,75.0,37.5
PBB Rajapaksa,Middle,193,134,14,10,41,144.03,30.6
PBB Rajapaksa,Powerplay,77,48,8,5,20,160.42,41.67
PC Valthaty,Death,46,22,7,1,5,209.09,22.73
PC Valthaty,Middle,147,118,9,9,46,124.58,38.98
PC Valthaty,Powerplay,306,274,44,10,158,111.68,57.66
PD Collingwood,Death,81,45,2,8,12,180.0,26.67
PD Collingwood,Middle,96,92,4,4,34,104.35,36.96
PD Collingwood,Powerplay,26,19,3,1,8,136.84,42.11
PD Salt,Death,35,19,4,2,6,184.21,31.58
PD Salt,Middle,382,212,32,23,52,180.19,24.53
PD Salt,Powerplay,836,484,101,42,179,172.73,36.98
PHKD Mendis,Death,25,24,1,0,5,104.17,20.83
PHKD Mendis,Middle,61,35,6,2,9,174.29,25.71
PHKD Mendis,Powerplay,5,9,0,0,6,55.56,66.67
PJ Cummins,Death,456,277,24,34,85,164.62,30.69
PJ Cummins,Middle,181,141,16,10,64,128.37,45.39
PJ Cummins,Powerplay,0,1,0,0,1,0.0,100.0
PJ Sangwan,Death,22,35,1,0,18,62.86,51.43
PJ Sangwan,Middle,4,9,0,0,5,44.44,55.56
PK Garg,Death,61,38,6,2,11,160.53,28.95
PK Garg,Middle,157,150,7,4,47,104.67,31.33
PK Garg,Powerplay,51,50,2,3,25,102.0,50.0
PM Sarvesh Kumar,Death,1,2,0,0,1,50.0,50.0
PN Mankad,Death,18,11,2,1,4,163.64,36.36
PN Mankad,Middle,34,24,3,1,5,141.67,20.83
PN Mankad,Powerplay,45,37,8,0,19,121.62,51.35
PP Chawla,Death,452,371,43,15,135,121.83,36.39
PP Chawla,Middle,156,177,10,5,84,88.14,47.46
PP Chawla,Powerplay,15,13,3,0,7,115.38,53.85
PP Hinge,Death,0,1,0,0,0,0.0,0.0
PP Hinge,Middle,3,8,0,0,6,37.5,75.0
PP Ojha,Death,16,42,0,0,23,38.1,54.76
PP Ojha,Middle,0,2,0,0,2,0.0,100.0
PP Shaw,Death,30,21,5,0,8,142.86,38.1
PP Shaw,Middle,515,341,40,24,82,151.03,24.05
PP Shaw,Powerplay,1345,917,193,37,380,146.67,41.44
PR Shah,Death,26,20,3,0,6,130.0,30.0
PR Shah,Middle,35,39,5,0,17,89.74,43.59
PR Shah,Powerplay,30,31,1,2,16,96.77,51.61
PR Veer,Death,47,39,4,2,15,120.51,38.46
PR Veer,Middle,43,28,6,1,8,153.57,28.57
PSP Handscomb,Middle,6,12,0,0,6,50.0,50.0
PV Tambe,Death,12,30,0,0,17,40.0,56.67
PV Tambe,Middle,6,8,1,0,5,75.0,62.5
PVD Chameera,Death,52,44,3,3,17,118.18,38.64
PVD Chameera,Middle,1,1,0,0,0,100.0,0.0
PVSN Raju,Death,1,1,0,0,0,100.0,0.0
PWA Mulder,Death,9,9,1,0,3,100.0,33.33
PWA Mulder,Middle,0,2,0,0,2,0.0,100.0
PWH de Silva,Death,56,53,5,1,23,105.66,43.4
PWH de Silva,Middle,25,35,2,0,18,71.43,51.43
Pankaj Singh,Death,7,12,0,0,6,58.33,50.0
Parvez Rasool,Death,17,20,1,0,6,85.0,30.0
Prince Yadav,Death,5,11,0,0,5,45.45,45.45
Priyansh Arya,Middle,231,116,14,20,31,199.14,26.72
Priyansh Arya,Powerplay,678,353,73,43,125,192.07,35.41
Q de Kock,Death,240,116,25,12,18,206.9,15.52
Q de Kock,Middle,1232,922,96,45,252,133.62,27.33
Q de Kock,Powerplay,1964,1508,213,85,667,130.24,44.23
R Ashwin,Death,475,355,37,18,101,133.8,28.45
R Ashwin,Middle,279,276,16,8,99,101.09,35.87
R Ashwin,Powerplay,78,72,11,3,40,108.33,55.56
R Bhatia,Death,251,172,20,11,51,145.93,29.65
R Bhatia,Middle,91,112,4,2,46,81.25,41.07
R Bishnoi,Death,1,2,0,0,1,50.0,50.0
R Bishnoi,Middle,0,1,0,0,1,0.0,100.0
R Bishnoi,Powerplay,18,14,1,2,9,128.57,64.29
R Dhawan,Death,168,132,12,7,48,127.27,36.36
R Dhawan,Middle,42,55,6,0,33,76.36,60.0
R Dravid,Death,200,119,21,9,39,168.07,32.77
R Dravid,Middle,1068,930,100,12,282,114.84,30.32
R Dravid,Powerplay,905,829,148,7,425,109.17,51.27
R McLaren,Death,69,58,7,1,17,118.97,29.31
R McLaren,Middle,78,95,6,0,39,82.11,41.05
R McLaren,Powerplay,12,18,1,0,9,66.67,50.0
R Minz,Death,6,4,1,0,1,150.0,25.0
R Minz,Middle,6,15,0,0,10,40.0,66.67
R Ninan,Death,3,5,0,0,2,60.0,40.0
R Parag,Death,570,353,41,37,115,161.47,32.58
R Parag,Middle,1116,807,73,59,248,138.29,30.73
R Parag,Powerplay,187,136,21,12,73,137.5,53.68
R Powell,Death,306,162,23,24,52,188.89,32.1
R Powell,Middle,234,214,14,13,93,109.35,43.46
R Powell,Powerplay,15,13,1,1,6,115.38,46.15
R Rampaul,Death,35,33,3,1,15,106.06,45.45
R Rampaul,Middle,15,16,0,1,7,93.75,43.75
R Ravindra,Death,24,9,0,3,0,266.67,0.0
R Ravindra,Middle,110,77,4,6,16,142.86,20.78
R Ravindra,Powerplay,274,198,35,7,76,138.38,38.38
R Sai Kishore,Death,18,16,0,2,7,112.5,43.75
R Sanjay Yadav,Death,0,2,0,0,2,0.0,100.0
R Sathish,Death,164,118,15,4,30,138.98,25.42
R Sathish,Middle,105,105,7,2,42,100.0,40.0
R Sathish,Powerplay,0,7,0,0,7,0.0,100.0
R Sharma,Death,65,73,5,3,42,89.04,57.53
R Sharma,Middle,1,2,0,0,1,50.0,50.0
R Shepherd,Death,189,98,16,15,31,192.86,31.63
R Shepherd,Middle,73,52,2,6,18,140.38,34.62
R Shukla,Death,18,22,2,0,10,81.82,45.45
R Shukla,Middle,1,1,0,0,0,100.0,0.0
R Smaran,Death,5,2,1,0,0,250.0,0.0
R Smaran,Middle,4,4,1,0,3,100.0,75.0
R Smaran,Powerplay,10,19,1,0,12,52.63,63.16
R Tewatia,Death,902,542,77,53,155,166.42,28.6
R Tewatia,Middle,391,387,32,9,152,101.03,39.28
R Tewatia,Powerplay,6,9,1,0,6,66.67,66.67
R Vinay Kumar,Death,262,226,17,9,80,115.93,35.4
R Vinay Kumar,Middle,48,48,4,0,16,100.0,33.33
RA Bawa,Death,24,18,1,0,6,133.33,33.33
RA Bawa,Middle,11,13,1,0,6,84.62,46.15
RA Bawa,Powerplay,0,1,0,0,1,0.0,100.0
RA Jadeja,Death,1906,1268,141,82,300,150.32,23.66
RA Jadeja,Middle,1446,1308,99,35,441,110.55,33.72
RA Jadeja,Powerplay,157,109,24,4,48,144.04,44.04
RA Tripathi,Death,214,149,15,12,52,143.62,34.9
RA Tripathi,Middle,1059,785,85,36,220,134.9,28.03
RA Tripathi,Powerplay,995,721,125,36,303,138.0,42.02
RD Chahar,Death,125,108,13,5,54,115.74,50.0
RD Chahar,Middle,4,16,0,0,13,25.0,81.25
RD Gaikwad,Death,292,168,25,15,40,173.81,23.81
RD Gaikwad,Middle,1147,834,73,47,212,137.53,25.42
RD Gaikwad,Powerplay,1388,1081,160,45,457,128.4,42.28
RD Rickelton,Death,24,13,2,1,1,184.62,7.69
RD Rickelton,Middle,258,140,17,20,39,184.29,27.86
RD Rickelton,Powerplay,554,342,59,34,145,161.99,42.4
RE Levi,Middle,21,16,1,2,7,131.25,43.75
RE Levi,Powerplay,62,57,9,2,29,108.77,50.88
RE van der Merwe,Death,53,46,3,3,17,115.22,36.96
RE van der Merwe,Middle,70,58,5,3,22,120.69,37.93
RE van der Merwe,Powerplay,36,37,3,2,22,97.3,59.46
RG More,Death,2,2,0,0,0,100.0,0.0
RG Sharma,Death,1511,837,125,92,219,180.53,26.16
RG Sharma,Middle,3224,2636,254,107,822,122.31,31.18
RG Sharma,Powerplay,2551,2023,278,122,981,126.1,48.49
RJ Gleeson,Death,2,2,0,0,0,100.0,0.0
RJ Harris,Death,96,86,5,3,35,111.63,40.7
RJ Harris,Middle,20,25,1,0,10,80.0,40.0
RJ Peterson,Death,19,16,2,1,7,118.75,43.75
RJ Peterson,Middle,13,14,1,0,4,92.86,28.57
RJ Quiney,Death,1,3,0,0,2,33.33,66.67
RJ Quiney,Middle,37,28,3,2,9,132.14,32.14
RJ Quiney,Powerplay,65,71,9,1,38,91.55,53.52
RJW Topley,Death,3,6,0,0,3,50.0,50.0
RK Bhui,Death,0,1,0,0,1,0.0,100.0
RK Bhui,Middle,10,18,0,0,10,55.56,55.56
RK Bhui,Powerplay,0,7,0,0,7,0.0,100.0
RK Singh,Death,778,411,70,48,114,189.29,27.74
RK Singh,Middle,564,509,40,15,173,110.81,33.99
RK Singh,Powerplay,40,28,5,2,13,142.86,46.43
RM Patidar,Death,267,124,17,25,34,215.32,27.42
RM Patidar,Middle,1100,639,55,81,143,172.14,22.38
RM Patidar,Powerplay,243,215,34,4,94,113.02,43.72
RN ten Doeschate,Death,212,140,17,11,38,151.43,27.14
RN ten Doeschate,Middle,108,88,8,4,29,122.73,32.95
RN ten Doeschate,Powerplay,6,7,1,0,4,85.71,57.14
RP Meredith,Death,0,3,0,0,3,0.0,100.0
RP Singh,Death,50,70,2,1,30,71.43,42.86
RP Singh,Middle,2,6,0,0,4,33.33,66.67
RR Bhatkal,Death,0,2,0,0,2,0.0,100.0
RR Pant,Death,1084,537,92,77,151,201.86,28.12
RR Pant,Middle,2290,1686,196,89,519,135.82,30.78
RR Pant,Powerplay,489,411,62,14,194,118.98,47.2
RR Powar,Death,67,60,6,1,22,111.67,36.67
RR Powar,Middle,0,4,0,0,4,0.0,100.0
RR Raje,Death,20,18,1,1,6,111.11,33.33
RR Rossouw,Death,82,39,5,6,6,210.26,15.38
RR Rossouw,Middle,250,168,16,16,58,148.81,34.52
RR Rossouw,Powerplay,139,99,24,3,49,140.4,49.49
RR Sarwan,Middle,28,35,0,0,12,80.0,34.29
RR Sarwan,Powerplay,45,40,6,1,18,112.5,45.0
RS Bopara,Death,179,104,11,10,22,172.12,21.15
RS Bopara,Middle,222,205,17,3,63,108.29,30.73
RS Bopara,Powerplay,130,144,11,3,68,90.28,47.22
RS Gavaskar,Middle,2,8,0,0,6,25.0,75.0
RS Sodhi,Death,4,2,1,0,1,200.0,50.0
RT Ponting,Middle,46,53,3,1,20,86.79,37.74
RT Ponting,Powerplay,45,75,2,1,43,60.0,57.33
RV Gomez,Death,50,44,5,1,15,113.64,34.09
RV Gomez,Middle,0,6,0,0,6,0.0,100.0
RV Gomez,Powerplay,0,1,0,0,1,0.0,100.0
RV Patel,Death,52,42,4,1,9,123.81,21.43
RV Patel,Middle,28,31,2,1,16,90.32,51.61
RV Uthappa,Death,565,323,40,35,77,174.92,23.84
RV Uthappa,Middle,2345,1829,180,97,596,128.21,32.59
RV Uthappa,Powerplay,2032,1632,260,50,715,124.51,43.81
Rahmanullah Gurbaz,Death,0,1,0,0,1,0.0,100.0
Rahmanullah Gurbaz,Middle,111,73,8,7,24,152.05,32.88
Rahmanullah Gurbaz,Powerplay,246,194,26,14,100,126.8,51.55
Ramandeep Singh,Death,172,89,12,12,22,193.26,24.72
Ramandeep Singh,Middle,119,111,5,6,40,107.21,36.04
Ramandeep Singh,Powerplay,2,3,0,0,1,66.67,33.33
Rashid Khan,Death,525,316,38,37,113,166.14,35.76
Rashid Khan,Middle,101,84,5,6,36,120.24,42.86
Rasikh Salam,Death,32,27,4,0,11,118.52,40.74
Rasikh Salam,Middle,11,15,1,0,7,73.33,46.67
Ravi Bishnoi,Death,36,51,2,2,35,70.59,68.63
Ravi Bishnoi,Middle,9,18,0,0,8,50.0,44.44
Ravi Singh,Middle,4,2,1,0,1,200.0,50.0
S Anirudha,Death,76,51,3,5,14,149.02,27.45
S Anirudha,Middle,34,33,1,2,11,103.03,33.33
S Anirudha,Powerplay,26,28,5,0,16,92.86,57.14
S Aravind,Death,49,45,6,0,15,108.89,33.33
S Aravind,Middle,10,12,1,0,6,83.33,50.0
S Arora,Death,88,48,5,8,14,183.33,29.17
S Arora,Middle,31,28,4,1,14,110.71,50.0
S Arora,Powerplay,2,1,0,0,0,200.0,0.0
S Badree,Death,8,14,0,0,7,57.14,50.0
S Badree,Middle,5,9,0,0,5,55.56,55.56
S Badrinath,Death,419,275,42,12,59,152.36,21.45
S Badrinath,Middle,837,697,85,15,227,120.09,32.57
S Badrinath,Powerplay,182,236,27,1,145,77.12,61.44
S Chanderpaul,Powerplay,25,31,4,0,18,80.65,58.06
S Dhawan,Death,662,418,69,21,105,158.37,25.12
S Dhawan,Middle,2675,2115,242,55,579,126.48,27.38
S Dhawan,Powerplay,3399,2771,452,76,1195,122.66,43.13
S Dube,Death,752,453,49,53,137,166.0,30.24
S Dube,Middle,1325,961,80,81,319,137.88,33.19
S Dube,Powerplay,37,46,3,1,26,80.43,56.52
S Gopal,Death,135,104,15,2,31,129.81,29.81
S Gopal,Middle,45,61,4,0,30,73.77,49.18
S Gopal,Powerplay,0,4,0,0,4,0.0,100.0
S Kaul,Death,20,36,1,0,23,55.56,63.89
S Kaushik,Death,0,1,0,0,1,0.0,100.0
S Ladda,Death,0,3,0,0,3,0.0,100.0
S Ladda,Middle,0,6,0,0,6,0.0,100.0
S Lamichhane,Death,0,1,0,0,1,0.0,100.0
S Nadeem,Death,30,66,2,0,43,45.45,65.15
S Nadeem,Middle,9,21,0,0,12,42.86,57.14
S Narwal,Death,25,18,4,0,6,138.89,33.33
S Narwal,Middle,12,9,2,0,4,133.33,44.44
S Rana,Death,64,48,7,0,10,133.33,20.83
S Rana,Middle,3,9,0,0,6,33.33,66.67
S Rana,Powerplay,20,22,2,1,14,90.91,63.64
S Randiv,Death,2,4,0,0,3,50.0,75.0
S Sohal,Death,4,9,0,0,6,44.44,66.67
S Sohal,Middle,85,63,8,3,19,134.92,30.16
S Sohal,Powerplay,279,217,26,15,105,128.57,48.39
S Sreesanth,Death,34,55,6,0,36,61.82,65.45
S Sriram,Middle,18,25,1,0,11,72.0,44.0
S Sriram,Powerplay,13,11,2,0,4,118.18,36.36
S Tyagi,Death,3,4,0,0,1,75.0,25.0
S Vidyut,Death,0,3,0,0,3,0.0,100.0
S Vidyut,Middle,42,30,5,1,11,140.0,36.67
S Vidyut,Powerplay,103,76,16,2,34,135.53,44.74
SA Abbott,Death,22,15,1,2,6,146.67,40.0
SA Abbott,Middle,0,3,0,0,3,0.0,100.0
SA Asnodkar,Middle,145,129,18,1,45,112.4,34.88
SA Asnodkar,Powerplay,278,208,38,9,94,133.65,45.19
SA Yadav,Death,822,463,83,45,140,177.54,30.24
SA Yadav,Middle,2723,1887,259,97,538,144.3,28.51
SA Yadav,Powerplay,1017,722,138,35,322,140.86,44.6
SB Bangar,Death,32,23,1,3,8,139.13,34.78
SB Bangar,Middle,17,35,0,0,17,48.57,48.57
SB Dubey,Death,150,87,10,10,21,172.41,24.14
SB Dubey,Middle,55,49,5,2,20,112.24,40.82
SB Dubey,Powerplay,14,6,2,1,3,233.33,50.0
SB Jakati,Death,28,29,3,0,11,96.55,37.93
SB Joshi,Death,0,1,0,0,1,0.0,100.0
SB Joshi,Middle,6,13,0,0,7,46.15,53.85
SB Styris,Death,40,27,3,2,7,148.15,25.93
SB Styris,Middle,83,93,7,1,37,89.25,39.78
SB Styris,Powerplay,8,12,0,0,4,66.67,33.33
SB Wagh,Death,2,3,0,0,2,66.67,66.67
SC Ganguly,Death,184,102,9,15,28,180.39,27.45
SC Ganguly,Middle,630,638,52,17,269,98.75,42.16
SC Ganguly,Powerplay,529,517,76,9,270,102.32,52.22
SD Chitnis,Death,37,36,3,0,11,102.78,30.56
SD Chitnis,Middle,55,46,7,1,18,119.57,39.13
SD Chitnis,Powerplay,1,6,0,0,5,16.67,83.33
SD Hope,Death,11,10,1,0,4,110.0,40.0
SD Hope,Middle,94,52,2,8,10,180.77,19.23
SD Hope,Powerplay,78,60,9,4,31,130.0,51.67
SD Lad,Powerplay,15,13,1,1,8,115.38,61.54
SE Bond,Middle,1,2,0,0,1,50.0,50.0
SE Marsh,Death,254,162,17,13,38,156.79,23.46
SE Marsh,Middle,1448,971,134,56,249,149.12,25.64
SE Marsh,Powerplay,771,733,116,8,360,105.18,49.11
SE Rutherford,Death,265,163,13,23,56,162.58,34.36
SE Rutherford,Middle,250,183,17,15,64,136.61,34.97
SE Rutherford,Powerplay,4,16,0,0,12,25.0,75.0
SH Johnson,Death,7,9,1,0,4,77.78,44.44
SH Johnson,Middle,1,3,0,0,2,33.33,66.67
SJ Srivastava,Death,5,5,0,0,1,100.0,20.0
SK Raina,Death,888,521,68,42,104,170.44,19.96
SK Raina,Middle,3074,2339,240,106,636,131.42,27.19
SK Raina,Powerplay,1551,1165,196,55,536,133.13,46.01
SK Rasheed,Middle,2,3,0,0,1,66.67,33.33
SK Rasheed,Powerplay,69,60,9,2,32,115.0,53.33
SK Trivedi,Death,42,57,3,1,33,73.68,57.89
SK Trivedi,Middle,0,1,0,0,1,0.0,100.0
SK Warne,Death,136,131,10,4,52,103.82,39.69
SK Warne,Middle,61,82,4,2,43,74.39,52.44
SL Malinga,Death,86,96,6,5,51,89.58,53.12
SL Malinga,Middle,2,3,0,0,1,66.67,33.33
SM Curran,Death,450,248,40,26,69,181.45,27.82
SM Curran,Middle,389,348,27,10,115,111.78,33.05
SM Curran,Powerplay,147,129,16,5,60,113.95,46.51
SM Harwood,Death,8,13,0,0,4,61.54,30.77
SM Katich,Death,20,16,0,1,1,125.0,6.25
SM Katich,Middle,75,61,7,2,23,122.95,37.7
SM Katich,Powerplay,145,108,19,5,49,134.26,45.37
SM Pollock,Death,80,42,8,5,12,190.48,28.57
SM Pollock,Middle,66,63,4,3,23,104.76,36.51
SM Pollock,Powerplay,1,6,0,0,5,16.67,83.33
SMSM Senanayake,Death,10,16,0,0,7,62.5,43.75
SN Khan,Death,300,178,35,9,41,168.54,23.03
SN Khan,Middle,267,249,27,4,92,107.23,36.95
SN Khan,Powerplay,168,111,22,7,47,151.35,42.34
SN Thakur,Death,232,168,22,9,60,138.1,35.71
SN Thakur,Middle,116,90,10,4,28,128.89,31.11
SN Thakur,Powerplay,0,4,0,0,4,0.0,100.0
SO Hetmyer,Death,956,553,61,64,149,172.88,26.94
SO Hetmyer,Middle,534,420,30,29,146,127.14,34.76
SO Hetmyer,Powerplay,74,71,8,3,37,104.23,52.11
SP Fleming,Middle,76,54,10,1,17,140.74,31.48
SP Fleming,Powerplay,116,108,16,2,57,107.41,52.78
SP Goswami,Death,26,22,1,1,6,118.18,27.27
SP Goswami,Middle,104,106,10,1,41,98.11,38.68
SP Goswami,Powerplay,162,165,21,1,82,98.18,49.7
SP Jackson,Death,34,30,2,0,6,113.33,20.0
SP Jackson,Middle,17,18,1,1,9,94.44,50.0
SP Jackson,Powerplay,10,9,2,0,5,111.11,55.56
SP Narine,Death,160,132,11,10,54,121.21,40.91
SP Narine,Middle,486,279,37,38,103,174.19,36.92
SP Narine,Powerplay,1172,688,143,72,299,170.35,43.46
SPD Smith,Death,679,426,60,27,96,159.39,22.54
SPD Smith,Middle,1276,1091,96,21,306,116.96,28.05
SPD Smith,Powerplay,506,414,66,10,175,122.22,42.27
SR Dubey,Death,4,2,1,0,1,200.0,50.0
SR Tendulkar,Death,224,136,28,6,36,164.71,26.47
SR Tendulkar,Middle,967,828,93,13,241,116.79,29.11
SR Tendulkar,Powerplay,1140,977,175,10,448,116.68,45.85
SR Watson,Death,448,242,37,26,57,185.12,23.55
SR Watson,Middle,1997,1302,165,110,418,153.38,32.1
SR Watson,Powerplay,1419,1257,172,54,654,112.89,52.03
SS Cottrell,Death,0,2,0,0,2,0.0,100.0
SS Iyer,Death,819,440,57,57,102,186.14,23.18
SS Iyer,Middle,2374,1736,163,102,463,136.75,26.67
SS Iyer,Powerplay,1030,909,133,23,434,113.31,47.74
SS Mishra,Death,1,3,0,0,2,33.33,66.67
SS Prabhudessai,Death,24,20,1,2,11,120.0,55.0
SS Prabhudessai,Middle,94,73,9,2,27,128.77,36.99
SS Prabhudessai,Powerplay,8,12,1,0,7,66.67,58.33
SS Shaikh,Middle,6,7,1,0,4,85.71,57.14
SS Tiwary,Death,452,312,34,17,74,144.87,23.72
SS Tiwary,Middle,869,764,54,31,262,113.74,34.29
SS Tiwary,Powerplay,168,159,23,2,77,105.66,48.43
ST Jayasuriya,Middle,253,165,23,12,52,153.33,31.52
ST Jayasuriya,Powerplay,507,364,61,26,184,139.29,50.55
STR Binny,Death,396,262,26,19,68,151.15,25.95
STR Binny,Middle,465,395,37,16,154,117.72,38.99
STR Binny,Powerplay,18,25,3,0,17,72.0,68.0
SU Parakh,Middle,22,19,3,0,7,115.79,36.84
SU Parakh,Powerplay,24,14,2,2,7,171.43,50.0
SV Samson,Death,852,442,64,57,100,192.76,22.62
SV Samson,Middle,2702,1945,162,133,529,138.92,27.2
SV Samson,Powerplay,1615,1266,205,53,586,127.57,46.29
SW Billings,Death,118,70,6,8,19,168.57,27.14
SW Billings,Middle,254,218,14,11,72,116.51,33.03
SW Billings,Powerplay,125,97,20,0,38,128.87,39.18
SW Tait,Death,13,17,1,0,7,76.47,41.18
SW Tait,Middle,10,9,0,1,4,111.11,44.44
SZ Mulani,Death,1,1,0,0,0,100.0,0.0
Sachin Baby,Death,94,58,9,4,18,162.07,31.03
Sachin Baby,Middle,48,54,2,1,22,88.89,40.74
Sachin Baby,Powerplay,0,3,0,0,3,0.0,100.0
Sakib Hussain,Death,5,7,1,0,5,71.43,71.43
Salil Arora,Middle,35,21,2,2,5,166.67,23.81
Salman Butt,Death,16,6,4,0,2,266.67,33.33
Salman Butt,Middle,73,57,8,1,15,128.07,26.32
Salman Butt,Powerplay,103,97,18,1,53,106.19,54.64
Sameer Rizvi,Death,131,65,7,11,14,201.54,21.54
Sameer Rizvi,Middle,275,196,20,15,68,140.31,34.69
Sameer Rizvi,Powerplay,18,32,3,0,22,56.25,68.75
Sandeep Sharma,Death,47,59,3,0,22,79.66,37.29
Sandeep Sharma,Middle,12,15,1,0,6,80.0,40.0
Sanvir Singh,Death,18,14,2,0,2,128.57,14.29
Sanvir Singh,Middle,0,2,0,0,2,0.0,100.0
Sanvir Singh,Powerplay,7,5,0,1,3,140.0,60.0
Saurav Chauhan,Death,17,13,1,1,5,130.77,38.46
Saurav Chauhan,Middle,1,2,0,0,1,50.0,50.0
Sediqullah Atal,Middle,22,16,0,2,5,137.5,31.25
Shahbaz Ahmed,Death,315,214,18,19,65,147.2,30.37
Shahbaz Ahmed,Middle,266,247,15,8,80,107.69,32.39
Shahbaz Ahmed,Powerplay,21,26,0,1,12,80.77,46.15
Shahid Afridi,Death,22,10,2,2,4,220.0,40.0
Shahid Afridi,Middle,16,18,1,1,10,88.89,55.56
Shahid Afridi,Powerplay,43,18,4,3,5,238.89,27.78
Shakib Al Hasan,Death,322,232,28,10,58,138.79,25.0
Shakib Al Hasan,Middle,429,366,39,10,124,117.21,33.88
Shakib Al Hasan,Powerplay,37,37,5,1,19,100.0,51.35
Shashank Singh,Death,512,262,38,33,50,195.42,19.08
Shashank Singh,Middle,359,273,23,18,82,131.5,30.04
Shashank Singh,Powerplay,34,25,6,0,10,136.0,40.0
Shivam Mavi,Death,48,51,4,2,27,94.12,52.94
Shivam Mavi,Middle,3,5,0,0,2,60.0,40.0
Shivam Sharma,Death,5,3,1,0,1,166.67,33.33
Shivam Singh,Death,2,3,0,0,1,66.67,33.33
Shivang Kumar,Death,40,28,6,1,12,142.86,42.86
Shivang Kumar,Middle,12,17,0,0,7,70.59,41.18
Shoaib Ahmed,Death,0,4,0,0,4,0.0,100.0
Shoaib Ahmed,Middle,1,2,0,0,1,50.0,50.0
Shoaib Akhtar,Death,0,2,0,0,2,0.0,100.0
Shoaib Akhtar,Middle,2,5,0,0,3,40.0,60.0
Shoaib Malik,Death,8,7,1,0,2,114.29,28.57
Shoaib Malik,Middle,26,26,1,0,7,100.0,26.92
Shoaib Malik,Powerplay,17,13,3,0,4,130.77,30.77
Shubman Gill,Death,473,302,35,22,70,156.62,23.18
Shubman Gill,Middle,2078,1408,149,79,318,147.59,22.59
Shubman Gill,Powerplay,2035,1513,260,51,594,134.5,39.26
Sikandar Raza,Death,47,34,3,2,12,138.24,35.29
Sikandar Raza,Middle,127,93,9,6,34,136.56,36.56
Sikandar Raza,Powerplay,8,9,0,0,4,88.89,44.44
Simarjeet Singh,Death,8,12,0,0,5,66.67,41.67
Simarjeet Singh,Middle,2,3,0,0,2,66.67,66.67
Sohail Tanvir,Death,11,10,0,0,1,110.0,10.0
Sohail Tanvir,Middle,11,10,2,0,5,110.0,50.0
Sohail Tanvir,Powerplay,13,8,1,1,3,162.5,37.5
Sumit Kumar,Death,2,10,0,0,7,20.0,70.0
Sumit Kumar,Middle,16,12,2,1,5,133.33,41.67
Sumit Kumar,Powerplay,0,2,0,0,2,0.0,100.0
Sunny Gupta,Death,0,1,0,0,1,0.0,100.0
Sunny Singh,Death,7,9,1,0,4,77.78,44.44
Sunny Singh,Middle,21,14,2,1,4,150.0,28.57
Sunny Singh,Powerplay,15,8,3,0,3,187.5,37.5
Suryansh Shedge,Death,43,29,3,3,10,148.28,34.48
Suryansh Shedge,Middle,106,63,4,8,14,168.25,22.22
Suryansh Shedge,Powerplay,16,9,2,1,5,177.78,55.56
Swapnil Singh,Death,26,19,1,2,7,136.84,36.84
Swapnil Singh,Middle,25,26,2,1,12,96.15,46.15
T Banton,Powerplay,18,20,1,1,11,90.0,55.0
T Dahiya,Death,11,12,2,0,7,91.67,58.33
T Dahiya,Middle,1,3,0,0,2,33.33,66.67
T Henderson,Middle,9,6,0,1,2,150.0,33.33
T Henderson,Powerplay,2,9,0,0,8,22.22,88.89
T Kohler-Cadmore,Middle,1,3,0,0,2,33.33,66.67
T Kohler-Cadmore,Powerplay,47,51,7,1,30,92.16,58.82
T Kohli,Death,4,7,0,0,3,57.14,42.86
T Kohli,Powerplay,7,12,0,1,10,58.33,83.33
T Natarajan,Death,4,7,0,0,3,57.14,42.86
T Shamsi,Death,2,4,0,0,2,50.0,50.0
T Stubbs,Death,540,274,46,29,45,197.08,16.42
T Stubbs,Middle,394,332,17,16,90,118.67,27.11
T Stubbs,Powerplay,46,41,6,1,20,112.2,48.78
T Taibu,Death,12,8,1,0,2,150.0,25.0
T Taibu,Middle,19,18,2,0,7,105.56,38.89
T Thushara,Death,12,18,0,0,9,66.67,50.0
TA Boult,Death,85,76,4,4,32,111.84,42.11
TA Boult,Middle,8,9,1,0,4,88.89,44.44
TD Paine,Powerplay,10,26,0,0,14,38.46,53.85
TG Southee,Death,106,79,7,4,28,134.18,35.44
TG Southee,Middle,14,27,1,0,17,51.85,62.96
TH David,Death,832,426,51,66,113,195.31,26.53
TH David,Middle,301,216,24,15,71,139.35,32.87
TK Curran,Death,69,50,5,3,14,138.0,28.0
TK Curran,Middle,58,57,5,0,20,101.75,35.09
TL Seifert,Death,2,4,0,0,1,50.0,25.0
TL Seifert,Powerplay,43,37,6,1,20,116.22,54.05
TL Suman,Death,144,106,10,6,29,135.85,27.36
TL Suman,Middle,347,286,23,14,101,121.33,35.31
TL Suman,Powerplay,185,181,22,6,100,102.21,55.25
TM Dilshan,Death,191,114,16,9,23,167.54,20.18
TM Dilshan,Middle,463,448,45,7,170,103.35,37.95
TM Dilshan,Powerplay,484,439,76,8,228,110.25,51.94
TM Head,Death,99,55,6,5,10,180.0,18.18
TM Head,Middle,446,290,30,24,73,153.79,25.17
TM Head,Powerplay,1005,562,135,49,217,178.83,38.61
TM Srivastava,Death,6,7,0,0,3,85.71,42.86
TM Srivastava,Middle,2,4,0,0,2,50.0,50.0
TR Birt,Death,60,36,9,2,14,166.67,38.89
TR Birt,Middle,15,21,0,0,10,71.43,47.62
TS Mills,Death,6,9,0,1,7,66.67,77.78
TS Mills,Middle,2,5,0,0,3,40.0,60.0
TU Deshpande,Death,54,35,2,4,9,154.29,25.71
TU Deshpande,Middle,0,1,0,0,1,0.0,100.0
Tanush Kotian,Middle,6,11,0,0,6,54.55,54.55
Tanush Kotian,Powerplay,18,20,3,0,11,90.0,55.0
Tilak Varma,Death,542,272,44,37,66,199.26,24.26
Tilak Varma,Middle,1121,844,81,47,248,132.82,29.38
Tilak Varma,Powerplay,186,162,18,6,67,114.81,41.36
U Kaul,Death,0,1,0,0,1,0.0,100.0
UA Birla,Middle,1,5,0,0,4,20.0,80.0
UA Birla,Powerplay,6,9,1,0,6,66.67,66.67
UBT Chand,Death,30,18,5,0,4,166.67,22.22
UBT Chand,Middle,150,139,14,3,52,107.91,37.41
UBT Chand,Powerplay,120,142,13,6,92,84.51,64.79
UT Khawaja,Middle,20,25,1,0,10,80.0,40.0
UT Khawaja,Powerplay,107,74,13,3,26,144.59,35.14
UT Yadav,Death,205,188,16,9,83,109.04,44.15
UT Yadav,Middle,3,13,0,0,10,23.08,76.92
Umar Gul,Death,39,19,1,5,6,205.26,31.58
Umran Malik,Death,17,15,1,1,7,113.33,46.67
Urvil Patel,Middle,53,28,6,3,9,189.29,32.14
Urvil Patel,Powerplay,144,68,5,17,29,211.76,42.65
V Kohli,Death,1568,830,119,93,184,188.92,22.17
V Kohli,Middle,4275,3399,290,136,927,125.77,27.27
V Kohli,Powerplay,3483,2682,437,87,1069,129.87,39.86
V Nigam,Death,84,48,10,4,14,175.0,29.17
V Nigam,Middle,53,33,5,3,11,160.61,33.33
V Nigam,Powerplay,20,7,3,1,1,285.71,14.29
V Pratap Singh,Death,0,1,0,0,1,0.0,100.0
V Sehwag,Death,73,33,8,5,9,221.21,27.27
V Sehwag,Middle,1054,611,96,54,140,172.5,22.91
V Sehwag,Powerplay,1586,1096,229,46,452,144.71,41.24
V Shankar,Death,510,308,30,30,67,165.58,21.75
V Shankar,Middle,590,509,41,16,154,115.91,30.26
V Shankar,Powerplay,127,130,16,2,66,97.69,50.77
V Suryavanshi,Death,29,10,2,3,3,290.0,30.0
V Suryavanshi,Middle,330,144,19,33,37,229.17,25.69
V Suryavanshi,Powerplay,665,293,59,60,111,226.96,37.88
V Viyaskanth,Death,7,5,0,0,0,140.0,0.0
VG Arora,Death,10,20,0,0,10,50.0,50.0
VG Arora,Middle,0,7,0,0,7,0.0,100.0
VH Zol,Middle,7,5,1,0,1,140.0,20.0
VH Zol,Powerplay,22,21,2,1,12,104.76,57.14
VR Aaron,Death,49,70,2,2,41,70.0,58.57
VR Aaron,Middle,0,1,0,0,1,0.0,100.0
VR Iyer,Death,217,135,21,11,43,160.74,31.85
VR Iyer,Middle,763,546,55,34,153,139.74,28.02
VR Iyer,Powerplay,691,499,81,32,230,138.48,46.09
VRV Singh,Death,4,3,1,0,1,133.33,33.33
VS Malik,Death,7,7,1,0,2,100.0,28.57
VS Yeligati,Death,2,2,0,0,1,100.0,50.0
VVS Laxman,Death,3,6,0,0,2,50.0,33.33
VVS Laxman,Middle,92,73,9,1,17,126.03,23.29
VVS Laxman,Powerplay,181,187,24,3,94,96.79,50.27
VY Mahesh,Death,12,19,0,0,8,63.16,42.11
VY Mahesh,Middle,3,8,0,0,5,37.5,62.5
Vijaykumar Vyshak,Death,16,16,0,1,6,100.0,37.5
Virat Singh,Middle,15,24,1,0,11,62.5,45.83
Virat Singh,Powerplay,0,2,0,0,2,0.0,100.0
Vishnu Vinod,Death,26,18,1,2,5,144.44,27.78
Vishnu Vinod,Middle,34,25,2,2,8,136.0,32.0
Vishnu Vinod,Powerplay,10,21,1,0,14,47.62,66.67
Vivrant Sharma,Middle,42,23,4,2,4,182.61,17.39
Vivrant Sharma,Powerplay,27,24,5,0,10,112.5,41.67
W Jaffer,Middle,53,32,5,2,6,165.62,18.75
W Jaffer,Powerplay,77,89,9,1,49,86.52,55.06
WA Mota,Death,23,27,1,0,8,85.19,29.63
WA Mota,Middle,33,48,1,0,19,68.75,39.58
WD Parnell,Death,49,58,2,1,23,84.48,39.66
WD Parnell,Middle,5,8,0,0,4,62.5,50.0
WD Parnell,Powerplay,11,14,2,0,7,78.57,50.0
WG Jacks,Death,73,25,3,8,2,292.0,8.0
WG Jacks,Middle,285,198,20,17,63,143.94,31.82
WG Jacks,Powerplay,237,154,27,12,62,153.9,40.26
WP Saha,Death,557,353,40,24,78,157.79,22.1
WP Saha,Middle,987,898,65,22,274,109.91,30.51
WP Saha,Powerplay,1385,1045,190,41,460,132.54,44.02
WPUJC Vaas,Death,53,52,2,1,16,101.92,30.77
WPUJC Vaas,Middle,22,20,0,1,6,110.0,30.0
Washington Sundar,Death,480,308,42,20,84,155.84,27.27
Washington Sundar,Middle,344,299,32,6,96,115.05,32.11
Washington Sundar,Powerplay,59,46,7,2,20,128.26,43.48
X Thalaivan Sargunam,Death,2,3,0,0,2,66.67,66.67
X Thalaivan Sargunam,Middle,8,14,0,0,7,57.14,50.0
XC Bartlett,Death,30,14,2,2,1,214.29,7.14
XC Bartlett,Middle,10,14,1,0,7,71.43,50.0
Y Gnaneswara Rao,Middle,4,4,1,0,3,100.0,75.0
Y Gnaneswara Rao,Powerplay,15,13,2,0,5,115.38,38.46
Y Nagar,Death,179,127,15,8,41,140.94,32.28
Y Nagar,Middle,104,129,5,1,49,80.62,37.98
Y Nagar,Powerplay,2,3,0,0,1,66.67,33.33
Y Prithvi Raj,Death,0,1,0,0,1,0.0,100.0
Y Venugopal Rao,Death,382,249,31,17,62,153.41,24.9
Y Venugopal Rao,Middle,522,487,36,20,188,107.19,38.6
Y Venugopal Rao,Powerplay,76,96,9,0,54,79.17,56.25
YA Abdulla,Death,0,1,0,0,0,0.0,0.0
YBK Jaiswal,Death,88,42,9,6,12,209.52,28.57
YBK Jaiswal,Middle,825,598,70,31,161,137.96,26.92
YBK Jaiswal,Powerplay,1668,1052,231,72,470,158.56,44.68
YK Pathan,Death,1121,696,93,56,184,161.06,26.44
YK Pathan,Middle,1729,1294,123,89,453,133.62,35.01
YK Pathan,Powerplay,360,243,47,16,107,148.15,44.03
YS Chahal,Death,33,63,0,0,31,52.38,49.21
YS Chahal,Middle,4,23,0,0,21,17.39,91.3
YV Dhull,Middle,14,14,1,0,3,100.0,21.43
YV Dhull,Powerplay,2,9,0,0,7,22.22,77.78
YV Takawale,Death,28,12,4,1,1,233.33,8.33
YV Takawale,Middle,42,33,3,1,7,127.27,21.21
YV Takawale,Powerplay,121,132,19,1,81,91.67,61.36
Yash Dayal,Death,4,8,0,0,5,50.0,62.5
Yash Dayal,Middle,0,1,0,0,1,0.0,100.0
Yashpal Singh,Death,17,13,3,0,5,130.77,38.46
Yashpal Singh,Middle,13,17,0,0,6,76.47,35.29
Yashpal Singh,Powerplay,17,35,2,0,26,48.57,74.29
Younis Khan,Powerplay,3,7,0,0,4,42.86,57.14
Yudhvir Singh,Death,20,12,1,2,6,166.67,50.0
Yudhvir Singh,Middle,2,4,0,0,2,50.0,50.0
Yuvraj Singh,Death,894,494,60,68,151,180.97,30.57
Yuvraj Singh,Middle,1655,1435,130,76,611,115.33,42.58
Yuvraj Singh,Powerplay,193,186,26,5,102,103.76,54.84
Z Khan,Death,107,108,11,2,48,99.07,44.44
Z Khan,Middle,9,29,0,0,20,31.03,68.97
Z Khan,Powerplay,0,3,0,0,3,0.0,100.0
