bowler,phase,legal_balls,runs_conceded,wickets,dot_balls,fours_conceded,sixes_conceded,economy,dot_ball_rate,wicket_rate_per_100_balls
A Ashish Reddy,Death,101,169,11,27,7,11,10.04,26.73,10.89
A Ashish Reddy,Middle,155,211,7,50,17,7,8.17,32.26,4.52
A Ashish Reddy,Powerplay,6,20,0,2,2,2,20.0,33.33,0.0
A Badoni,Death,16,19,2,4,0,1,7.12,25.0,12.5
A Badoni,Middle,24,45,2,3,2,3,11.25,12.5,8.33
A Badoni,Powerplay,1,0,0,1,0,0,0.0,100.0,0.0
A Chandila,Death,6,6,0,1,0,0,6.0,16.67,0.0
A Chandila,Middle,84,100,1,32,4,6,7.14,38.1,1.19
A Chandila,Powerplay,144,139,10,70,13,4,5.79,48.61,6.94
A Choudhary,Death,24,40,1,7,2,2,10.0,29.17,4.17
A Choudhary,Middle,41,58,1,17,6,2,8.49,41.46,2.44
A Choudhary,Powerplay,36,46,3,18,5,2,7.67,50.0,8.33
A Dananjaya,Middle,18,35,0,4,1,3,11.67,22.22,0.0
A Dananjaya,Powerplay,6,12,0,2,1,1,12.0,33.33,0.0
A Flintoff,Death,24,59,1,3,4,5,14.75,12.5,4.17
A Flintoff,Middle,30,26,1,14,1,1,5.2,46.67,3.33
A Flintoff,Powerplay,12,21,0,3,2,1,10.5,25.0,0.0
A Kamboj,Death,131,242,14,44,18,17,11.08,33.59,10.69
A Kamboj,Middle,78,130,4,25,11,6,10.0,32.05,5.13
A Kamboj,Powerplay,282,451,13,117,47,25,9.6,41.49,4.61
A Kumble,Death,167,217,17,58,13,10,7.8,34.73,10.18
A Kumble,Middle,690,782,25,252,48,24,6.8,36.52,3.62
A Kumble,Powerplay,108,90,3,64,11,1,5.0,59.26,2.78
A Mishra,Death,521,831,42,167,41,54,9.57,32.05,8.06
A Mishra,Middle,2712,3188,126,952,179,123,7.05,35.1,4.65
A Mishra,Powerplay,138,174,6,66,19,7,7.57,47.83,4.35
A Mithun,Death,78,155,4,23,14,9,11.92,29.49,5.13
A Mithun,Middle,144,217,2,41,17,7,9.04,28.47,1.39
A Mithun,Powerplay,66,105,1,26,11,5,9.55,39.39,1.52
A Nehra,Death,527,794,54,160,57,36,9.04,30.36,10.25
A Nehra,Middle,288,356,12,101,34,8,7.42,35.07,4.17
A Nehra,Powerplay,1093,1387,40,537,188,32,7.61,49.13,3.66
A Nel,Death,6,8,0,4,0,1,8.0,66.67,0.0
A Nel,Middle,6,11,0,1,2,0,11.0,16.67,0.0
A Nel,Powerplay,6,12,1,2,1,1,12.0,33.33,16.67
A Nortje,Death,440,756,27,135,56,44,10.31,30.68,6.14
A Nortje,Middle,236,346,12,83,28,15,8.8,35.17,5.08
A Nortje,Powerplay,444,638,22,204,80,19,8.62,45.95,4.95
A Singh,Death,161,272,16,46,24,12,10.14,28.57,9.94
A Singh,Middle,48,59,1,18,7,1,7.38,37.5,2.08
A Singh,Powerplay,264,308,11,125,36,4,7.0,47.35,4.17
A Symonds,Death,83,147,5,22,7,11,10.63,26.51,6.02
A Symonds,Middle,330,437,11,106,25,20,7.95,32.12,3.33
A Symonds,Powerplay,114,110,4,62,12,2,5.79,54.39,3.51
A Uniyal,Death,18,27,1,3,3,0,9.0,16.67,5.56
A Uniyal,Middle,6,18,0,1,1,2,18.0,16.67,0.0
A Uniyal,Powerplay,12,22,1,4,2,1,11.0,33.33,8.33
A Zampa,Death,89,166,13,27,11,13,11.19,30.34,14.61
A Zampa,Middle,336,442,16,95,21,21,7.89,28.27,4.76
A Zampa,Powerplay,42,48,2,17,4,1,6.86,40.48,4.76
AA Chavan,Death,14,32,3,4,4,2,13.71,28.57,21.43
AA Chavan,Middle,90,143,2,24,11,6,9.53,26.67,2.22
AA Chavan,Powerplay,144,164,3,72,13,8,6.83,50.0,2.08
AA Jhunjhunwala,Death,1,2,0,0,0,0,12.0,0.0,0.0
AA Jhunjhunwala,Middle,54,81,1,16,5,3,9.0,29.63,1.85
AA Jhunjhunwala,Powerplay,30,47,0,11,5,2,9.4,36.67,0.0
AA Kazi,Middle,12,21,0,2,1,1,10.5,16.67,0.0
AA Noffke,Death,12,11,1,5,1,0,5.5,41.67,8.33
AA Noffke,Middle,6,7,0,0,0,0,7.0,0.0,0.0
AA Noffke,Powerplay,6,23,0,1,1,2,23.0,16.67,0.0
AB Agarkar,Death,182,311,7,40,23,15,10.25,21.98,3.85
AB Agarkar,Middle,420,568,16,137,53,14,8.11,32.62,3.81
AB Agarkar,Powerplay,180,295,6,77,37,12,9.83,42.78,3.33
AB Dinda,Death,412,767,26,107,68,40,11.17,25.97,6.31
AB Dinda,Middle,294,326,10,112,24,5,6.65,38.1,3.4
AB Dinda,Powerplay,810,1010,33,408,140,13,7.48,50.37,4.07
AB McDonald,Death,30,51,3,9,3,4,10.2,30.0,10.0
AB McDonald,Middle,114,148,5,27,11,4,7.79,23.68,4.39
AB McDonald,Powerplay,42,64,3,14,6,3,9.14,33.33,7.14
AC Gilchrist,Death,1,0,1,1,0,0,0.0,100.0,100.0
AC Thomas,Death,111,193,4,20,14,7,10.43,18.02,3.6
AC Thomas,Middle,24,27,3,8,2,0,6.75,33.33,12.5
AC Thomas,Powerplay,180,196,7,98,25,4,6.53,54.44,3.89
AC Voges,Death,6,5,0,1,0,0,5.0,16.67,0.0
AC Voges,Middle,36,45,0,9,2,2,7.5,25.0,0.0
AC Voges,Powerplay,12,26,0,5,6,0,13.0,41.67,0.0
AD Mascarenhas,Death,26,42,2,6,3,1,9.69,23.08,7.69
AD Mascarenhas,Middle,114,117,5,38,9,0,6.16,33.33,4.39
AD Mascarenhas,Powerplay,168,206,12,80,22,7,7.36,47.62,7.14
AD Mathews,Death,155,225,9,38,17,8,8.71,24.52,5.81
AD Mathews,Middle,510,685,12,136,57,15,8.06,26.67,2.35
AD Mathews,Powerplay,126,185,6,50,24,6,8.81,39.68,4.76
AD Russell,Death,586,1066,51,174,90,60,10.91,29.69,8.7
AD Russell,Middle,813,1259,49,256,110,54,9.29,31.49,6.03
AD Russell,Powerplay,407,584,23,182,74,16,8.61,44.72,5.65
AF Milne,Death,65,110,4,18,9,5,10.15,27.69,6.15
AF Milne,Middle,54,90,1,13,9,3,10.0,24.07,1.85
AF Milne,Powerplay,108,181,2,40,19,7,10.06,37.04,1.85
AG Murtaza,Death,24,54,0,3,2,3,13.5,12.5,0.0
AG Murtaza,Middle,162,216,7,51,16,10,8.0,31.48,4.32
AG Murtaza,Powerplay,78,52,2,47,4,1,4.0,60.26,2.56
AJ Finch,Death,7,6,0,4,1,0,5.14,57.14,0.0
AJ Finch,Middle,30,58,1,5,3,4,11.6,16.67,3.33
AJ Finch,Powerplay,6,3,0,4,0,0,3.0,66.67,0.0
AJ Hosein,Death,10,14,1,3,0,1,8.4,30.0,10.0
AJ Hosein,Middle,78,101,5,19,2,6,7.77,24.36,6.41
AJ Hosein,Powerplay,84,124,3,41,16,6,8.86,48.81,3.57
AJ Tye,Death,288,463,24,77,36,19,9.65,26.74,8.33
AJ Tye,Middle,204,282,7,44,23,6,8.29,21.57,3.43
AJ Tye,Powerplay,192,260,11,87,31,8,8.12,45.31,5.73
AK Markram,Death,13,30,0,2,2,2,13.85,15.38,0.0
AK Markram,Middle,168,269,5,36,11,18,9.61,21.43,2.98
AK Markram,Powerplay,42,59,1,17,5,3,8.43,40.48,2.38
AL Menaria,Death,20,48,0,4,6,2,14.4,20.0,0.0
AL Menaria,Middle,42,41,2,15,3,1,5.86,35.71,4.76
AL Menaria,Powerplay,48,55,1,21,6,1,6.88,43.75,2.08
AM Ghazanfar,Death,35,74,4,15,6,7,12.69,42.86,11.43
AM Ghazanfar,Middle,138,208,4,30,12,10,9.04,21.74,2.9
AM Ghazanfar,Powerplay,60,108,7,24,11,7,10.8,40.0,11.67
AM Nayar,Death,6,9,1,1,1,0,9.0,16.67,16.67
AM Nayar,Middle,217,304,8,65,19,13,8.41,29.95,3.69
AM Nayar,Powerplay,6,10,0,3,2,0,10.0,50.0,0.0
AM Rahane,Middle,6,5,1,2,0,0,5.0,33.33,16.67
AM Salvi,Death,30,46,2,4,3,1,9.2,13.33,6.67
AM Salvi,Middle,54,80,4,23,5,4,8.89,42.59,7.41
AM Salvi,Powerplay,66,79,1,30,10,2,7.18,45.45,1.52
AN Ahmed,Death,92,177,6,24,9,11,11.54,26.09,6.52
AN Ahmed,Middle,114,151,3,33,14,3,7.95,28.95,2.63
AN Ahmed,Powerplay,138,187,3,63,20,6,8.13,45.65,2.17
AP Dole,Death,12,22,1,4,2,1,11.0,33.33,8.33
AP Dole,Middle,24,30,2,6,2,0,7.5,25.0,8.33
AP Dole,Powerplay,30,62,2,10,7,3,12.4,33.33,6.67
AR Patel,Death,382,559,22,118,32,31,8.78,30.89,5.76
AR Patel,Middle,2507,3016,96,778,164,119,7.22,31.03,3.83
AR Patel,Powerplay,696,928,21,271,85,40,8.0,38.94,3.02
AS Joseph,Death,128,215,12,38,13,11,10.08,29.69,9.38
AS Joseph,Middle,198,310,7,70,21,20,9.39,35.35,3.54
AS Joseph,Powerplay,108,182,2,54,19,12,10.11,50.0,1.85
AS Rajpoot,Death,102,203,9,18,18,9,11.94,17.65,8.82
AS Rajpoot,Middle,157,222,6,58,22,6,8.48,36.94,3.82
AS Rajpoot,Powerplay,270,419,9,116,49,16,9.31,42.96,3.33
AS Raut,Death,12,13,0,3,1,0,6.5,25.0,0.0
AS Raut,Middle,18,32,0,3,3,1,10.67,16.67,0.0
AS Roy,Death,35,56,3,10,3,3,9.6,28.57,8.57
AS Roy,Middle,174,242,10,57,14,11,8.34,32.76,5.75
AS Roy,Powerplay,114,184,2,39,19,9,9.68,34.21,1.75
AU Rashid,Death,6,10,0,1,0,1,10.0,16.67,0.0
AU Rashid,Middle,54,81,2,19,4,6,9.0,35.19,3.7
AUK Pathan,Death,15,28,0,4,2,2,11.2,26.67,0.0
AUK Pathan,Middle,24,35,0,5,3,0,8.75,20.83,0.0
Abdul Samad,Death,9,32,0,1,1,3,21.33,11.11,0.0
Abdul Samad,Middle,48,93,2,11,5,7,11.62,22.92,4.17
Abdur Razzak,Middle,12,29,0,5,3,1,14.5,41.67,0.0
Abhinandan Singh,Death,10,16,2,4,0,2,9.6,40.0,20.0
Abhinandan Singh,Middle,24,37,1,5,5,0,9.25,20.83,4.17
Abhinandan Singh,Powerplay,24,69,0,6,8,5,17.25,25.0,0.0
Abhishek Sharma,Death,23,60,1,3,3,6,15.65,13.04,4.35
Abhishek Sharma,Middle,258,370,10,67,25,15,8.6,25.97,3.88
Abhishek Sharma,Powerplay,84,128,0,27,12,6,9.14,32.14,0.0
Akash Deep,Death,44,117,2,9,7,10,15.95,20.45,4.55
Akash Deep,Middle,114,212,3,35,18,13,11.16,30.7,2.63
Akash Deep,Powerplay,120,225,5,45,23,10,11.25,37.5,4.17
Akash Madhwal,Death,136,260,9,38,21,13,11.47,27.94,6.62
Akash Madhwal,Middle,138,233,9,30,16,11,10.13,21.74,6.52
Akash Madhwal,Powerplay,78,105,5,37,18,1,8.08,47.44,6.41
Akash Singh,Death,12,27,1,1,2,2,13.5,8.33,8.33
Akash Singh,Middle,66,117,4,15,10,6,10.64,22.73,6.06
Akash Singh,Powerplay,169,262,8,75,37,8,9.3,44.38,4.73
Aman Hakim Khan,Middle,6,13,0,1,1,1,13.0,16.67,0.0
Anand Rajan,Death,41,80,5,13,6,6,11.71,31.71,12.2
Anand Rajan,Middle,66,79,3,20,5,1,7.18,30.3,4.55
Anand Rajan,Powerplay,42,47,0,24,6,1,6.71,57.14,0.0
Ankit Sharma,Death,25,49,0,6,0,5,11.76,24.0,0.0
Ankit Sharma,Middle,198,252,6,63,11,11,7.64,31.82,3.03
Ankit Sharma,Powerplay,144,152,6,68,17,2,6.33,47.22,4.17
Ankit Soni,Death,1,4,0,0,1,0,24.0,0.0,0.0
Ankit Soni,Middle,102,138,2,33,7,7,8.12,32.35,1.96
Ankit Soni,Powerplay,6,3,0,4,0,0,3.0,66.67,0.0
Anureet Singh,Death,130,243,9,35,19,15,11.22,26.92,6.92
Anureet Singh,Middle,120,194,2,29,19,4,9.7,24.17,1.67
Anureet Singh,Powerplay,162,199,7,75,27,3,7.37,46.3,4.32
Arjun Tendulkar,Death,17,41,1,3,4,2,14.47,17.65,5.88
Arjun Tendulkar,Middle,26,55,2,6,6,3,12.69,23.08,7.69
Arjun Tendulkar,Powerplay,54,57,1,27,4,1,6.33,50.0,1.85
Arshad Khan,Death,94,205,6,26,19,12,13.09,27.66,6.38
Arshad Khan,Middle,84,144,5,34,13,9,10.29,40.48,5.95
Arshad Khan,Powerplay,186,326,7,73,40,13,10.52,39.25,3.76
Arshad Khan (2),Middle,12,25,0,4,5,0,12.5,33.33,0.0
Arshdeep Singh,Death,676,1132,53,196,94,49,10.05,28.99,7.84
Arshdeep Singh,Middle,360,549,15,99,52,16,9.15,27.5,4.17
Arshdeep Singh,Powerplay,996,1485,43,419,193,35,8.95,42.07,4.32
Ashok Sharma,Death,48,95,5,17,9,5,11.88,35.42,10.42
Ashok Sharma,Middle,54,77,1,25,5,5,8.56,46.3,1.85
Ashok Sharma,Powerplay,24,61,0,6,7,4,15.25,25.0,0.0
Ashwani Kumar,Death,45,110,5,15,6,11,14.67,33.33,11.11
Ashwani Kumar,Middle,102,159,8,29,20,3,9.35,28.43,7.84
Ashwani Kumar,Powerplay,36,67,4,13,7,4,11.17,36.11,11.11
Atharva Taide,Death,1,4,0,0,1,0,24.0,0.0,0.0
Auqib Nabi,Middle,6,10,0,2,2,0,10.0,33.33,0.0
Auqib Nabi,Powerplay,72,141,0,22,9,10,11.75,30.56,0.0
Avesh Khan,Death,652,1072,44,179,87,47,9.87,27.45,6.75
Avesh Khan,Middle,510,722,27,179,64,29,8.49,35.1,5.29
Avesh Khan,Powerplay,605,981,22,252,118,43,9.73,41.65,3.64
Azhar Mahmood,Death,207,339,17,56,36,12,9.83,27.05,8.21
Azhar Mahmood,Middle,186,205,6,76,20,3,6.61,40.86,3.23
Azhar Mahmood,Powerplay,144,163,6,67,17,3,6.79,46.53,4.17
Azmatullah Omarzai,Death,66,117,4,16,15,3,10.64,24.24,6.06
Azmatullah Omarzai,Middle,96,143,7,28,11,5,8.94,29.17,7.29
Azmatullah Omarzai,Powerplay,192,319,4,74,33,16,9.97,38.54,2.08
B Akhil,Death,50,93,2,12,7,6,11.16,24.0,4.0
B Akhil,Middle,132,141,4,47,9,3,6.41,35.61,3.03
B Akhil,Powerplay,6,12,0,1,2,0,12.0,16.67,0.0
B Chipli,Middle,6,20,0,1,1,2,20.0,16.67,0.0
B Geeves,Death,6,10,0,3,2,0,10.0,50.0,0.0
B Geeves,Middle,18,31,1,5,6,0,10.33,27.78,5.56
B Geeves,Powerplay,24,50,0,7,9,1,12.5,29.17,0.0
B Kumar,Death,1605,2543,118,419,205,95,9.51,26.11,7.35
B Kumar,Middle,452,650,11,121,60,18,8.63,26.77,2.43
B Kumar,Powerplay,2543,2852,97,1357,342,73,6.73,53.36,3.81
B Laughlin,Death,71,140,5,18,13,6,11.83,25.35,7.04
B Laughlin,Middle,61,83,2,15,7,2,8.16,24.59,3.28
B Laughlin,Powerplay,36,61,3,9,6,2,10.17,25.0,8.33
B Lee,Death,311,465,10,92,37,14,8.97,29.58,3.22
B Lee,Middle,78,81,4,31,6,1,6.23,39.74,5.13
B Lee,Powerplay,486,580,11,251,80,10,7.16,51.65,2.26
B Muzarabani,Death,12,25,2,4,5,0,12.5,33.33,16.67
B Muzarabani,Middle,12,14,2,3,0,0,7.0,25.0,16.67
B Muzarabani,Powerplay,18,40,0,5,4,3,13.33,27.78,0.0
B Stanlake,Death,6,11,0,1,0,1,11.0,16.67,0.0
B Stanlake,Middle,54,78,5,22,6,5,8.67,40.74,9.26
B Stanlake,Powerplay,84,111,2,41,13,3,7.93,48.81,2.38
BA Bhatt,Death,63,98,2,15,9,3,9.33,23.81,3.17
BA Bhatt,Middle,137,194,6,37,12,8,8.5,27.01,4.38
BA Bhatt,Powerplay,96,116,4,41,14,2,7.25,42.71,4.17
BA Stokes,Death,204,345,14,56,25,15,10.15,27.45,6.86
BA Stokes,Middle,299,388,6,94,34,9,7.79,31.44,2.01
BA Stokes,Powerplay,186,290,8,78,40,9,9.35,41.94,4.3
BAW Mendis,Death,54,78,2,15,5,4,8.67,27.78,3.7
BAW Mendis,Middle,132,161,4,37,6,6,7.32,28.03,3.03
BAW Mendis,Powerplay,58,67,2,24,6,2,6.93,41.38,3.45
BB Sran,Death,87,141,7,20,11,5,9.72,22.99,8.05
BB Sran,Middle,168,269,6,50,17,15,9.61,29.76,3.57
BB Sran,Powerplay,228,357,5,98,45,9,9.39,42.98,2.19
BCJ Cutting,Death,76,147,2,14,13,8,11.61,18.42,2.63
BCJ Cutting,Middle,163,215,8,53,22,6,7.91,32.52,4.91
BCJ Cutting,Powerplay,42,68,0,10,9,1,9.71,23.81,0.0
BE Hendricks,Death,54,80,6,20,6,4,8.89,37.04,11.11
BE Hendricks,Middle,36,51,2,11,5,1,8.5,30.56,5.56
BE Hendricks,Powerplay,60,108,1,21,13,2,10.8,35.0,1.67
BJ Dwarshuis,Death,6,17,1,2,1,2,17.0,33.33,16.67
BJ Dwarshuis,Middle,18,34,0,4,3,1,11.33,22.22,0.0
BJ Hodge,Death,18,23,3,7,0,2,7.67,38.89,16.67
BJ Hodge,Middle,180,231,14,53,13,9,7.7,29.44,7.78
BJ Hodge,Powerplay,36,56,0,15,4,3,9.33,41.67,0.0
BJ Rohrer,Middle,6,12,0,1,2,0,12.0,16.67,0.0
BMAJ Mendis,Middle,30,36,1,11,2,2,7.2,36.67,3.33
BW Hilfenhaus,Death,96,183,7,28,18,10,11.44,29.17,7.29
BW Hilfenhaus,Middle,36,54,3,12,2,4,9.0,33.33,8.33
BW Hilfenhaus,Powerplay,240,260,12,133,28,7,6.5,55.42,5.0
Basil Thampi,Death,173,336,13,35,25,18,11.65,20.23,7.51
Basil Thampi,Middle,186,269,7,52,22,10,8.68,27.96,3.76
Basil Thampi,Powerplay,162,257,2,65,28,13,9.52,40.12,1.23
Bipul Sharma,Death,34,86,1,8,3,9,15.18,23.53,2.94
Bipul Sharma,Middle,318,418,11,86,14,21,7.89,27.04,3.46
Bipul Sharma,Powerplay,74,77,5,37,11,1,6.24,50.0,6.76
Brijesh Sharma,Death,93,164,8,34,14,9,10.58,36.56,8.6
Brijesh Sharma,Middle,108,157,5,25,16,2,8.72,23.15,4.63
Brijesh Sharma,Powerplay,72,131,1,25,21,2,10.92,34.72,1.39
C Bosch,Death,49,85,5,21,5,7,10.41,42.86,10.2
C Bosch,Middle,96,137,6,38,7,10,8.56,39.58,6.25
C Bosch,Powerplay,18,31,2,8,3,2,10.33,44.44,11.11
C Ganapathy,Middle,6,13,0,1,1,1,13.0,16.67,0.0
C Green,Death,109,220,5,30,14,18,12.11,27.52,4.59
C Green,Middle,306,430,13,101,38,15,8.43,33.01,4.25
C Green,Powerplay,156,266,5,61,27,12,10.23,39.1,3.21
C Munro,Middle,12,15,0,5,1,1,7.5,41.67,0.0
C Nanda,Death,6,8,0,2,1,0,8.0,33.33,0.0
C Nanda,Middle,42,50,2,11,0,2,7.14,26.19,4.76
C Sakariya,Death,126,237,8,28,18,10,11.29,22.22,6.35
C Sakariya,Middle,120,185,6,30,17,4,9.25,25.0,5.0
C Sakariya,Powerplay,198,227,6,88,18,9,6.88,44.44,3.03
C de Grandhomme,Death,14,30,0,1,2,2,12.86,7.14,0.0
C de Grandhomme,Middle,190,280,6,50,18,11,8.84,26.32,3.16
C de Grandhomme,Powerplay,12,13,0,7,2,0,6.5,58.33,0.0
CH Gayle,Death,152,234,9,46,13,12,9.24,30.26,5.92
CH Gayle,Middle,282,352,6,84,20,11,7.49,29.79,2.13
CH Gayle,Powerplay,120,169,3,50,16,4,8.45,41.67,2.5
CH Morris,Death,646,959,58,183,71,36,8.91,28.33,8.98
CH Morris,Middle,396,518,16,150,45,19,7.85,37.88,4.04
CH Morris,Powerplay,684,900,22,335,106,24,7.89,48.98,3.22
CJ Anderson,Death,88,201,5,19,17,13,13.7,21.59,5.68
CJ Anderson,Middle,138,203,4,29,17,6,8.83,21.01,2.9
CJ Anderson,Powerplay,71,121,2,31,18,4,10.23,43.66,2.82
CJ Dala,Middle,12,17,0,5,1,1,8.5,41.67,0.0
CJ Dala,Powerplay,6,17,0,2,2,1,17.0,33.33,0.0
CJ Green,Death,5,8,0,0,1,0,9.6,0.0,0.0
CJ Green,Powerplay,12,16,0,6,3,0,8.0,50.0,0.0
CJ Jordan,Death,278,542,15,70,45,29,11.7,25.18,5.4
CJ Jordan,Middle,246,326,12,76,25,8,7.95,30.89,4.88
CJ Jordan,Powerplay,150,243,3,60,26,9,9.72,40.0,2.0
CJ McKay,Death,12,20,0,3,2,1,10.0,25.0,0.0
CJ McKay,Middle,18,14,1,7,1,0,4.67,38.89,5.56
CJ McKay,Powerplay,12,26,0,4,5,0,13.0,33.33,0.0
CK Kapugedera,Death,6,15,0,0,3,0,15.0,0.0,0.0
CK Kapugedera,Middle,11,34,0,0,2,3,18.55,0.0,0.0
CK Langeveldt,Death,48,63,4,12,6,1,7.88,25.0,8.33
CK Langeveldt,Middle,24,37,3,10,0,3,9.25,41.67,12.5
CK Langeveldt,Powerplay,84,99,6,47,11,4,7.07,55.95,7.14
CL White,Middle,42,86,1,8,5,6,12.29,19.05,2.38
CR Brathwaite,Death,56,95,6,17,10,4,10.18,30.36,10.71
CR Brathwaite,Middle,174,259,7,47,22,8,8.93,27.01,4.02
CR Brathwaite,Powerplay,24,30,0,10,5,0,7.5,41.67,0.0
CR Woakes,Death,158,290,16,46,25,15,11.01,29.11,10.13
CR Woakes,Middle,120,135,8,46,14,2,6.75,38.33,6.67
CR Woakes,Powerplay,162,249,6,69,29,11,9.22,42.59,3.7
CRD Fernando,Death,84,132,5,24,11,5,9.43,28.57,5.95
CRD Fernando,Middle,72,84,5,36,7,2,7.0,50.0,6.94
CRD Fernando,Powerplay,78,90,7,39,12,2,6.92,50.0,8.97
CV Varun,Death,328,487,19,116,20,36,8.91,35.37,5.79
CV Varun,Middle,1422,1790,77,501,115,77,7.55,35.23,5.41
CV Varun,Powerplay,384,518,15,156,58,15,8.09,40.62,3.91
D Brevis,Death,3,8,1,1,2,0,16.0,33.33,33.33
D Ferreira,Death,6,16,0,0,0,2,16.0,0.0,0.0
D Ferreira,Middle,12,25,1,2,3,1,12.5,16.67,8.33
D Jansen,Death,12,24,1,3,2,1,12.0,25.0,8.33
D Jansen,Middle,6,13,0,1,1,1,13.0,16.67,0.0
D Jansen,Powerplay,6,16,0,2,0,2,16.0,33.33,0.0
D Kalyankrishna,Death,6,17,0,0,2,1,17.0,0.0,0.0
D Kalyankrishna,Middle,42,71,2,10,6,3,10.14,23.81,4.76
D Madushanka,Middle,12,20,0,2,2,0,10.0,16.67,0.0
D Madushanka,Powerplay,12,16,1,6,1,1,8.0,50.0,8.33
D Pretorius,Death,72,149,2,21,11,9,12.42,29.17,2.78
D Pretorius,Middle,78,93,4,21,3,2,7.15,26.92,5.13
D Salunkhe,Death,6,7,0,2,1,0,7.0,33.33,0.0
D Salunkhe,Middle,41,73,1,11,5,3,10.68,26.83,2.44
D Wiese,Death,62,108,7,16,14,2,10.45,25.81,11.29
D Wiese,Middle,162,252,3,33,24,7,9.33,20.37,1.85
D Wiese,Powerplay,72,87,6,33,9,2,7.25,45.83,8.33
D du Preez,Death,6,16,0,0,2,0,16.0,0.0,0.0
D du Preez,Middle,18,28,1,6,2,1,9.33,33.33,5.56
D du Preez,Powerplay,18,12,3,12,2,0,4.0,66.67,16.67
DA Payne,Middle,18,27,2,4,2,1,9.0,22.22,11.11
DA Payne,Powerplay,12,43,0,1,4,4,21.5,8.33,0.0
DA Warner,Middle,1,2,0,0,0,0,12.0,0.0,0.0
DAJ Bracewell,Death,6,10,2,2,2,0,10.0,33.33,33.33
DAJ Bracewell,Middle,12,15,1,4,0,1,7.5,33.33,8.33
DAJ Bracewell,Powerplay,6,7,0,4,0,1,7.0,66.67,0.0
DB Ravi Teja,Middle,18,28,1,4,1,2,9.33,22.22,5.56
DE Bollinger,Death,234,297,23,88,16,14,7.62,37.61,9.83
DE Bollinger,Middle,18,15,3,8,1,0,5.0,44.44,16.67
DE Bollinger,Powerplay,324,404,11,158,56,5,7.48,48.77,3.4
DG Nalkande,Death,18,31,1,4,1,2,10.33,22.22,5.56
DG Nalkande,Middle,54,97,5,13,7,5,10.78,24.07,9.26
DG Nalkande,Powerplay,12,22,0,5,2,1,11.0,41.67,0.0
DJ Bravo,Death,1385,2198,115,398,161,94,9.52,28.74,8.3
DJ Bravo,Middle,1507,1934,58,488,155,49,7.7,32.38,3.85
DJ Bravo,Powerplay,228,304,10,112,33,12,8.0,49.12,4.39
DJ Harris,Death,6,10,0,0,1,0,10.0,0.0,0.0
DJ Harris,Middle,12,16,0,4,1,1,8.0,33.33,0.0
DJ Hooda,Death,43,95,1,9,7,7,13.26,20.93,2.33
DJ Hooda,Middle,264,359,7,64,20,14,8.16,24.24,2.65
DJ Hooda,Powerplay,72,96,2,29,13,2,8.0,40.28,2.78
DJ Hussey,Death,53,117,2,15,5,11,13.25,28.3,3.77
DJ Hussey,Middle,228,310,6,62,17,13,8.16,27.19,2.63
DJ Hussey,Powerplay,36,58,0,9,8,1,9.67,25.0,0.0
DJ Mitchell,Middle,48,97,1,5,9,4,12.12,10.42,2.08
DJ Muthuswami,Death,6,1,1,5,0,0,1.0,83.33,16.67
DJ Muthuswami,Middle,6,8,0,4,2,0,8.0,66.67,0.0
DJ Muthuswami,Powerplay,72,99,3,35,12,3,8.25,48.61,4.17
DJ Thornely,Middle,42,40,3,19,5,0,5.71,45.24,7.14
DJ Willey,Death,36,64,1,11,4,4,10.67,30.56,2.78
DJ Willey,Middle,42,58,2,8,6,1,8.29,19.05,4.76
DJ Willey,Powerplay,138,155,3,60,18,3,6.74,43.48,2.17
DJG Sammy,Death,50,112,1,8,6,8,13.44,16.0,2.0
DJG Sammy,Middle,162,208,9,58,24,3,7.7,35.8,5.56
DJG Sammy,Powerplay,24,34,1,6,3,1,8.5,25.0,4.17
DJM Short,Middle,18,23,1,7,1,1,7.67,38.89,5.56
DL Chahar,Death,205,348,16,53,26,14,10.19,25.85,7.8
DL Chahar,Middle,258,363,8,74,25,13,8.44,28.68,3.1
DL Chahar,Powerplay,1605,2179,72,744,274,65,8.15,46.36,4.49
DL Vettori,Death,165,223,7,49,17,8,8.11,29.7,4.24
DL Vettori,Middle,522,573,19,182,38,15,6.59,34.87,3.64
DL Vettori,Powerplay,90,98,2,39,12,1,6.53,43.33,2.22
DNT Zoysa,Death,18,34,1,6,2,2,11.33,33.33,5.56
DNT Zoysa,Middle,12,21,1,3,4,0,10.5,25.0,8.33
DNT Zoysa,Powerplay,36,45,0,15,6,1,7.5,41.67,0.0
DP Nannes,Death,208,313,13,70,34,8,9.03,33.65,6.25
DP Nannes,Middle,96,125,0,31,12,2,7.81,32.29,0.0
DP Nannes,Powerplay,342,377,15,184,43,5,6.61,53.8,4.39
DP Vijaykumar,Death,26,55,1,3,2,3,12.69,11.54,3.85
DP Vijaykumar,Middle,24,24,0,7,2,0,6.0,29.17,0.0
DP Vijaykumar,Powerplay,102,126,3,53,19,2,7.41,51.96,2.94
DR Sams,Death,66,151,1,15,7,14,13.73,22.73,1.52
DR Sams,Middle,114,163,5,39,12,5,8.58,34.21,4.39
DR Sams,Powerplay,180,214,8,88,22,6,7.13,48.89,4.44
DR Smith,Death,71,158,6,17,14,10,13.35,23.94,8.45
DR Smith,Middle,402,544,15,127,42,19,8.12,31.59,3.73
DR Smith,Powerplay,66,123,5,24,19,4,11.18,36.36,7.58
DS Kulkarni,Death,344,596,22,103,35,33,10.4,29.94,6.4
DS Kulkarni,Middle,425,626,20,140,56,19,8.84,32.94,4.71
DS Kulkarni,Powerplay,1018,1291,44,499,181,29,7.61,49.02,4.32
DS Rathi,Death,84,149,5,21,8,10,10.64,25.0,5.95
DS Rathi,Middle,324,468,10,85,36,18,8.67,26.23,3.09
DS Rathi,Powerplay,138,217,4,43,22,7,9.43,31.16,2.9
DT Christian,Death,211,380,12,51,24,22,10.81,24.17,5.69
DT Christian,Middle,492,582,18,165,46,11,7.1,33.54,3.66
DT Christian,Powerplay,180,256,8,80,33,6,8.53,44.44,4.44
DW Steyn,Death,634,895,50,218,76,32,8.47,34.38,7.89
DW Steyn,Middle,408,459,13,177,49,6,6.75,43.38,3.19
DW Steyn,Powerplay,1140,1229,34,624,159,17,6.47,54.74,2.98
E Malinga,Death,156,264,15,51,27,11,10.15,32.69,9.62
E Malinga,Middle,186,255,13,63,18,10,8.23,33.87,6.99
E Malinga,Powerplay,144,235,5,53,22,13,9.79,36.81,3.47
F du Plessis,Death,6,16,0,0,0,2,16.0,0.0,0.0
FA Allen,Middle,72,104,1,17,7,5,8.67,23.61,1.39
FA Allen,Powerplay,18,32,1,9,4,2,10.67,50.0,5.56
FH Edwards,Death,50,85,2,14,10,2,10.2,28.0,4.0
FH Edwards,Middle,12,14,0,6,2,0,7.0,50.0,0.0
FH Edwards,Powerplay,78,61,3,50,8,0,4.69,64.1,3.85
FY Fazal,Death,12,20,0,1,1,1,10.0,8.33,0.0
Fazalhaq Farooqi,Death,50,124,1,6,12,6,14.88,12.0,2.0
Fazalhaq Farooqi,Middle,72,119,2,19,16,2,9.92,26.39,2.78
Fazalhaq Farooqi,Powerplay,132,197,3,55,27,4,8.95,41.67,2.27
G Coetzee,Death,99,183,7,28,9,12,11.09,28.28,7.07
G Coetzee,Middle,108,187,5,32,20,7,10.39,29.63,4.63
G Coetzee,Powerplay,66,120,3,30,12,7,10.91,45.45,4.55
GB Hogg,Death,92,121,7,36,7,7,7.89,39.13,7.61
GB Hogg,Middle,318,410,12,98,28,11,7.74,30.82,3.77
GB Hogg,Powerplay,48,54,4,25,5,3,6.75,52.08,8.33
GC Viljoen,Death,42,92,2,11,12,4,13.14,26.19,4.76
GC Viljoen,Middle,60,82,3,20,6,1,8.2,33.33,5.0
GC Viljoen,Powerplay,36,55,2,12,7,1,9.17,33.33,5.56
GD McGrath,Death,78,120,3,17,11,4,9.23,21.79,3.85
GD McGrath,Middle,24,28,1,9,4,0,7.0,37.5,4.17
GD McGrath,Powerplay,222,218,8,127,26,6,5.89,57.21,3.6
GD Phillips,Middle,24,36,1,5,3,1,9.0,20.83,4.17
GD Phillips,Powerplay,6,4,1,5,1,0,4.0,83.33,16.67
GF Linde,Death,1,4,0,0,1,0,24.0,0.0,0.0
GF Linde,Middle,36,51,1,10,5,2,8.5,27.78,2.78
GH Vihari,Middle,18,14,0,8,1,0,4.67,44.44,0.0
GH Vihari,Powerplay,24,34,1,9,4,1,8.5,37.5,4.17
GHS Garton,Death,18,17,1,6,1,0,5.67,33.33,5.56
GHS Garton,Middle,12,11,1,7,0,1,5.5,58.33,8.33
GHS Garton,Powerplay,60,108,1,18,10,5,10.8,30.0,1.67
GJ Maxwell,Death,62,95,3,12,2,6,9.19,19.35,4.84
GJ Maxwell,Middle,702,948,27,218,48,53,8.1,31.05,3.85
GJ Maxwell,Powerplay,258,379,11,98,29,21,8.81,37.98,4.26
GR Napier,Middle,18,25,1,5,2,1,8.33,27.78,5.56
GR Napier,Powerplay,6,3,0,3,0,0,3.0,50.0,0.0
GS Sandhu,Death,24,50,1,4,5,2,12.5,16.67,4.17
GS Sandhu,Middle,18,29,0,2,2,0,9.67,11.11,0.0
GS Sandhu,Powerplay,6,7,0,3,1,0,7.0,50.0,0.0
Gagandeep Singh,Death,24,64,1,5,6,4,16.0,20.83,4.17
Gagandeep Singh,Middle,54,71,2,17,7,2,7.89,31.48,3.7
Gagandeep Singh,Powerplay,6,7,0,3,1,0,7.0,50.0,0.0
Gulbadin Naib,Middle,6,12,0,1,2,0,12.0,16.67,0.0
Gurjapneet Singh,Death,43,72,2,11,3,5,10.05,25.58,4.65
Gurjapneet Singh,Middle,96,147,2,31,10,8,9.19,32.29,2.08
Gurjapneet Singh,Powerplay,12,14,0,4,2,0,7.0,33.33,0.0
Gurkeerat Singh,Middle,66,78,5,23,3,3,7.09,34.85,7.58
Gurkeerat Singh,Powerplay,12,19,0,3,3,0,9.5,25.0,0.0
Gurnoor Brar,Middle,6,24,0,1,2,2,24.0,16.67,0.0
Gurnoor Brar,Powerplay,12,18,0,6,2,1,9.0,50.0,0.0
H Sharma,Middle,30,62,0,2,6,2,12.4,6.67,0.0
HF Gurney,Death,54,111,4,13,14,4,12.33,24.07,7.41
HF Gurney,Middle,42,62,1,9,5,2,8.86,21.43,2.38
HF Gurney,Powerplay,66,66,2,28,4,1,6.0,42.42,3.03
HH Pandya,Death,320,648,32,96,39,50,12.15,30.0,10.0
HH Pandya,Middle,1012,1442,37,312,106,55,8.55,30.83,3.66
HH Pandya,Powerplay,432,712,13,176,102,22,9.89,40.74,3.01
HR Shokeen,Death,6,24,1,2,0,4,24.0,33.33,16.67
HR Shokeen,Middle,144,229,2,45,9,15,9.54,31.25,1.39
HR Shokeen,Powerplay,54,67,2,31,11,1,7.44,57.41,3.7
HV Patel,Death,856,1465,81,264,100,80,10.27,30.84,9.46
HV Patel,Middle,1260,1720,56,392,145,50,8.19,31.11,4.44
HV Patel,Powerplay,390,616,14,151,77,19,9.48,38.72,3.59
Harbhajan Singh,Death,273,382,26,91,21,20,8.4,33.33,9.52
Harbhajan Singh,Middle,2370,2791,94,792,177,89,7.07,33.42,3.97
Harbhajan Singh,Powerplay,773,928,30,380,98,36,7.2,49.16,3.88
Harmeet Singh,Death,129,178,10,46,14,6,8.28,35.66,7.75
Harmeet Singh,Middle,324,422,11,107,38,9,7.81,33.02,3.4
Harmeet Singh,Powerplay,96,147,6,48,17,7,9.19,50.0,6.25
Harpreet Brar,Death,55,99,3,10,9,4,10.8,18.18,5.45
Harpreet Brar,Middle,648,803,31,217,39,35,7.44,33.49,4.78
Harpreet Brar,Powerplay,156,255,3,58,32,11,9.81,37.18,1.92
Harsh Dubey,Death,30,43,5,8,3,2,8.6,26.67,16.67
Harsh Dubey,Middle,108,190,7,30,8,15,10.56,27.78,6.48
Harsh Dubey,Powerplay,54,95,1,16,9,5,10.56,29.63,1.85
Harshit Rana,Death,157,257,14,53,19,16,9.82,33.76,8.92
Harshit Rana,Middle,198,309,10,62,32,12,9.36,31.31,5.05
Harshit Rana,Powerplay,294,481,16,132,48,28,9.82,44.9,5.44
I Malhotra,Middle,6,23,0,0,2,2,23.0,0.0,0.0
I Sharma,Death,466,871,22,114,84,32,11.21,24.46,4.72
I Sharma,Middle,432,652,17,127,49,26,9.06,29.4,3.94
I Sharma,Powerplay,1521,1942,57,758,258,44,7.66,49.84,3.75
I Udana,Death,60,95,3,12,3,5,9.5,20.0,5.0
I Udana,Middle,60,87,3,17,9,2,8.7,28.33,5.0
I Udana,Powerplay,54,104,2,16,14,4,11.56,29.63,3.7
IC Pandey,Death,36,67,2,8,6,3,11.17,22.22,5.56
IC Pandey,Middle,162,230,5,53,26,5,8.52,32.72,3.09
IC Pandey,Powerplay,264,312,11,151,45,9,7.09,57.2,4.17
IC Porel,Middle,12,16,1,3,2,0,8.0,25.0,8.33
IC Porel,Powerplay,12,26,0,4,4,1,13.0,33.33,0.0
IK Pathan,Death,489,776,28,116,58,31,9.52,23.72,5.73
IK Pathan,Middle,636,831,24,212,78,24,7.84,33.33,3.77
IK Pathan,Powerplay,918,1104,28,507,157,27,7.22,55.23,3.05
IS Sodhi,Death,7,8,0,4,0,1,6.86,57.14,0.0
IS Sodhi,Middle,162,179,7,52,8,5,6.63,32.1,4.32
IS Sodhi,Powerplay,12,17,2,8,1,2,8.5,66.67,16.67
Imran Tahir,Death,321,493,25,88,18,33,9.21,27.41,7.79
Imran Tahir,Middle,941,1151,54,335,68,48,7.34,35.6,5.74
Imran Tahir,Powerplay,54,85,3,14,11,2,9.44,25.93,5.56
Iqbal Abdulla,Death,119,174,6,39,13,8,8.77,32.77,5.04
Iqbal Abdulla,Middle,525,658,20,161,44,23,7.52,30.67,3.81
Iqbal Abdulla,Powerplay,276,293,14,131,31,6,6.37,47.46,5.07
Ishan Kishan,Death,1,4,0,0,1,0,24.0,0.0,0.0
J Botha,Death,106,138,8,35,9,6,7.81,33.02,7.55
J Botha,Middle,396,425,13,142,26,9,6.44,35.86,3.28
J Botha,Powerplay,192,255,4,77,25,9,7.97,40.1,2.08
J Little,Death,54,90,0,13,6,5,10.0,24.07,0.0
J Little,Middle,96,129,8,35,10,6,8.06,36.46,8.33
J Little,Powerplay,78,122,3,34,14,5,9.38,43.59,3.85
J Overton,Death,66,112,5,21,7,7,10.18,31.82,7.58
J Overton,Middle,108,150,9,37,11,6,8.33,34.26,8.33
J Overton,Powerplay,30,76,0,6,3,7,15.2,20.0,0.0
J Suchith,Death,12,27,1,4,1,3,13.5,33.33,8.33
J Suchith,Middle,336,473,15,105,37,17,8.45,31.25,4.46
J Suchith,Powerplay,72,104,3,31,9,6,8.67,43.06,4.17
J Syed Mohammad,Death,18,33,1,5,1,3,11.0,27.78,5.56
J Syed Mohammad,Middle,156,239,6,31,17,8,9.19,19.87,3.85
J Syed Mohammad,Powerplay,18,14,1,11,0,1,4.67,61.11,5.56
J Theron,Death,102,152,5,20,10,5,8.94,19.61,4.9
J Theron,Middle,54,57,3,21,4,1,6.33,38.89,5.56
J Theron,Powerplay,65,102,3,27,14,3,9.42,41.54,4.62
J Yadav,Death,18,22,1,8,2,1,7.33,44.44,5.56
J Yadav,Middle,210,220,4,80,9,7,6.29,38.1,1.9
J Yadav,Powerplay,162,205,3,65,20,7,7.59,40.12,1.85
JA Duffy,Death,12,35,0,4,1,4,17.5,33.33,0.0
JA Duffy,Middle,54,72,3,16,7,2,8.0,29.63,5.56
JA Duffy,Powerplay,78,159,6,34,15,12,12.23,43.59,7.69
JA Morkel,Death,325,512,31,84,36,19,9.45,25.85,9.54
JA Morkel,Middle,498,597,20,176,51,10,7.19,35.34,4.02
JA Morkel,Powerplay,900,1300,34,386,177,27,8.67,42.89,3.78
JA Richardson,Death,18,39,1,3,3,2,13.0,16.67,5.56
JA Richardson,Middle,42,69,2,12,6,3,9.86,28.57,4.76
JA Richardson,Powerplay,30,54,0,15,3,5,10.8,50.0,0.0
JC Archer,Death,558,945,32,157,73,48,10.16,28.14,5.73
JC Archer,Middle,270,328,15,115,26,12,7.29,42.59,5.56
JC Archer,Powerplay,750,948,37,405,113,33,7.58,54.0,4.93
JD Ryder,Death,26,56,1,6,3,5,12.92,23.08,3.85
JD Ryder,Middle,204,251,7,70,17,8,7.38,34.31,3.43
JD Ryder,Powerplay,6,7,0,3,1,0,7.0,50.0,0.0
JD Unadkat,Death,665,1229,56,180,86,75,11.09,27.07,8.42
JD Unadkat,Middle,834,1176,30,226,98,37,8.46,27.1,3.6
JD Unadkat,Powerplay,852,1136,28,351,111,46,8.0,41.2,3.29
JDP Oram,Death,75,111,5,21,10,3,8.88,28.0,6.67
JDP Oram,Middle,54,78,1,17,7,3,8.67,31.48,1.85
JDP Oram,Powerplay,108,173,3,41,17,8,9.61,37.96,2.78
JDS Neesham,Death,12,40,0,0,4,3,20.0,0.0,0.0
JDS Neesham,Middle,168,235,7,46,19,8,8.39,27.38,4.17
JDS Neesham,Powerplay,36,67,1,17,9,3,11.17,47.22,2.78
JE Root,Middle,12,15,0,1,1,0,7.5,8.33,0.0
JE Taylor,Death,51,96,6,16,4,7,11.29,31.37,11.76
JE Taylor,Middle,18,20,0,9,0,2,6.67,50.0,0.0
JE Taylor,Powerplay,48,51,0,23,6,0,6.38,47.92,0.0
JEC Franklin,Death,24,42,3,7,3,3,10.5,29.17,12.5
JEC Franklin,Middle,115,163,5,30,18,2,8.5,26.09,4.35
JEC Franklin,Powerplay,12,20,1,2,0,1,10.0,16.67,8.33
JH Kallis,Death,360,617,24,89,61,23,10.28,24.72,6.67
JH Kallis,Middle,866,1091,23,281,95,24,7.56,32.45,2.66
JH Kallis,Powerplay,516,640,18,231,80,11,7.44,44.77,3.49
JJ Bumrah,Death,1423,1991,102,444,146,71,8.39,31.2,7.17
JJ Bumrah,Middle,942,1059,45,371,85,24,6.75,39.38,4.78
JJ Bumrah,Powerplay,1288,1532,43,643,174,41,7.14,49.92,3.34
JJ van der Wath,Death,24,49,2,6,5,2,12.25,25.0,8.33
JJ van der Wath,Middle,18,44,1,5,5,3,14.67,27.78,5.56
JJ van der Wath,Powerplay,30,41,0,18,7,1,8.2,60.0,0.0
JL Pattinson,Death,39,60,4,14,4,4,9.23,35.9,10.26
JL Pattinson,Middle,72,112,3,20,8,5,9.33,27.78,4.17
JL Pattinson,Powerplay,102,149,4,43,22,1,8.76,42.16,3.92
JM Kemp,Death,1,1,0,0,0,0,6.0,0.0,0.0
JM Kemp,Middle,43,57,3,15,6,1,7.95,34.88,6.98
JO Holder,Death,334,545,33,88,39,25,9.79,26.35,9.88
JO Holder,Middle,531,697,28,174,55,23,7.88,32.77,5.27
JO Holder,Powerplay,360,539,9,151,64,17,8.98,41.94,2.5
JP Behrendorff,Death,60,127,5,18,8,10,12.7,30.0,8.33
JP Behrendorff,Middle,66,99,3,18,7,4,9.0,27.27,4.55
JP Behrendorff,Powerplay,240,337,11,103,40,12,8.42,42.92,4.58
JP Duminy,Death,54,87,3,14,6,4,9.67,25.93,5.56
JP Duminy,Middle,462,553,17,151,27,21,7.18,32.68,3.68
JP Duminy,Powerplay,162,207,3,69,20,8,7.67,42.59,1.85
JP Faulkner,Death,467,802,32,115,56,35,10.3,24.63,6.85
JP Faulkner,Middle,400,551,13,128,42,21,8.26,32.0,3.25
JP Faulkner,Powerplay,371,496,16,156,62,11,8.02,42.05,4.31
JPR Scantlebury-Searles,Death,6,20,1,2,0,3,20.0,33.33,16.67
JPR Scantlebury-Searles,Middle,30,56,1,5,2,4,11.2,16.67,3.33
JPR Scantlebury-Searles,Powerplay,6,13,0,0,2,0,13.0,0.0,0.0
JR Hazlewood,Death,329,571,27,100,49,29,10.41,30.4,8.21
JR Hazlewood,Middle,205,284,14,73,23,12,8.31,35.61,6.83
JR Hazlewood,Powerplay,642,870,31,321,100,40,8.13,50.0,4.83
JR Hopes,Death,108,216,6,19,13,13,12.0,17.59,5.56
JR Hopes,Middle,234,320,7,77,27,14,8.21,32.91,2.99
JR Hopes,Powerplay,18,26,1,9,4,1,8.67,50.0,5.56
JW Hastings,Death,10,9,1,5,1,0,5.4,50.0,10.0
JW Hastings,Middle,12,7,1,6,0,0,3.5,50.0,8.33
JW Hastings,Powerplay,36,50,1,20,10,0,8.33,55.56,2.78
Jalaj S Saxena,Middle,12,17,0,3,2,0,8.5,25.0,0.0
Jalaj S Saxena,Powerplay,6,10,0,2,2,0,10.0,33.33,0.0
Jaskaran Singh,Death,30,75,3,8,10,3,15.0,26.67,10.0
Jaskaran Singh,Middle,30,46,1,12,7,0,9.2,40.0,3.33
Jaskaran Singh,Powerplay,42,53,2,19,6,1,7.57,45.24,4.76
Joginder Sharma,Death,52,106,2,11,8,7,12.23,21.15,3.85
Joginder Sharma,Middle,180,267,10,49,22,9,8.9,27.22,5.56
Joginder Sharma,Powerplay,24,48,0,11,8,1,12.0,45.83,0.0
K Goel,Middle,66,94,0,19,9,2,8.55,28.79,0.0
K Gowtham,Death,24,51,0,6,0,6,12.75,25.0,0.0
K Gowtham,Middle,294,381,11,94,19,18,7.78,31.97,3.74
K Gowtham,Powerplay,270,393,10,106,49,13,8.73,39.26,3.7
K Kartikeya,Death,24,49,0,7,3,4,12.25,29.17,0.0
K Kartikeya,Middle,252,347,11,76,20,18,8.26,30.16,4.37
K Kartikeya,Powerplay,6,16,1,2,2,1,16.0,33.33,16.67
K Khejroliya,Death,31,67,3,6,2,5,12.97,19.35,9.68
K Khejroliya,Middle,90,150,3,25,12,7,10.0,27.78,3.33
K Khejroliya,Powerplay,30,64,0,8,7,4,12.8,26.67,0.0
K Rabada,Death,684,1139,69,229,84,63,9.99,33.48,10.09
K Rabada,Middle,526,686,28,201,47,30,7.83,38.21,5.32
K Rabada,Powerplay,1089,1622,54,476,186,65,8.94,43.71,4.96
K Santokie,Death,24,55,1,5,4,4,13.75,20.83,4.17
K Santokie,Middle,6,5,1,3,0,0,5.0,50.0,16.67
K Santokie,Powerplay,18,31,1,7,2,2,10.33,38.89,5.56
K Upadhyay,Middle,18,22,0,7,3,0,7.33,38.89,0.0
K Upadhyay,Powerplay,36,59,0,13,6,3,9.83,36.11,0.0
K Yadav,Death,12,28,2,3,1,3,14.0,25.0,16.67
K Yadav,Middle,24,31,0,3,2,0,7.75,12.5,0.0
K Yadav,Powerplay,18,26,0,7,3,1,8.67,38.89,0.0
KA Jamieson,Death,60,138,3,12,8,11,13.8,20.0,5.0
KA Jamieson,Middle,54,74,5,24,7,4,8.22,44.44,9.26
KA Jamieson,Powerplay,186,296,8,78,35,13,9.55,41.94,4.3
KA Maharaj,Middle,30,31,2,8,2,0,6.2,26.67,6.67
KA Maharaj,Powerplay,6,8,0,3,0,1,8.0,50.0,0.0
KA Pollard,Death,337,613,26,88,46,31,10.91,26.11,7.72
KA Pollard,Middle,1115,1526,42,305,114,46,8.21,27.35,3.77
KA Pollard,Powerplay,36,61,1,12,9,1,10.17,33.33,2.78
KAJ Roach,Death,18,44,0,2,5,2,14.67,11.11,0.0
KAJ Roach,Middle,12,16,0,6,1,1,8.0,50.0,0.0
KAJ Roach,Powerplay,18,20,0,12,4,0,6.67,66.67,0.0
KC Cariappa,Death,18,24,2,4,2,0,8.0,22.22,11.11
KC Cariappa,Middle,162,260,6,43,16,14,9.63,26.54,3.7
KC Cariappa,Powerplay,36,65,0,14,5,5,10.83,38.89,0.0
KH Pandya,Death,217,315,18,76,16,19,8.71,35.02,8.29
KH Pandya,Middle,1926,2392,72,553,129,85,7.45,28.71,3.74
KH Pandya,Powerplay,558,744,17,216,82,23,8.0,38.71,3.05
KJ Abbott,Death,24,53,0,5,8,1,13.25,20.83,0.0
KJ Abbott,Middle,30,56,2,10,7,1,11.2,33.33,6.67
KJ Abbott,Powerplay,42,73,0,13,9,2,10.43,30.95,0.0
KK Ahmed,Death,415,769,37,128,52,49,11.12,30.84,8.92
KK Ahmed,Middle,264,372,16,87,32,13,8.45,32.95,6.06
KK Ahmed,Powerplay,978,1380,38,468,171,51,8.47,47.85,3.89
KK Cooper,Death,264,402,17,72,28,14,9.14,27.27,6.44
KK Cooper,Middle,216,272,12,69,20,6,7.56,31.94,5.56
KK Cooper,Powerplay,96,115,4,43,11,3,7.19,44.79,4.17
KL Nagarkoti,Death,30,58,1,11,3,5,11.6,36.67,3.33
KL Nagarkoti,Middle,120,184,4,26,13,7,9.2,21.67,3.33
KL Nagarkoti,Powerplay,30,45,0,13,5,2,9.0,43.33,0.0
KM Asif,Death,25,65,0,3,4,5,15.6,12.0,0.0
KM Asif,Middle,66,96,4,20,3,5,8.73,30.3,6.06
KM Asif,Powerplay,42,71,3,23,9,4,10.14,54.76,7.14
KMA Paul,Death,49,78,4,16,8,2,9.55,32.65,8.16
KMA Paul,Middle,108,145,5,34,10,4,8.06,31.48,4.63
KMA Paul,Powerplay,6,16,0,2,0,2,16.0,33.33,0.0
KMDN Kulasekara,Death,30,32,2,9,2,0,6.4,30.0,6.67
KMDN Kulasekara,Middle,6,8,0,1,1,0,8.0,16.67,0.0
KMDN Kulasekara,Powerplay,66,82,3,35,13,0,7.45,53.03,4.55
KP Appanna,Death,12,26,0,2,3,1,13.0,16.67,0.0
KP Appanna,Middle,186,237,9,60,13,10,7.65,32.26,4.84
KP Appanna,Powerplay,18,28,0,6,4,0,9.33,33.33,0.0
KP Pietersen,Death,24,39,2,6,1,3,9.75,25.0,8.33
KP Pietersen,Middle,132,159,4,36,7,6,7.23,27.27,3.03
KP Pietersen,Powerplay,18,20,1,12,2,0,6.67,66.67,5.56
KR Mayers,Middle,6,16,0,1,3,0,16.0,16.67,0.0
KR Mayers,Powerplay,36,43,0,13,5,0,7.17,36.11,0.0
KR Sen,Death,61,138,4,18,13,9,13.57,29.51,6.56
KR Sen,Middle,138,192,8,51,19,6,8.35,36.96,5.8
KR Sen,Powerplay,42,66,2,14,9,1,9.43,33.33,4.76
KS Williamson,Middle,12,24,0,0,0,2,12.0,0.0,0.0
KS Williamson,Powerplay,6,7,0,2,1,0,7.0,33.33,0.0
KT Maphaka,Death,12,34,0,2,4,2,17.0,16.67,0.0
KT Maphaka,Middle,12,31,0,4,2,3,15.5,33.33,0.0
KT Maphaka,Powerplay,42,83,2,16,12,3,11.86,38.1,4.76
KV Sharma,Death,121,217,10,36,16,15,10.76,29.75,8.26
KV Sharma,Middle,1308,1855,67,410,92,111,8.51,31.35,5.12
KV Sharma,Powerplay,156,191,6,61,17,6,7.35,39.1,3.85
KW Richardson,Death,113,206,9,28,11,14,10.94,24.78,7.96
KW Richardson,Middle,54,77,1,14,5,3,8.56,25.93,1.85
KW Richardson,Powerplay,168,196,9,87,24,6,7.0,51.79,5.36
Kamran Khan,Death,34,59,3,8,4,3,10.41,23.53,8.82
Kamran Khan,Middle,48,56,2,14,5,1,7.0,29.17,4.17
Kamran Khan,Powerplay,84,133,5,41,16,6,9.5,48.81,5.95
Karanveer Singh,Death,24,53,4,9,2,5,13.25,37.5,16.67
Karanveer Singh,Middle,168,244,8,49,14,12,8.71,29.17,4.76
Karanveer Singh,Powerplay,12,26,0,6,3,2,13.0,50.0,0.0
Karim Janat,Middle,6,30,0,0,3,3,30.0,0.0,0.0
Kartik Tyagi,Death,242,437,16,72,28,30,10.83,29.75,6.61
Kartik Tyagi,Middle,270,387,8,96,42,11,8.6,35.56,2.96
Kartik Tyagi,Powerplay,216,400,9,87,49,16,11.11,40.28,4.17
Krish Bhagat,Death,18,35,0,8,3,3,11.67,44.44,0.0
Krish Bhagat,Powerplay,18,28,0,7,2,2,9.33,38.89,0.0
Kuldeep Yadav,Death,370,544,30,116,21,36,8.82,31.35,8.11
Kuldeep Yadav,Middle,1856,2557,82,549,135,136,8.27,29.58,4.42
Kuldeep Yadav,Powerplay,60,88,0,19,5,4,8.8,31.67,0.0
L Ablish,Death,18,19,3,5,1,0,6.33,27.78,16.67
L Ablish,Middle,12,31,0,2,5,1,15.5,16.67,0.0
L Ablish,Powerplay,12,26,0,3,5,0,13.0,25.0,0.0
L Balaji,Death,502,877,33,110,65,41,10.48,21.91,6.57
L Balaji,Middle,560,668,28,198,55,15,7.16,35.36,5.0
L Balaji,Powerplay,450,538,15,229,68,13,7.17,50.89,3.33
L Ngidi,Death,248,388,22,80,27,20,9.39,32.26,8.87
L Ngidi,Middle,126,169,7,41,12,8,8.05,32.54,5.56
L Ngidi,Powerplay,246,326,13,117,37,14,7.95,47.56,5.28
L Wood,Death,12,45,0,1,7,2,22.5,8.33,0.0
L Wood,Middle,12,23,1,4,1,2,11.5,33.33,8.33
L Wood,Powerplay,12,26,0,3,4,1,13.0,25.0,0.0
LA Carseldine,Powerplay,6,6,1,4,1,0,6.0,66.67,16.67
LB Williams,Death,6,14,0,0,2,0,14.0,0.0,0.0
LB Williams,Middle,6,4,1,3,0,0,4.0,50.0,16.67
LB Williams,Powerplay,24,56,0,9,5,3,14.0,37.5,0.0
LE Plunkett,Death,48,71,2,11,5,3,8.88,22.92,4.17
LE Plunkett,Middle,60,85,1,19,5,5,8.5,31.67,1.67
LE Plunkett,Powerplay,42,72,1,9,5,4,10.29,21.43,2.38
LH Ferguson,Death,337,616,17,94,45,37,10.97,27.89,5.04
LH Ferguson,Middle,456,619,18,174,58,21,8.14,38.16,3.95
LH Ferguson,Powerplay,299,464,19,128,55,20,9.31,42.81,6.35
LI Meriwala,Middle,6,4,1,2,0,0,4.0,33.33,16.67
LI Meriwala,Powerplay,12,28,0,4,4,1,14.0,33.33,0.0
LJ Wright,Death,23,45,1,3,1,4,11.74,13.04,4.35
LJ Wright,Middle,42,68,1,9,3,4,9.71,21.43,2.38
LJ Wright,Powerplay,6,12,0,2,1,1,12.0,33.33,0.0
LMP Simmons,Death,12,24,1,2,1,2,12.0,16.67,8.33
LMP Simmons,Middle,6,10,0,0,1,0,10.0,0.0,0.0
LPC Silva,Death,6,21,0,0,0,3,21.0,0.0,0.0
LR Shukla,Death,78,123,9,26,11,4,9.46,33.33,11.54
LR Shukla,Middle,210,284,6,76,25,8,8.11,36.19,2.86
LR Shukla,Powerplay,26,51,0,7,3,4,11.77,26.92,0.0
LRPL Taylor,Middle,12,24,0,0,0,2,12.0,0.0,0.0
LS Livingstone,Death,24,28,1,11,2,1,7.0,45.83,4.17
LS Livingstone,Middle,270,426,11,62,34,18,9.47,22.96,4.07
LS Livingstone,Powerplay,18,17,1,8,2,0,5.67,44.44,5.56
Lalit Yadav,Death,24,46,1,7,3,3,11.5,29.17,4.17
Lalit Yadav,Middle,168,229,7,43,10,12,8.18,25.6,4.17
Lalit Yadav,Powerplay,96,155,2,32,13,9,9.69,33.33,2.08
M Ashwin,Death,126,190,7,38,10,11,9.05,30.16,5.56
M Ashwin,Middle,654,852,26,203,54,33,7.82,31.04,3.98
M Ashwin,Powerplay,90,140,2,42,18,6,9.33,46.67,2.22
M Jansen,Death,171,334,13,41,20,23,11.72,23.98,7.6
M Jansen,Middle,336,546,13,90,44,25,9.75,26.79,3.87
M Jansen,Powerplay,510,792,19,230,86,34,9.32,45.1,3.73
M Kartik,Death,154,207,6,29,13,5,8.06,18.83,3.9
M Kartik,Middle,816,997,18,268,56,32,7.33,32.84,2.21
M Kartik,Powerplay,179,214,7,85,28,4,7.17,47.49,3.91
M Manhas,Death,6,8,0,2,1,0,8.0,33.33,0.0
M Manhas,Middle,36,34,0,13,1,1,5.67,36.11,0.0
M Markande,Death,96,179,3,31,13,13,11.19,32.29,3.12
M Markande,Middle,654,978,34,184,65,53,8.97,28.13,5.2
M Morkel,Death,390,603,31,112,44,28,9.28,28.72,7.95
M Morkel,Middle,333,426,10,118,40,13,7.68,35.44,3.0
M Morkel,Powerplay,906,1107,36,478,146,20,7.33,52.76,3.97
M Muralitharan,Death,275,380,22,103,20,23,8.29,37.45,8.0
M Muralitharan,Middle,1105,1224,39,422,69,38,6.65,38.19,3.53
M Muralitharan,Powerplay,148,161,3,75,16,6,6.53,50.68,2.03
M Ntini,Death,36,53,2,11,6,1,8.83,30.56,5.56
M Ntini,Middle,18,22,0,8,2,1,7.33,44.44,0.0
M Ntini,Powerplay,156,182,5,80,21,6,7.0,51.28,3.21
M Pathirana,Death,402,637,33,126,42,28,9.51,31.34,8.21
M Pathirana,Middle,300,410,14,110,30,11,8.2,36.67,4.67
M Pathirana,Powerplay,8,9,0,4,1,0,6.75,50.0,0.0
M Prasidh Krishna,Death,560,1009,42,184,91,51,10.81,32.86,7.5
M Prasidh Krishna,Middle,555,771,31,208,79,24,8.34,37.48,5.59
M Prasidh Krishna,Powerplay,624,875,18,296,107,27,8.41,47.44,2.88
M Shahrukh Khan,Death,6,7,0,1,0,0,7.0,16.67,0.0
M Shahrukh Khan,Middle,12,22,1,3,1,2,11.0,25.0,8.33
M Siddharth,Death,24,43,3,7,3,3,10.75,29.17,12.5
M Siddharth,Middle,90,146,4,18,7,9,9.73,20.0,4.44
M Siddharth,Powerplay,72,96,2,34,8,4,8.0,47.22,2.78
M Theekshana,Death,156,238,12,48,14,12,9.15,30.77,7.69
M Theekshana,Middle,408,536,14,111,34,17,7.88,27.21,3.43
M Theekshana,Powerplay,312,452,10,101,45,16,8.69,32.37,3.21
M Tiwari,Death,12,22,2,4,1,2,11.0,33.33,16.67
M Tiwari,Middle,54,83,2,15,8,1,9.22,27.78,3.7
M Vijay,Middle,30,41,0,6,5,0,8.2,20.0,0.0
M Vijay,Powerplay,6,8,0,2,1,0,8.0,33.33,0.0
M de Lange,Death,30,60,2,7,8,1,12.0,23.33,6.67
M de Lange,Middle,18,29,1,4,1,2,9.67,22.22,5.56
M de Lange,Powerplay,60,82,2,28,12,1,8.2,46.67,3.33
MA Khote,Death,12,24,1,1,2,1,12.0,8.33,8.33
MA Khote,Middle,18,28,1,4,2,1,9.33,22.22,5.56
MA Starc,Death,357,552,37,113,43,22,9.28,31.65,10.36
MA Starc,Middle,162,215,13,56,23,3,7.96,34.57,8.02
MA Starc,Powerplay,677,1046,26,301,132,31,9.27,44.46,3.84
MA Wood,Death,54,114,7,18,7,10,12.67,33.33,12.96
MA Wood,Middle,42,38,2,19,3,0,5.43,45.24,4.76
MA Wood,Powerplay,24,40,2,10,3,2,10.0,41.67,8.33
MB Parmar,Middle,12,19,0,2,3,0,9.5,16.67,0.0
MB Parmar,Powerplay,6,14,0,2,3,0,14.0,33.33,0.0
MC Henriques,Death,98,159,5,27,16,5,9.73,27.55,5.1
MC Henriques,Middle,649,863,28,191,72,24,7.98,29.43,4.31
MC Henriques,Powerplay,203,280,9,88,35,9,8.28,43.35,4.43
MD Shanaka,Death,6,6,0,3,1,0,6.0,50.0,0.0
MD Shanaka,Middle,30,56,1,4,4,2,11.2,13.33,3.33
MF Maharoof,Death,102,155,10,29,10,8,9.12,28.43,9.8
MF Maharoof,Middle,150,165,9,57,9,3,6.6,38.0,6.0
MF Maharoof,Powerplay,168,212,8,79,27,5,7.57,47.02,4.76
MG Bracewell,Middle,54,82,3,19,6,5,9.11,35.19,5.56
MG Bracewell,Powerplay,12,13,3,7,1,1,6.5,58.33,25.0
MG Johnson,Death,302,487,29,108,41,24,9.68,35.76,9.6
MG Johnson,Middle,312,421,7,122,44,10,8.1,39.1,2.24
MG Johnson,Powerplay,621,832,26,305,111,21,8.04,49.11,4.19
MG Neser,Death,12,33,0,2,4,2,16.5,16.67,0.0
MG Neser,Middle,6,11,0,2,1,0,11.0,33.33,0.0
MG Neser,Powerplay,6,18,0,1,1,2,18.0,16.67,0.0
MJ Clarke,Death,6,9,0,1,1,0,9.0,16.67,0.0
MJ Clarke,Middle,60,63,2,21,3,2,6.3,35.0,3.33
MJ Henry,Death,24,57,2,3,4,4,14.25,12.5,8.33
MJ Henry,Middle,24,49,0,5,3,3,12.25,20.83,0.0
MJ Henry,Powerplay,114,208,2,32,19,11,10.95,28.07,1.75
MJ McClenaghan,Death,368,603,32,109,39,31,9.83,29.62,8.7
MJ McClenaghan,Middle,252,369,8,92,42,11,8.79,36.51,3.17
MJ McClenaghan,Powerplay,654,867,31,306,100,30,7.95,46.79,4.74
MJ Santner,Death,51,82,5,14,6,4,9.65,27.45,9.8
MJ Santner,Middle,480,563,22,158,40,16,7.04,32.92,4.58
MJ Santner,Powerplay,156,225,3,69,28,8,8.65,44.23,1.92
MJ Suthar,Death,18,34,1,6,5,1,11.33,33.33,5.56
MJ Suthar,Middle,18,34,1,7,2,3,11.33,38.89,5.56
MJ Suthar,Powerplay,12,26,0,4,1,3,13.0,33.33,0.0
MK Lomror,Middle,78,116,0,15,6,5,8.92,19.23,0.0
MK Lomror,Powerplay,12,11,1,7,2,0,5.5,58.33,8.33
MK Tiwary,Death,12,28,1,2,0,3,14.0,16.67,8.33
MK Tiwary,Middle,30,55,0,7,2,4,11.0,23.33,0.0
MM Ali,Death,57,72,2,20,1,6,7.58,35.09,3.51
MM Ali,Middle,701,875,34,228,36,48,7.49,32.52,4.85
MM Ali,Powerplay,96,89,5,47,6,3,5.56,48.96,5.21
MM Patel,Death,305,542,23,86,53,24,10.66,28.2,7.54
MM Patel,Middle,396,407,22,156,36,6,6.17,39.39,5.56
MM Patel,Powerplay,654,784,29,348,99,23,7.19,53.21,4.43
MM Sharma,Death,807,1393,63,205,96,76,10.36,25.4,7.81
MM Sharma,Middle,738,976,35,221,90,23,7.93,29.95,4.74
MM Sharma,Powerplay,858,1168,36,387,156,32,8.17,45.1,4.2
MN Samuels,Death,52,88,5,14,5,6,10.15,26.92,9.62
MN Samuels,Middle,84,116,2,27,9,4,8.29,32.14,2.38
MN Samuels,Powerplay,78,81,2,38,9,2,6.23,48.72,2.56
MP Stoinis,Death,175,390,15,40,26,31,13.37,22.86,8.57
MP Stoinis,Middle,601,931,22,159,69,40,9.29,26.46,3.66
MP Stoinis,Powerplay,159,254,9,50,27,9,9.58,31.45,5.66
MP Yadav,Death,37,58,3,12,4,2,9.41,32.43,8.11
MP Yadav,Middle,126,221,4,52,18,15,10.52,41.27,3.17
MP Yadav,Powerplay,54,92,2,28,8,8,10.22,51.85,3.7
MR Marsh,Death,121,224,12,35,17,14,11.11,28.93,9.92
MR Marsh,Middle,333,424,19,99,35,8,7.64,29.73,5.71
MR Marsh,Powerplay,106,155,6,47,20,6,8.77,44.34,5.66
MS Gony,Death,120,213,7,35,14,13,10.65,29.17,5.83
MS Gony,Middle,282,382,12,98,35,11,8.13,34.75,4.26
MS Gony,Powerplay,486,722,18,215,86,29,8.91,44.24,3.7
MW Short,Middle,13,12,0,4,1,0,5.54,30.77,0.0
MW Short,Powerplay,30,52,0,12,4,4,10.4,40.0,0.0
Mandeep Singh,Middle,12,26,0,1,1,2,13.0,8.33,0.0
Mashrafe Mortaza,Death,12,33,0,1,2,2,16.5,8.33,0.0
Mashrafe Mortaza,Powerplay,12,26,0,5,2,2,13.0,41.67,0.0
Mayank Dagar,Death,17,22,0,5,1,1,7.76,29.41,0.0
Mayank Dagar,Middle,108,154,2,34,8,9,8.56,31.48,1.85
Mayank Dagar,Powerplay,12,29,0,4,5,1,14.5,33.33,0.0
Mohammad Asif,Death,60,106,4,11,10,4,10.6,18.33,6.67
Mohammad Asif,Middle,42,54,1,14,6,0,7.71,33.33,2.38
Mohammad Asif,Powerplay,90,147,3,39,21,4,9.8,43.33,3.33
Mohammad Hafeez,Middle,60,71,2,22,5,2,7.1,36.67,3.33
Mohammad Nabi,Death,21,35,2,5,3,1,10.0,23.81,9.52
Mohammad Nabi,Middle,228,313,6,65,15,18,8.24,28.51,2.63
Mohammad Nabi,Powerplay,168,179,7,76,15,7,6.39,45.24,4.17
Mohammed Shami,Death,728,1335,68,190,94,81,11.0,26.1,9.34
Mohammed Shami,Middle,534,772,17,158,67,27,8.67,29.59,3.18
Mohammed Shami,Powerplay,1658,2195,60,818,284,57,7.94,49.34,3.62
Mohammed Siraj,Death,740,1311,47,228,112,66,10.63,30.81,6.35
Mohammed Siraj,Middle,468,619,21,175,41,29,7.94,37.39,4.49
Mohammed Siraj,Powerplay,1464,2074,60,708,247,78,8.5,48.36,4.1
Mohit Rathee,Middle,12,29,0,3,3,2,14.5,25.0,0.0
Mohsin Khan,Death,168,281,12,52,14,19,10.04,30.95,7.14
Mohsin Khan,Middle,168,222,11,61,18,9,7.93,36.31,6.55
Mohsin Khan,Powerplay,318,430,15,159,48,19,8.11,50.0,4.72
Monu Kumar,Death,6,13,0,0,1,0,13.0,0.0,0.0
Monu Kumar,Powerplay,6,7,0,4,1,0,7.0,66.67,0.0
Mujeeb Ur Rahman,Death,72,142,5,24,6,13,11.83,33.33,6.94
Mujeeb Ur Rahman,Middle,234,302,10,68,19,8,7.74,29.06,4.27
Mujeeb Ur Rahman,Powerplay,140,182,5,59,17,5,7.8,42.14,3.57
Mukesh Choudhary,Death,81,170,4,17,10,12,12.59,20.99,4.94
Mukesh Choudhary,Middle,72,106,4,25,11,4,8.83,34.72,5.56
Mukesh Choudhary,Powerplay,330,504,17,156,63,19,9.16,47.27,5.15
Mukesh Kumar,Death,282,601,19,66,53,35,12.79,23.4,6.74
Mukesh Kumar,Middle,176,284,12,55,20,15,9.68,31.25,6.82
Mukesh Kumar,Powerplay,366,590,11,149,76,22,9.67,40.71,3.01
Musheer Khan,Middle,12,27,1,1,2,2,13.5,8.33,8.33
Mustafizur Rahman,Death,576,892,35,183,68,39,9.29,31.77,6.08
Mustafizur Rahman,Middle,326,426,16,107,36,13,7.84,32.82,4.91
Mustafizur Rahman,Powerplay,462,561,14,197,67,9,7.29,42.64,3.03
N Burger,Death,63,86,6,28,4,6,8.19,44.44,9.52
N Burger,Middle,84,148,4,24,12,9,10.57,28.57,4.76
N Burger,Powerplay,216,383,11,94,39,17,10.64,43.52,5.09
N Rana,Death,23,27,2,6,1,1,7.04,26.09,8.7
N Rana,Middle,156,236,8,40,24,7,9.08,25.64,5.13
N Rana,Powerplay,37,63,0,19,6,5,10.22,51.35,0.0
N Thushara,Death,66,107,2,14,6,4,9.73,21.21,3.03
N Thushara,Middle,18,33,0,4,2,2,11.0,22.22,0.0
N Thushara,Powerplay,96,149,7,40,20,4,9.31,41.67,7.29
N Wadhera,Death,5,9,0,1,0,1,10.8,20.0,0.0
N Wadhera,Middle,12,13,0,2,1,0,6.5,16.67,0.0
NA Saini,Death,6,23,0,1,2,2,23.0,16.67,0.0
NA Saini,Middle,6,12,0,1,1,0,12.0,16.67,0.0
NB Singh,Powerplay,24,18,1,13,2,0,4.5,54.17,4.17
ND Doshi,Death,12,11,1,6,0,1,5.5,50.0,8.33
ND Doshi,Middle,26,36,0,10,1,3,8.31,38.46,0.0
ND Doshi,Powerplay,18,32,1,8,4,2,10.67,44.44,5.56
NJ Rimmington,Middle,6,6,0,3,1,0,6.0,50.0,0.0
NJ Rimmington,Powerplay,12,14,0,6,2,0,7.0,50.0,0.0
NL McCullum,Middle,18,23,0,4,1,1,7.67,22.22,0.0
NL McCullum,Powerplay,12,12,0,6,0,1,6.0,50.0,0.0
NLTC Perera,Death,230,439,17,56,40,21,11.45,24.35,7.39
NLTC Perera,Middle,288,369,8,91,41,4,7.69,31.6,2.78
NLTC Perera,Powerplay,180,223,6,80,32,3,7.43,44.44,3.33
NM Coulter-Nile,Death,248,398,22,80,40,14,9.63,32.26,8.87
NM Coulter-Nile,Middle,249,286,11,102,25,10,6.89,40.96,4.42
NM Coulter-Nile,Powerplay,360,441,15,186,58,10,7.35,51.67,4.17
NT Ellis,Death,138,250,9,33,16,15,10.87,23.91,6.52
NT Ellis,Middle,138,182,6,39,13,5,7.91,28.26,4.35
NT Ellis,Powerplay,102,121,4,45,17,1,7.12,44.12,3.92
Naman Dhir,Death,12,8,0,5,0,0,4.0,41.67,0.0
Naman Dhir,Middle,34,62,0,3,5,2,10.94,8.82,0.0
Naman Dhir,Powerplay,6,6,0,3,1,0,6.0,50.0,0.0
Navdeep Saini,Death,178,280,11,64,25,12,9.44,35.96,6.18
Navdeep Saini,Middle,204,308,4,78,32,11,9.06,38.24,1.96
Navdeep Saini,Powerplay,288,418,9,135,51,16,8.71,46.88,3.12
Naveen-ul-Haq,Death,159,266,12,47,16,13,10.04,29.56,7.55
Naveen-ul-Haq,Middle,84,104,8,32,7,4,7.43,38.1,9.52
Naveen-ul-Haq,Powerplay,144,232,5,54,31,7,9.67,37.5,3.47
Nithish Kumar Reddy,Death,43,95,4,12,4,8,13.26,27.91,9.3
Nithish Kumar Reddy,Middle,198,342,6,49,25,18,10.36,24.75,3.03
Nithish Kumar Reddy,Powerplay,84,144,3,31,19,5,10.29,36.9,3.57
Noor Ahmad,Death,151,217,13,61,9,14,8.62,40.4,8.61
Noor Ahmad,Middle,887,1218,46,274,81,50,8.24,30.89,5.19
Noor Ahmad,Powerplay,60,96,2,23,12,3,9.6,38.33,3.33
O Thomas,Death,12,18,2,3,0,1,9.0,25.0,16.67
O Thomas,Middle,12,9,1,3,0,0,4.5,25.0,8.33
O Thomas,Powerplay,36,58,2,11,9,0,9.67,30.56,5.56
OC McCoy,Death,65,97,8,26,7,5,8.95,40.0,12.31
OC McCoy,Middle,84,144,3,18,11,4,10.29,21.43,3.57
OC McCoy,Powerplay,12,14,0,5,2,0,7.0,41.67,0.0
OF Smith,Death,18,46,3,6,2,5,15.33,33.33,16.67
OF Smith,Middle,54,112,2,19,6,11,12.44,35.19,3.7
OF Smith,Powerplay,18,21,1,10,4,0,7.0,55.56,5.56
P Amarnath,Death,18,40,1,3,4,2,13.33,16.67,5.56
P Amarnath,Middle,108,189,6,23,22,5,10.5,21.3,5.56
P Amarnath,Powerplay,6,12,0,3,3,0,12.0,50.0,0.0
P Awana,Death,171,313,14,52,26,17,10.98,30.41,8.19
P Awana,Middle,306,370,12,118,33,10,7.25,38.56,3.92
P Awana,Powerplay,270,363,13,123,48,8,8.07,45.56,4.81
P Dubey,Death,6,11,0,1,2,0,11.0,16.67,0.0
P Dubey,Middle,72,101,2,22,8,5,8.42,30.56,2.78
P Kumar,Death,592,1058,36,138,82,50,10.72,23.31,6.08
P Kumar,Middle,360,471,14,125,35,18,7.85,34.72,3.89
P Kumar,Powerplay,1572,1813,40,812,221,36,6.92,51.65,2.54
P Negi,Death,80,152,8,25,7,13,11.4,31.25,10.0
P Negi,Middle,594,738,24,193,41,32,7.45,32.49,4.04
P Negi,Powerplay,42,64,2,19,9,2,9.14,45.24,4.76
P Parameswaran,Death,39,64,5,12,6,3,9.85,30.77,12.82
P Parameswaran,Middle,79,97,2,34,12,1,7.37,43.04,2.53
P Parameswaran,Powerplay,36,65,2,18,5,6,10.83,50.0,5.56
P Prasanth,Middle,6,18,0,3,0,3,18.0,50.0,0.0
P Ray Barman,Death,6,20,0,0,1,2,20.0,0.0,0.0
P Ray Barman,Middle,18,36,0,2,2,2,12.0,11.11,0.0
P Sahu,Death,18,31,0,3,1,2,10.33,16.67,0.0
P Sahu,Middle,81,110,3,19,8,3,8.15,23.46,3.7
P Sahu,Powerplay,6,11,0,2,2,0,11.0,33.33,0.0
P Suyal,Death,24,43,0,5,3,1,10.75,20.83,0.0
P Suyal,Middle,12,18,1,6,1,1,9.0,50.0,8.33
P Suyal,Powerplay,60,93,1,25,12,3,9.3,41.67,1.67
PC Valthaty,Death,19,31,2,5,1,2,9.79,26.32,10.53
PC Valthaty,Middle,132,176,5,39,14,5,8.0,29.55,3.79
PD Collingwood,Death,23,21,3,8,1,0,5.48,34.78,13.04
PD Collingwood,Middle,66,80,2,16,3,3,7.27,24.24,3.03
PH Solanki,Death,12,15,1,5,1,1,7.5,41.67,8.33
PH Solanki,Middle,24,24,1,6,0,1,6.0,25.0,4.17
PHKD Mendis,Middle,42,60,2,11,4,3,8.57,26.19,4.76
PJ Cummins,Death,489,849,27,127,69,40,10.42,25.97,5.52
PJ Cummins,Middle,534,703,29,181,58,22,7.9,33.9,5.43
PJ Cummins,Powerplay,786,1194,31,337,126,52,9.11,42.88,3.94
PJ Sangwan,Death,136,222,6,41,13,13,9.79,30.15,4.41
PJ Sangwan,Middle,366,524,19,117,52,12,8.59,31.97,5.19
PJ Sangwan,Powerplay,354,521,13,161,62,18,8.83,45.48,3.67
PM Sarvesh Kumar,Middle,24,34,1,9,6,0,8.5,37.5,4.17
PM Sarvesh Kumar,Powerplay,6,8,0,2,1,0,8.0,33.33,0.0
PP Chawla,Death,444,657,39,150,45,34,8.88,33.78,8.78
PP Chawla,Middle,2969,3946,132,979,263,169,7.97,32.97,4.45
PP Chawla,Powerplay,437,576,21,196,66,19,7.91,44.85,4.81
PP Hinge,Death,54,97,5,18,8,5,10.78,33.33,9.26
PP Hinge,Middle,36,84,3,10,7,6,14.0,27.78,8.33
PP Hinge,Powerplay,66,126,6,32,16,8,11.45,48.48,9.09
PP Ojha,Death,286,458,20,70,30,22,9.61,24.48,6.99
PP Ojha,Middle,1373,1617,63,494,84,60,7.07,35.98,4.59
PP Ojha,Powerplay,240,324,6,103,32,15,8.1,42.92,2.5
PR Veer,Middle,6,7,0,2,1,0,7.0,33.33,0.0
PR Veer,Powerplay,6,18,0,3,0,3,18.0,50.0,0.0
PV Tambe,Death,78,143,5,15,8,9,11.0,19.23,6.41
PV Tambe,Middle,504,609,20,158,43,15,7.25,31.35,3.97
PV Tambe,Powerplay,78,114,3,31,13,4,8.77,39.74,3.85
PVD Chameera,Death,102,197,5,32,17,12,11.59,31.37,4.9
PVD Chameera,Middle,90,129,1,25,13,3,8.6,27.78,1.11
PVD Chameera,Powerplay,204,332,7,94,37,16,9.76,46.08,3.43
PVSN Raju,Death,12,29,1,3,0,3,14.5,25.0,8.33
PVSN Raju,Middle,6,12,0,0,2,0,12.0,0.0,0.0
PVSN Raju,Powerplay,6,13,0,0,2,0,13.0,0.0,0.0
PWA Mulder,Death,6,16,0,1,2,1,16.0,16.67,0.0
PWH de Silva,Death,120,170,12,45,5,15,8.5,37.5,10.0
PWH de Silva,Middle,618,865,30,193,50,48,8.4,31.23,4.85
PWH de Silva,Powerplay,60,99,4,26,10,7,9.9,43.33,6.67
Pankaj Singh,Death,48,110,1,8,9,6,13.75,16.67,2.08
Pankaj Singh,Middle,102,167,2,31,15,8,9.82,30.39,1.96
Pankaj Singh,Powerplay,150,195,8,72,28,3,7.8,48.0,5.33
Parvez Rasool,Middle,132,172,3,36,12,6,7.82,27.27,2.27
Parvez Rasool,Powerplay,66,101,1,24,10,5,9.18,36.36,1.52
Prince Yadav,Death,137,252,4,33,25,12,11.04,24.09,2.92
Prince Yadav,Middle,174,241,9,58,14,12,8.31,33.33,5.17
Prince Yadav,Powerplay,139,202,6,65,25,6,8.72,46.76,4.32
R Ashwin,Death,601,834,36,178,34,42,8.33,29.62,5.99
R Ashwin,Middle,2857,3385,101,893,171,122,7.11,31.26,3.54
R Ashwin,Powerplay,1252,1502,50,535,129,57,7.2,42.73,3.99
R Bhatia,Death,231,336,19,61,16,18,8.73,26.41,8.23
R Bhatia,Middle,1393,1698,52,371,100,49,7.31,26.63,3.73
R Bhatia,Powerplay,12,25,0,4,4,1,12.5,33.33,0.0
R Dhawan,Death,92,168,4,16,10,7,10.96,17.39,4.35
R Dhawan,Middle,414,533,16,125,40,12,7.72,30.19,3.86
R Dhawan,Powerplay,156,221,5,64,21,8,8.5,41.03,3.21
R Goyal,Middle,24,34,0,6,1,2,8.5,25.0,0.0
R McLaren,Death,84,156,5,16,15,5,11.14,19.05,5.95
R McLaren,Middle,120,182,3,33,22,2,9.1,27.5,2.5
R McLaren,Powerplay,150,220,4,67,32,4,8.8,44.67,2.67
R Ninan,Death,6,16,0,0,0,2,16.0,0.0,0.0
R Ninan,Middle,30,49,3,8,3,3,9.8,26.67,10.0
R Parag,Death,13,31,0,1,2,2,14.31,7.69,0.0
R Parag,Middle,294,469,8,65,28,23,9.57,22.11,2.72
R Parag,Powerplay,12,16,1,4,2,0,8.0,33.33,8.33
R Powell,Death,6,14,0,1,1,1,14.0,16.67,0.0
R Powell,Middle,12,21,1,3,1,1,10.5,25.0,8.33
R Rampaul,Death,52,102,4,17,3,9,11.77,32.69,7.69
R Rampaul,Middle,54,54,3,19,1,1,6.0,35.19,5.56
R Rampaul,Powerplay,162,163,9,94,21,4,6.04,58.02,5.56
R Ravindra,Middle,12,7,0,5,0,0,3.5,41.67,0.0
R Sai Kishore,Death,81,145,9,19,7,10,10.74,23.46,11.11
R Sai Kishore,Middle,366,523,23,110,28,31,8.57,30.05,6.28
R Sai Kishore,Powerplay,18,33,1,7,2,3,11.0,38.89,5.56
R Sanjay Yadav,Middle,6,15,0,2,1,1,15.0,33.33,0.0
R Sanjay Yadav,Powerplay,6,8,0,4,2,0,8.0,66.67,0.0
R Sathish,Death,25,79,0,2,5,7,18.96,8.0,0.0
R Sathish,Middle,114,154,3,28,13,3,8.11,24.56,2.63
R Sharma,Death,154,230,8,45,13,13,8.96,29.22,5.19
R Sharma,Middle,684,769,30,253,48,28,6.75,36.99,4.39
R Sharma,Powerplay,90,101,2,36,9,4,6.73,40.0,2.22
R Shepherd,Death,84,196,6,21,9,18,14.0,25.0,7.14
R Shepherd,Middle,252,486,9,65,38,30,11.57,25.79,3.57
R Shepherd,Powerplay,24,37,2,12,4,2,9.25,50.0,8.33
R Shukla,Death,30,73,0,7,3,6,14.6,23.33,0.0
R Shukla,Middle,36,65,1,10,7,2,10.83,27.78,2.78
R Shukla,Powerplay,54,79,4,21,11,1,8.78,38.89,7.41
R Tewatia,Death,45,55,4,18,3,2,7.33,40.0,8.89
R Tewatia,Middle,786,1047,28,241,50,58,7.99,30.66,3.56
R Tewatia,Powerplay,12,15,0,5,1,1,7.5,41.67,0.0
R Vinay Kumar,Death,657,1172,47,166,91,56,10.7,25.27,7.15
R Vinay Kumar,Middle,714,939,28,248,85,29,7.89,34.73,3.92
R Vinay Kumar,Powerplay,756,930,30,349,120,15,7.38,46.16,3.97
RA Bawa,Death,6,15,1,2,0,1,15.0,33.33,16.67
RA Bawa,Middle,18,35,1,5,2,2,11.67,27.78,5.56
RA Jadeja,Death,528,785,30,165,41,47,8.92,31.25,5.68
RA Jadeja,Middle,3582,4541,144,1119,266,182,7.61,31.24,4.02
RA Jadeja,Powerplay,144,199,6,58,20,8,8.29,40.28,4.17
RA Shaikh,Powerplay,6,11,0,1,2,0,11.0,16.67,0.0
RA Tripathi,Middle,6,12,0,0,2,0,12.0,0.0,0.0
RD Chahar,Death,170,237,14,55,12,12,8.36,32.35,8.24
RD Chahar,Middle,1452,1888,58,490,119,85,7.8,33.75,3.99
RD Chahar,Powerplay,72,95,3,35,12,4,7.92,48.61,4.17
RE van der Merwe,Death,95,133,7,17,3,5,8.4,17.89,7.37
RE van der Merwe,Middle,312,322,11,116,14,10,6.19,37.18,3.53
RE van der Merwe,Powerplay,36,60,3,15,8,2,10.0,41.67,8.33
RG More,Death,17,30,0,3,1,1,10.59,17.65,0.0
RG More,Middle,12,18,1,1,1,0,9.0,8.33,8.33
RG More,Powerplay,6,15,0,0,3,0,15.0,0.0,0.0
RG Sharma,Death,49,72,7,13,4,4,8.82,26.53,14.29
RG Sharma,Middle,240,322,6,53,20,7,8.05,22.08,2.5
RG Sharma,Powerplay,50,68,2,22,5,3,8.16,44.0,4.0
RJ Gleeson,Death,26,50,1,8,6,2,11.54,30.77,3.85
RJ Gleeson,Middle,18,21,0,6,2,0,7.0,33.33,0.0
RJ Gleeson,Powerplay,24,40,1,10,6,1,10.0,41.67,4.17
RJ Harris,Death,274,434,25,78,36,17,9.5,28.47,9.12
RJ Harris,Middle,132,171,6,50,19,2,7.77,37.88,4.55
RJ Harris,Powerplay,426,480,14,236,64,8,6.76,55.4,3.29
RJ Peterson,Death,18,39,2,5,3,3,13.0,27.78,11.11
RJ Peterson,Middle,18,21,1,10,1,2,7.0,55.56,5.56
RJ Peterson,Powerplay,12,10,0,6,1,0,5.0,50.0,0.0
RJW Topley,Death,30,69,2,7,4,6,13.8,23.33,6.67
RJW Topley,Middle,30,62,1,10,6,4,12.4,33.33,3.33
RJW Topley,Powerplay,60,91,2,27,13,3,9.1,45.0,3.33
RN ten Doeschate,Death,6,12,0,0,1,0,12.0,0.0,0.0
RN ten Doeschate,Middle,72,82,2,22,3,3,6.83,30.56,2.78
RP Meredith,Death,130,244,12,44,21,14,11.26,33.85,9.23
RP Meredith,Middle,150,219,5,55,19,9,8.76,36.67,3.33
RP Meredith,Powerplay,108,158,2,48,23,3,8.78,44.44,1.85
RP Singh,Death,527,837,45,146,70,29,9.53,27.7,8.54
RP Singh,Middle,246,343,10,80,33,8,8.37,32.52,4.07
RP Singh,Powerplay,1002,1237,35,518,151,33,7.41,51.7,3.49
RR Bhatkal,Middle,6,15,0,0,1,1,15.0,0.0,0.0
RR Bhatkal,Powerplay,6,20,0,0,1,2,20.0,0.0,0.0
RR Bose,Powerplay,12,24,0,5,5,0,12.0,41.67,0.0
RR Powar,Death,24,35,2,10,1,3,8.75,41.67,8.33
RR Powar,Middle,270,332,7,84,19,10,7.38,31.11,2.59
RR Powar,Powerplay,132,171,4,72,21,5,7.77,54.55,3.03
RR Raje,Death,37,64,1,8,5,2,10.38,21.62,2.7
RR Raje,Middle,96,141,5,27,16,2,8.81,28.12,5.21
RR Raje,Powerplay,6,9,0,4,2,0,9.0,66.67,0.0
RS Bopara,Death,42,70,2,10,7,3,10.0,23.81,4.76
RS Bopara,Middle,164,231,9,51,18,7,8.45,31.1,5.49
RS Gavaskar,Death,6,8,0,2,1,0,8.0,33.33,0.0
RS Ghosh,Middle,18,24,1,6,4,0,8.0,33.33,5.56
RS Hangargekar,Death,12,16,1,6,0,1,8.0,50.0,8.33
RS Hangargekar,Middle,18,32,1,6,4,1,10.67,33.33,5.56
RS Hangargekar,Powerplay,6,12,1,2,2,0,12.0,33.33,16.67
RV Gomez,Death,12,25,1,5,1,3,12.5,41.67,8.33
RV Gomez,Middle,84,105,4,32,9,4,7.5,38.1,4.76
RV Patel,Death,6,11,0,0,1,0,11.0,0.0,0.0
RV Patel,Middle,12,11,0,5,1,0,5.5,41.67,0.0
RW Price,Middle,12,19,0,1,1,1,9.5,8.33,0.0
RW Price,Powerplay,6,14,0,0,1,1,14.0,0.0,0.0
Raghu Sharma,Death,6,14,0,2,0,2,14.0,33.33,0.0
Raghu Sharma,Middle,84,116,1,21,5,6,8.29,25.0,1.19
Ramandeep Singh,Death,32,58,5,8,3,3,10.88,25.0,15.62
Ramandeep Singh,Middle,24,37,2,5,3,1,9.25,20.83,8.33
Rashid Khan,Death,630,934,43,216,54,59,8.9,34.29,6.83
Rashid Khan,Middle,2552,2979,121,901,180,117,7.0,35.31,4.74
Rashid Khan,Powerplay,361,477,15,140,38,21,7.93,38.78,4.16
Rasikh Salam,Death,146,257,13,44,15,16,10.56,30.14,8.9
Rasikh Salam,Middle,186,322,11,45,32,12,10.39,24.19,5.91
Rasikh Salam,Powerplay,156,240,5,62,34,7,9.23,39.74,3.21
Ravi Bishnoi,Death,265,420,21,97,33,24,9.51,36.6,7.92
Ravi Bishnoi,Middle,1386,1898,56,444,127,84,8.22,32.03,4.04
Ravi Bishnoi,Powerplay,138,204,6,58,23,8,8.87,42.03,4.35
S Aravind,Death,148,244,15,43,15,15,9.89,29.05,10.14
S Aravind,Middle,186,270,10,60,29,8,8.71,32.26,5.38
S Aravind,Powerplay,426,543,20,187,61,15,7.65,43.9,4.69
S Badree,Death,6,4,0,2,0,0,4.0,33.33,0.0
S Badree,Middle,96,129,4,30,9,5,8.06,31.25,4.17
S Badree,Powerplay,156,196,7,77,19,9,7.54,49.36,4.49
S Dhawan,Middle,30,41,3,12,2,3,8.2,40.0,10.0
S Dhawan,Powerplay,18,31,1,5,5,0,10.33,27.78,5.56
S Dube,Death,40,76,3,8,6,4,11.4,20.0,7.5
S Dube,Middle,114,211,3,22,18,8,11.11,19.3,2.63
S Gopal,Death,55,63,6,15,2,2,6.87,27.27,10.91
S Gopal,Middle,822,1144,38,252,59,65,8.35,30.66,4.62
S Gopal,Powerplay,114,151,8,50,16,7,7.95,43.86,7.02
S Joseph,Middle,12,24,0,4,2,1,12.0,33.33,0.0
S Joseph,Powerplay,12,27,0,5,2,1,13.5,41.67,0.0
S Kaul,Death,417,622,30,106,49,25,8.95,25.42,7.19
S Kaul,Middle,444,619,16,144,50,23,8.36,32.43,3.6
S Kaul,Powerplay,348,531,12,137,67,17,9.16,39.37,3.45
S Kaushik,Death,24,59,0,4,4,5,14.75,16.67,0.0
S Kaushik,Middle,162,204,6,57,14,8,7.56,35.19,3.7
S Kaushik,Powerplay,18,41,0,7,7,1,13.67,38.89,0.0
S Ladda,Death,36,72,3,12,3,7,12.0,33.33,8.33
S Ladda,Middle,84,125,1,29,5,9,8.93,34.52,1.19
S Ladda,Powerplay,18,28,1,7,4,1,9.33,38.89,5.56
S Lamichhane,Death,30,52,1,8,2,4,10.4,26.67,3.33
S Lamichhane,Middle,108,141,7,33,6,9,7.83,30.56,6.48
S Lamichhane,Powerplay,72,104,5,34,13,4,8.67,47.22,6.94
S Midhun,Middle,12,29,0,3,2,2,14.5,25.0,0.0
S Nadeem,Death,114,181,6,28,9,10,9.53,24.56,5.26
S Nadeem,Middle,1001,1205,34,312,67,45,7.22,31.17,3.4
S Nadeem,Powerplay,300,414,8,113,38,18,8.28,37.67,2.67
S Narwal,Death,18,59,2,3,0,8,19.67,16.67,11.11
S Narwal,Middle,22,38,0,7,4,1,10.36,31.82,0.0
S Narwal,Powerplay,66,106,3,27,13,4,9.64,40.91,4.55
S Rana,Death,4,2,0,2,0,0,3.0,50.0,0.0
S Rana,Middle,12,16,0,3,2,0,8.0,25.0,0.0
S Randiv,Death,18,27,3,6,1,2,9.0,33.33,16.67
S Randiv,Middle,144,175,3,50,17,2,7.29,34.72,2.08
S Randiv,Powerplay,12,21,0,4,2,1,10.5,33.33,0.0
S Sandeep Warrier,Middle,30,45,0,5,2,2,9.0,16.67,0.0
S Sandeep Warrier,Powerplay,138,212,8,67,23,12,9.22,48.55,5.8
S Sreesanth,Death,136,256,8,36,23,12,11.29,26.47,5.88
S Sreesanth,Middle,174,226,5,73,17,10,7.79,41.95,2.87
S Sreesanth,Powerplay,570,739,27,290,90,17,7.78,50.88,4.74
S Sriram,Middle,18,49,0,2,4,4,16.33,11.11,0.0
S Tyagi,Death,11,32,0,1,5,1,17.45,9.09,0.0
S Tyagi,Middle,30,38,1,15,4,1,7.6,50.0,3.33
S Tyagi,Powerplay,168,234,5,77,25,10,8.36,45.83,2.98
S Vidyut,Middle,12,22,1,5,1,2,11.0,41.67,8.33
SA Abbott,Death,6,18,0,2,1,2,18.0,33.33,0.0
SA Abbott,Middle,18,31,0,4,4,0,10.33,22.22,0.0
SA Abbott,Powerplay,30,55,1,7,8,1,11.0,23.33,3.33
SA Yadav,Powerplay,6,8,0,2,1,0,8.0,33.33,0.0
SB Bangar,Death,24,57,1,2,8,2,14.25,8.33,4.17
SB Bangar,Middle,108,151,2,42,15,5,8.39,38.89,1.85
SB Bangar,Powerplay,18,13,1,11,1,0,4.33,61.11,5.56
SB Jakati,Death,131,209,10,38,12,13,9.57,29.01,7.63
SB Jakati,Middle,858,1126,37,263,67,43,7.87,30.65,4.31
SB Jakati,Powerplay,96,139,0,36,18,4,8.69,37.5,0.0
SB Joshi,Death,7,13,1,3,3,0,11.14,42.86,14.29
SB Joshi,Middle,48,69,0,15,3,5,8.62,31.25,0.0
SB Styris,Death,66,115,6,21,6,10,10.45,31.82,9.09
SB Styris,Middle,108,118,1,44,11,2,6.56,40.74,0.93
SB Styris,Powerplay,42,45,1,18,2,2,6.43,42.86,2.38
SB Wagh,Death,12,27,1,1,0,2,13.5,8.33,8.33
SB Wagh,Powerplay,90,120,4,44,21,0,8.0,48.89,4.44
SC Ganguly,Death,12,33,0,1,2,3,16.5,8.33,0.0
SC Ganguly,Middle,246,305,10,68,22,8,7.44,27.64,4.07
SC Ganguly,Powerplay,18,32,0,6,1,3,10.67,33.33,0.0
SC Kuggeleijn,Death,24,33,2,11,4,1,8.25,45.83,8.33
SC Kuggeleijn,Middle,18,27,0,5,2,1,9.0,27.78,0.0
SC Kuggeleijn,Powerplay,6,11,0,1,0,1,11.0,16.67,0.0
SD Chitnis,Death,6,9,1,2,0,0,9.0,33.33,16.67
SD Chitnis,Middle,24,40,1,5,3,2,10.0,20.83,4.17
SD Chitnis,Powerplay,6,13,0,2,1,1,13.0,33.33,0.0
SE Bond,Death,54,87,2,15,9,2,9.67,27.78,3.7
SE Bond,Middle,42,43,3,18,5,0,6.14,42.86,7.14
SE Bond,Powerplay,90,95,4,42,13,1,6.33,46.67,4.44
SE Rutherford,Death,5,2,0,3,0,0,2.4,60.0,0.0
SE Rutherford,Middle,36,58,1,4,4,1,9.67,11.11,2.78
SH Johnson,Death,50,82,3,17,5,5,9.84,34.0,6.0
SH Johnson,Middle,54,99,3,16,11,5,11.0,29.63,5.56
SH Johnson,Powerplay,126,222,1,52,28,9,10.57,41.27,0.79
SJ Srivastava,Death,54,88,5,19,8,4,9.78,35.19,9.26
SJ Srivastava,Middle,96,145,4,30,13,5,9.06,31.25,4.17
SJ Srivastava,Powerplay,132,211,5,54,29,4,9.59,40.91,3.79
SK Raina,Death,129,192,6,36,9,12,8.93,27.91,4.65
SK Raina,Middle,713,864,17,222,57,28,7.27,31.14,2.38
SK Raina,Powerplay,66,83,2,22,5,4,7.55,33.33,3.03
SK Trivedi,Death,306,465,20,88,25,25,9.12,28.76,6.54
SK Trivedi,Middle,1074,1281,39,344,101,21,7.16,32.03,3.63
SK Trivedi,Powerplay,126,198,6,60,28,5,9.43,47.62,4.76
SK Warne,Death,216,327,18,70,19,20,9.08,32.41,8.33
SK Warne,Middle,942,1079,38,345,65,34,6.87,36.62,4.03
SK Warne,Powerplay,36,59,1,11,7,2,9.83,30.56,2.78
SL Malinga,Death,1117,1526,108,350,104,50,8.2,31.33,9.67
SL Malinga,Middle,600,750,25,212,63,16,7.5,35.33,4.17
SL Malinga,Powerplay,1110,1210,37,582,147,20,6.54,52.43,3.33
SM Boland,Death,18,24,1,5,1,1,8.0,27.78,5.56
SM Boland,Middle,6,10,0,0,1,0,10.0,0.0,0.0
SM Boland,Powerplay,18,22,1,9,4,0,7.33,50.0,5.56
SM Curran,Death,389,747,34,95,50,47,11.52,24.42,8.74
SM Curran,Middle,294,516,14,73,45,24,10.53,24.83,4.76
SM Curran,Powerplay,570,796,11,226,102,18,8.38,39.65,1.93
SM Harwood,Death,24,46,1,7,5,1,11.5,29.17,4.17
SM Harwood,Middle,18,21,1,11,0,1,7.0,61.11,5.56
SM Harwood,Powerplay,18,7,1,15,1,0,2.33,83.33,5.56
SM Pollock,Death,6,8,0,1,1,0,8.0,16.67,0.0
SM Pollock,Middle,66,86,3,24,7,4,7.82,36.36,4.55
SM Pollock,Powerplay,204,213,8,105,22,5,6.26,51.47,3.92
SMSM Senanayake,Death,24,34,2,6,3,1,8.5,25.0,8.33
SMSM Senanayake,Middle,42,66,3,11,3,4,9.43,26.19,7.14
SMSM Senanayake,Powerplay,126,111,4,56,11,0,5.29,44.44,3.17
SN Khan,Death,2,6,0,0,1,0,18.0,0.0,0.0
SN Thakur,Death,749,1354,55,215,89,79,10.85,28.7,7.34
SN Thakur,Middle,729,1047,35,241,93,30,8.62,33.06,4.8
SN Thakur,Powerplay,724,1153,29,279,157,33,9.56,38.54,4.01
SP Narine,Death,1105,1365,84,413,76,65,7.41,37.38,7.6
SP Narine,Middle,2556,2844,94,903,143,102,6.68,35.33,3.68
SP Narine,Powerplay,999,1170,31,470,121,39,7.03,47.05,3.1
SPD Smith,Death,2,5,0,0,1,0,15.0,0.0,0.0
SR Dubey,Death,25,46,2,8,5,2,11.04,32.0,8.0
SR Dubey,Powerplay,52,64,3,29,5,3,7.38,55.77,5.77
SR Tendulkar,Death,6,19,0,1,3,1,19.0,16.67,0.0
SR Tendulkar,Middle,30,40,0,3,3,0,8.0,10.0,0.0
SR Watson,Death,577,961,42,180,89,37,9.99,31.2,7.28
SR Watson,Middle,618,766,16,206,65,19,7.44,33.33,2.59
SR Watson,Powerplay,834,1015,34,417,139,18,7.3,50.0,4.08
SS Agarwal,Middle,18,31,1,6,1,3,10.33,33.33,5.56
SS Agarwal,Powerplay,6,11,0,1,2,0,11.0,16.67,0.0
SS Cottrell,Death,18,48,2,5,3,5,16.0,27.78,11.11
SS Cottrell,Middle,18,21,0,5,0,1,7.0,27.78,0.0
SS Cottrell,Powerplay,84,108,4,48,16,2,7.71,57.14,4.76
SS Iyer,Death,6,7,0,4,0,1,7.0,66.67,0.0
SS Mishra,Death,8,12,1,3,0,1,9.0,37.5,12.5
SS Mishra,Middle,24,43,1,9,5,1,10.75,37.5,4.17
SS Mishra,Powerplay,6,13,0,3,1,1,13.0,50.0,0.0
SS Mundhe,Powerplay,6,6,1,4,1,0,6.0,66.67,16.67
SS Sarkar,Death,13,13,1,4,1,0,6.0,30.77,7.69
SS Sarkar,Middle,6,6,0,0,0,0,6.0,0.0,0.0
SS Sarkar,Powerplay,6,15,0,0,3,0,15.0,0.0,0.0
SSB Magala,Death,12,10,1,2,0,0,5.0,16.67,8.33
SSB Magala,Middle,12,14,0,2,0,0,7.0,16.67,0.0
SSB Magala,Powerplay,12,28,0,1,5,0,14.0,8.33,0.0
ST Jayasuriya,Death,60,87,3,16,4,5,8.7,26.67,5.0
ST Jayasuriya,Middle,228,299,10,65,18,10,7.87,28.51,4.39
ST Jayasuriya,Powerplay,6,10,0,2,0,1,10.0,33.33,0.0
STR Binny,Death,60,97,3,10,7,3,9.7,16.67,5.0
STR Binny,Middle,378,472,14,123,46,7,7.49,32.54,3.7
STR Binny,Powerplay,156,194,5,66,23,4,7.46,42.31,3.21
SW Tait,Death,150,216,13,50,19,5,8.64,33.33,8.67
SW Tait,Middle,95,148,3,37,16,3,9.35,38.95,3.16
SW Tait,Powerplay,228,304,7,113,36,4,8.0,49.56,3.07
SZ Mulani,Death,6,21,0,1,1,2,21.0,16.67,0.0
SZ Mulani,Middle,18,24,0,4,0,1,8.0,22.22,0.0
SZ Mulani,Powerplay,6,12,0,2,1,1,12.0,33.33,0.0
Sachin Baby,Death,4,4,2,3,1,0,6.0,75.0,50.0
Sachin Baby,Middle,6,4,0,2,0,0,4.0,33.33,0.0
Sakib Hussain,Death,78,118,7,25,8,4,9.08,32.05,8.97
Sakib Hussain,Middle,114,171,5,34,15,7,9.0,29.82,4.39
Sakib Hussain,Powerplay,60,110,3,27,9,7,11.0,45.0,5.0
Sandeep Sharma,Death,789,1400,63,193,93,78,10.65,24.46,7.98
Sandeep Sharma,Middle,630,858,24,180,62,25,8.17,28.57,3.81
Sandeep Sharma,Powerplay,1744,2101,64,832,257,53,7.23,47.71,3.67
Shahbaz Ahmed,Death,52,90,7,14,5,6,10.38,26.92,13.46
Shahbaz Ahmed,Middle,453,747,18,108,51,39,9.89,23.84,3.97
Shahbaz Ahmed,Powerplay,150,246,2,46,20,14,9.84,30.67,1.33
Shahid Afridi,Death,36,59,2,8,3,3,9.83,22.22,5.56
Shahid Afridi,Middle,120,152,6,38,12,4,7.6,31.67,5.0
Shahid Afridi,Powerplay,24,26,1,11,4,0,6.5,45.83,4.17
Shakib Al Hasan,Death,194,312,13,47,16,17,9.65,24.23,6.7
Shakib Al Hasan,Middle,840,981,32,254,41,39,7.01,30.24,3.81
Shakib Al Hasan,Powerplay,450,571,18,203,63,22,7.61,45.11,4.0
Shashank Singh,Death,18,43,1,4,3,4,14.33,22.22,5.56
Shashank Singh,Middle,72,98,4,17,9,1,8.17,23.61,5.56
Shivam Mavi,Death,187,352,12,53,23,20,11.29,28.34,6.42
Shivam Mavi,Middle,162,185,9,71,15,6,6.85,43.83,5.56
Shivam Mavi,Powerplay,300,421,9,130,54,12,8.42,43.33,3.0
Shivam Sharma,Death,24,38,0,5,2,2,9.5,20.83,0.0
Shivam Sharma,Middle,90,127,4,32,7,8,8.47,35.56,4.44
Shivang Kumar,Death,12,25,2,4,1,2,12.5,33.33,16.67
Shivang Kumar,Middle,216,328,7,56,28,14,9.11,25.93,3.24
Shivang Kumar,Powerplay,6,23,0,2,1,3,23.0,33.33,0.0
Shoaib Ahmed,Death,18,42,0,3,2,4,14.0,16.67,0.0
Shoaib Ahmed,Middle,66,75,4,23,7,1,6.82,34.85,6.06
Shoaib Ahmed,Powerplay,18,37,1,7,5,2,12.33,38.89,5.56
Shoaib Akhtar,Powerplay,42,54,5,23,6,2,7.71,54.76,11.9
Shoaib Malik,Death,15,25,1,6,3,1,10.0,40.0,6.67
Shoaib Malik,Middle,36,62,1,9,4,2,10.33,25.0,2.78
Sikandar Raza,Middle,72,118,3,17,12,2,9.83,23.61,4.17
Sikandar Raza,Powerplay,12,28,0,4,3,2,14.0,33.33,0.0
Simarjeet Singh,Death,36,64,1,10,7,2,10.67,27.78,2.78
Simarjeet Singh,Middle,78,132,5,35,8,11,10.15,44.87,6.41
Simarjeet Singh,Powerplay,126,215,5,57,21,12,10.24,45.24,3.97
Sohail Tanvir,Death,103,122,16,38,9,3,7.11,36.89,15.53
Sohail Tanvir,Middle,12,8,0,7,1,0,4.0,58.33,0.0
Sohail Tanvir,Powerplay,132,145,6,76,17,4,6.59,57.58,4.55
Sumit Kumar,Death,2,8,0,1,0,1,24.0,50.0,0.0
Sumit Kumar,Middle,18,30,0,3,3,1,10.0,16.67,0.0
Sunny Gupta,Middle,12,35,0,0,2,3,17.5,0.0,0.0
Sunny Gupta,Powerplay,6,12,0,0,2,0,12.0,0.0,0.0
Suryansh Shedge,Death,6,26,0,0,2,2,26.0,0.0,0.0
Suryansh Shedge,Middle,12,14,0,1,1,0,7.0,8.33,0.0
Suyash Sharma,Death,95,147,4,29,10,8,9.28,30.53,4.21
Suyash Sharma,Middle,690,1046,20,213,82,51,9.1,30.87,2.9
Suyash Sharma,Powerplay,18,22,3,7,2,1,7.33,38.89,16.67
Swapnil Singh,Middle,120,179,2,20,7,9,8.95,16.67,1.67
Swapnil Singh,Powerplay,42,62,5,19,7,3,8.86,45.24,11.9
T Henderson,Death,18,28,0,5,4,0,9.33,27.78,0.0
T Henderson,Middle,18,13,1,9,1,0,4.33,50.0,5.56
T Natarajan,Death,631,1082,47,167,94,50,10.29,26.47,7.45
T Natarajan,Middle,532,776,11,128,46,31,8.75,24.06,2.07
T Natarajan,Powerplay,390,553,15,170,73,16,8.51,43.59,3.85
T Shamsi,Death,18,42,1,4,4,3,14.0,22.22,5.56
T Shamsi,Middle,102,143,2,24,10,5,8.41,23.53,1.96
T Stubbs,Death,6,5,0,1,0,0,5.0,16.67,0.0
T Stubbs,Middle,30,64,4,11,4,6,12.8,36.67,13.33
T Thushara,Death,45,80,4,13,7,3,10.67,28.89,8.89
T Thushara,Middle,30,24,1,14,1,0,4.8,46.67,3.33
T Thushara,Powerplay,60,60,3,30,7,1,6.0,50.0,5.0
T Vijay,Middle,6,11,0,0,0,1,11.0,0.0,0.0
T Vijay,Powerplay,6,18,0,2,3,1,18.0,33.33,0.0
TA Boult,Death,746,1329,57,191,118,63,10.69,25.6,7.64
TA Boult,Middle,378,576,16,90,53,14,9.14,23.81,4.23
TA Boult,Powerplay,1660,2089,72,854,270,62,7.55,51.45,4.34
TG Southee,Death,348,622,18,83,44,32,10.72,23.85,5.17
TG Southee,Middle,222,289,11,73,21,9,7.81,32.88,4.95
TG Southee,Powerplay,636,863,18,291,110,21,8.14,45.75,2.83
TH David,Middle,6,18,0,1,1,2,18.0,16.67,0.0
TK Curran,Death,111,233,7,19,16,14,12.59,17.12,6.31
TK Curran,Middle,85,132,5,21,9,6,9.32,24.71,5.88
TK Curran,Powerplay,42,67,1,17,8,3,9.57,40.48,2.38
TL Suman,Death,24,48,1,6,3,3,12.0,25.0,4.17
TL Suman,Middle,120,144,5,36,5,7,7.2,30.0,4.17
TL Suman,Powerplay,6,6,0,1,0,0,6.0,16.67,0.0
TM Dilshan,Death,25,31,1,8,1,2,7.44,32.0,4.0
TM Dilshan,Middle,204,275,4,59,20,11,8.09,28.92,1.96
TM Dilshan,Powerplay,42,62,0,12,6,2,8.86,28.57,0.0
TM Head,Death,24,35,3,4,1,2,8.75,16.67,12.5
TM Head,Middle,40,86,0,6,6,6,12.9,15.0,0.0
TP Sudhindra,Death,22,50,0,3,1,5,13.64,13.64,0.0
TP Sudhindra,Middle,24,47,1,5,4,2,11.75,20.83,4.17
TP Sudhindra,Powerplay,24,40,0,10,4,2,10.0,41.67,0.0
TS Mills,Death,65,110,4,20,11,5,10.15,30.77,6.15
TS Mills,Middle,72,133,1,15,15,5,11.08,20.83,1.39
TS Mills,Powerplay,72,106,6,34,11,4,8.83,47.22,8.33
TU Deshpande,Death,359,715,29,102,56,41,11.95,28.41,8.08
TU Deshpande,Middle,222,399,9,48,33,15,10.78,21.62,4.05
TU Deshpande,Powerplay,522,785,17,227,100,26,9.02,43.49,3.26
Tejas Baroka,Death,3,9,0,0,0,1,18.0,0.0,0.0
Tejas Baroka,Middle,12,16,0,2,0,1,8.0,16.67,0.0
Tejas Baroka,Powerplay,6,8,0,4,2,0,8.0,66.67,0.0
Tilak Varma,Death,4,8,0,0,1,0,12.0,0.0,0.0
Tilak Varma,Middle,12,13,0,6,2,0,6.5,50.0,0.0
Tilak Varma,Powerplay,6,7,0,2,1,0,7.0,33.33,0.0
UT Yadav,Death,732,1312,52,196,102,66,10.75,26.78,7.1
UT Yadav,Middle,872,1204,34,289,124,32,8.28,33.14,3.9
UT Yadav,Powerplay,1452,1926,58,701,247,53,7.96,48.28,3.99
Umar Gul,Death,45,88,4,10,6,4,11.73,22.22,8.89
Umar Gul,Middle,54,68,4,21,6,1,7.56,38.89,7.41
Umar Gul,Powerplay,36,42,4,20,5,0,7.0,55.56,11.11
Umran Malik,Death,73,127,6,29,18,5,10.44,39.73,8.22
Umran Malik,Middle,390,563,23,170,63,19,8.66,43.59,5.9
Umran Malik,Powerplay,30,95,0,6,12,5,19.0,20.0,0.0
V Kaverappa,Middle,6,16,0,0,0,2,16.0,0.0,0.0
V Kaverappa,Powerplay,18,20,2,11,2,1,6.67,61.11,11.11
V Kohli,Death,26,56,1,6,4,4,12.92,23.08,3.85
V Kohli,Middle,225,315,3,46,21,7,8.4,20.44,1.33
V Nigam,Death,36,37,2,13,1,1,6.17,36.11,5.56
V Nigam,Middle,198,358,7,47,20,24,10.85,23.74,3.54
V Nigam,Powerplay,54,83,4,25,10,4,9.22,46.3,7.41
V Pratap Singh,Death,42,71,5,9,6,3,10.14,21.43,11.9
V Pratap Singh,Middle,66,89,2,22,8,3,8.09,33.33,3.03
V Pratap Singh,Powerplay,96,140,3,40,17,4,8.75,41.67,3.12
V Puthur,Death,12,24,0,2,1,2,12.0,16.67,0.0
V Puthur,Middle,60,85,6,22,3,7,8.5,36.67,10.0
V Sehwag,Death,22,50,2,4,4,4,13.64,18.18,9.09
V Sehwag,Middle,102,139,4,39,11,8,8.18,38.24,3.92
V Sehwag,Powerplay,12,47,0,1,4,4,23.5,8.33,0.0
V Shankar,Death,45,66,2,15,7,1,8.8,33.33,4.44
V Shankar,Middle,185,264,7,62,22,10,8.56,33.51,3.78
V Shankar,Powerplay,8,14,0,3,0,1,10.5,37.5,0.0
V Viyaskanth,Middle,60,90,1,16,4,6,9.0,26.67,1.67
VG Arora,Death,224,399,19,65,34,18,10.69,29.02,8.48
VG Arora,Middle,102,198,6,25,24,7,11.65,24.51,5.88
VG Arora,Powerplay,540,828,22,216,98,30,9.2,40.0,4.07
VR Aaron,Death,208,406,15,60,33,21,11.71,28.85,7.21
VR Aaron,Middle,402,552,15,151,60,13,8.24,37.56,3.73
VR Aaron,Powerplay,384,569,14,176,66,18,8.89,45.83,3.65
VR Iyer,Death,33,55,2,8,5,2,10.0,24.24,6.06
VR Iyer,Middle,48,90,1,7,7,5,11.25,14.58,2.08
VRV Singh,Death,108,163,7,28,16,3,9.06,25.93,6.48
VRV Singh,Middle,174,250,4,54,23,8,8.62,31.03,2.3
VRV Singh,Powerplay,78,136,1,32,19,5,10.46,41.03,1.28
VS Malik,Death,7,12,0,2,2,0,10.29,28.57,0.0
VS Malik,Middle,72,99,2,22,10,2,8.25,30.56,2.78
VS Malik,Powerplay,126,157,4,60,18,4,7.48,47.62,3.17
VS Yeligati,Death,6,13,0,1,1,1,13.0,16.67,0.0
VS Yeligati,Middle,18,35,0,4,5,0,11.67,22.22,0.0
VS Yeligati,Powerplay,6,13,0,1,1,1,13.0,16.67,0.0
VY Mahesh,Death,63,81,10,29,5,5,7.71,46.03,15.87
VY Mahesh,Middle,198,281,7,61,25,7,8.52,30.81,3.54
VY Mahesh,Powerplay,78,149,4,30,17,8,11.46,38.46,5.13
Vijaykumar Vyshak,Death,123,254,11,38,17,18,12.39,30.89,8.94
Vijaykumar Vyshak,Middle,318,509,13,77,39,21,9.6,24.21,4.09
Vijaykumar Vyshak,Powerplay,78,147,2,27,13,10,11.31,34.62,2.56
Vivrant Sharma,Middle,18,37,0,5,1,3,12.33,27.78,0.0
W O'Rourke,Death,14,30,2,3,3,2,12.86,21.43,14.29
W O'Rourke,Middle,24,50,2,2,4,2,12.5,8.33,8.33
W O'Rourke,Powerplay,24,52,2,10,9,2,13.0,41.67,8.33
WA Mota,Death,24,48,1,4,2,3,12.0,16.67,4.17
WA Mota,Middle,48,50,3,20,2,2,6.25,41.67,6.25
WD Parnell,Death,231,337,16,76,35,7,8.75,32.9,6.93
WD Parnell,Middle,120,141,3,44,11,5,7.05,36.67,2.5
WD Parnell,Powerplay,372,490,16,176,56,12,7.9,47.31,4.3
WG Jacks,Death,11,19,0,4,2,0,10.36,36.36,0.0
WG Jacks,Middle,120,185,7,37,14,9,9.25,30.83,5.83
WG Jacks,Powerplay,60,111,3,21,9,8,11.1,35.0,5.0
WPUJC Vaas,Death,48,96,2,10,7,6,12.0,20.83,4.17
WPUJC Vaas,Middle,36,57,1,5,2,3,9.5,13.89,2.78
WPUJC Vaas,Powerplay,198,211,15,113,31,4,6.39,57.07,7.58
Washington Sundar,Death,88,148,5,21,6,11,10.09,23.86,5.68
Washington Sundar,Middle,702,836,22,204,35,37,7.15,29.06,3.13
Washington Sundar,Powerplay,384,547,13,160,59,23,8.55,41.67,3.39
XC Bartlett,Death,71,127,2,17,9,7,10.73,23.94,2.82
XC Bartlett,Middle,54,105,0,12,12,5,11.67,22.22,0.0
XC Bartlett,Powerplay,136,254,5,53,31,11,11.21,38.97,3.68
Y Gnaneswara Rao,Middle,6,7,0,3,1,0,7.0,50.0,0.0
Y Nagar,Middle,60,115,4,14,9,6,11.5,23.33,6.67
Y Nagar,Powerplay,6,10,0,2,2,0,10.0,33.33,0.0
Y Prithvi Raj,Middle,18,24,1,5,2,0,8.0,27.78,5.56
Y Prithvi Raj,Powerplay,12,33,0,3,4,2,16.5,25.0,0.0
Y Venugopal Rao,Death,24,53,1,5,4,4,13.25,20.83,4.17
Y Venugopal Rao,Middle,150,218,4,37,18,6,8.72,24.67,2.67
Y Venugopal Rao,Powerplay,42,67,1,17,8,3,9.57,40.48,2.38
YA Abdulla,Death,59,116,6,16,8,7,11.8,27.12,10.17
YA Abdulla,Middle,66,92,2,24,11,2,8.36,36.36,3.03
YA Abdulla,Powerplay,84,103,7,48,13,4,7.36,57.14,8.33
YBK Jaiswal,Death,1,6,0,0,0,1,36.0,0.0,0.0
YK Pathan,Death,79,127,3,21,3,10,9.65,26.58,3.8
YK Pathan,Middle,714,914,25,207,54,36,7.68,28.99,3.5
YK Pathan,Powerplay,354,402,14,165,42,11,6.81,46.61,3.95
YS Chahal,Death,673,1078,66,188,49,69,9.61,27.93,9.81
YS Chahal,Middle,2960,3885,149,960,213,179,7.88,32.43,5.03
YS Chahal,Powerplay,404,538,18,171,55,23,7.99,42.33,4.46
Yash Dayal,Death,228,422,16,59,31,20,11.11,25.88,7.02
Yash Dayal,Middle,205,289,9,69,21,13,8.46,33.66,4.39
Yash Dayal,Powerplay,438,701,16,179,87,25,9.6,40.87,3.65
Yash Raj Punja,Death,18,19,1,4,0,1,6.33,22.22,5.56
Yash Raj Punja,Middle,156,250,8,41,13,16,9.62,26.28,5.13
Yash Raj Punja,Powerplay,6,12,0,2,1,1,12.0,33.33,0.0
Yash Thakur,Death,187,368,14,54,26,24,11.81,28.88,7.49
Yash Thakur,Middle,160,263,5,39,19,11,9.86,24.38,3.12
Yash Thakur,Powerplay,120,206,8,53,24,11,10.3,44.17,6.67
Yudhvir Singh,Death,18,36,1,3,2,2,12.0,16.67,5.56
Yudhvir Singh,Middle,36,73,1,11,7,4,12.17,30.56,2.78
Yudhvir Singh,Powerplay,84,148,6,40,19,7,10.57,47.62,7.14
Yuvraj Singh,Death,113,158,6,31,6,9,8.39,27.43,5.31
Yuvraj Singh,Middle,756,933,30,227,53,32,7.4,30.03,3.97
Z Khan,Death,607,946,37,149,74,34,9.35,24.55,6.1
Z Khan,Middle,301,422,13,87,43,7,8.41,28.9,4.32
Z Khan,Powerplay,1292,1492,52,637,195,23,6.93,49.3,4.02
Zeeshan Ansari,Death,23,50,0,5,6,2,13.04,21.74,0.0
Zeeshan Ansari,Middle,180,284,6,42,18,15,9.47,23.33,3.33
