player,role,runs,balls_faced,strike_rate,boundaries_per_100_balls,bowler_wickets,legal_balls,runs_conceded,economy,wicket_rate_per_100_balls,batting_score,bowling_score,overall_score,bat_eligible,bowl_eligible
AD Russell,All-rounder,2655.0,1508.0,176.06,27.19,123.0,1806.0,2909.0,9.66,6.81,90.48482999999999,8.955804,90.48482999999999,True,True
AB de Villiers,Aggressive batter,5181.0,3400.0,152.38,19.62,0.0,0.0,0.0,0.0,0.0,88.494186,0.0,88.494186,True,False
Abhishek Sharma,All-rounder,2379.0,1383.0,172.02,26.61,11.0,365.0,558.0,9.17,3.01,88.175118,4.200948,88.175118,True,True
JC Buttler,Aggressive batter,4647.0,3094.0,150.19,21.65,0.0,0.0,0.0,0.0,0.0,86.382816,0.0,86.382816,True,False
SA Yadav,All-rounder,4581.0,3072.0,149.12,21.48,0.0,6.0,8.0,8.0,0.0,86.084034,0.16532,86.084034,True,False
CH Gayle,All-rounder,4997.0,3331.0,150.02,23.03,18.0,554.0,755.0,8.18,3.25,85.82294700000001,6.052574000000001,85.82294700000001,True,True
N Pooran,Aggressive batter,2527.0,1538.0,164.3,23.08,0.0,0.0,0.0,0.0,0.0,85.645188,0.0,85.645188,True,False
H Klaasen,Aggressive batter,2104.0,1253.0,167.92,21.23,0.0,0.0,0.0,0.0,0.0,85.17158699999999,0.0,85.17158699999999,True,False
V Sehwag,All-rounder,2728.0,1740.0,156.78,25.29,6.0,136.0,236.0,10.41,4.41,84.50585699999999,2.7674400000000006,84.50585699999999,True,True
GJ Maxwell,All-rounder,2820.0,1810.0,155.8,22.04,41.0,1022.0,1422.0,8.35,4.01,84.01192800000001,7.329586000000002,84.01192800000001,True,True
V Suryavanshi,Aggressive batter,1028.0,447.0,229.98,39.6,0.0,0.0,0.0,0.0,0.0,83.78817199999999,0.0,83.78817199999999,True,False
RR Pant,Aggressive batter,3879.0,2634.0,147.27,20.2,0.0,0.0,0.0,0.0,0.0,83.63523,0.0,83.63523,True,False
DA Warner,All-rounder,6567.0,4680.0,140.32,19.21,0.0,1.0,2.0,12.0,0.0,83.62709999999998,0.0,83.62709999999998,True,False
Shubman Gill,Aggressive batter,4598.0,3223.0,142.66,18.55,0.0,0.0,0.0,0.0,0.0,83.082915,0.0,83.082915,True,False
SV Samson,Aggressive batter,5181.0,3653.0,141.83,18.48,0.0,0.0,0.0,0.0,0.0,82.98166800000001,0.0,82.98166800000001,True,False
KL Rahul,Anchor / accumulator,5828.0,4175.0,139.59,17.92,0.0,0.0,0.0,0.0,0.0,82.88678700000001,0.0,82.88678700000001,True,False
V Kohli,All-rounder,9346.0,6911.0,135.23,16.84,4.0,251.0,371.0,8.87,1.59,82.731922,2.750592,82.731922,True,True
KA Pollard,All-rounder,3437.0,2315.0,148.47,19.22,69.0,1488.0,2200.0,8.87,4.64,82.482885,7.115264,82.482885,True,True
YBK Jaiswal,All-rounder,2593.0,1692.0,153.25,24.88,0.0,1.0,6.0,36.0,0.0,81.919161,0.0,81.919161,True,False
SK Raina,All-rounder,5536.0,4025.0,137.54,17.64,25.0,908.0,1139.0,7.53,2.75,81.66918199999999,6.810112,81.66918199999999,True,True
MS Dhoni,Anchor / accumulator,5439.0,3935.0,138.22,16.24,0.0,0.0,0.0,0.0,0.0,81.41570200000001,0.0,81.41570200000001,True,False
Ishan Kishan,All-rounder,3600.0,2499.0,144.06,20.57,0.0,1.0,4.0,24.0,0.0,81.383555,0.0,81.383555,True,False
B Sai Sudharsan,Aggressive batter,2515.0,1674.0,150.24,20.37,0.0,0.0,0.0,0.0,0.0,81.101872,0.0,81.101872,True,False
SP Narine,All-rounder,1820.0,1099.0,165.61,28.3,209.0,4660.0,5379.0,6.93,4.48,80.95564200000001,10.79684,80.95564200000001,True,True
HH Pandya,All-rounder,2964.0,2015.0,147.1,19.11,82.0,1764.0,2802.0,9.53,4.65,80.81517,8.09685,80.81517,True,True
TM Head,All-rounder,1556.0,907.0,171.55,27.56,3.0,64.0,121.0,11.34,4.69,80.677677,0.926464,80.677677,True,True
YK Pathan,All-rounder,3222.0,2233.0,144.29,18.99,42.0,1147.0,1443.0,7.55,3.66,80.418996,8.006128,80.418996,True,True
RG Sharma,All-rounder,7331.0,5496.0,133.39,17.92,15.0,339.0,462.0,8.18,4.42,80.30792399999999,4.507128,80.30792399999999,True,True
F du Plessis,All-rounder,4773.0,3506.0,136.14,17.51,0.0,6.0,16.0,16.0,0.0,79.91424899999998,0.0,79.91424899999998,True,False
KD Karthik,Anchor / accumulator,4843.0,3570.0,135.66,17.56,0.0,0.0,0.0,0.0,0.0,79.8913,0.0,79.8913,True,False
SS Iyer,All-rounder,4233.0,3085.0,137.21,17.37,0.0,6.0,7.0,7.0,0.0,79.56674000000001,0.30668000000000006,79.56674000000001,True,False
RM Patidar,Aggressive batter,1612.0,978.0,164.83,22.09,0.0,0.0,0.0,0.0,0.0,79.17750000000001,0.0,79.17750000000001,True,False
DA Miller,Anchor / accumulator,3288.0,2349.0,139.97,16.48,0.0,0.0,0.0,0.0,0.0,79.096451,0.0,79.096451,True,False
P Simran Singh,Aggressive batter,1865.0,1184.0,157.52,24.49,0.0,0.0,0.0,0.0,0.0,78.849582,0.0,78.849582,True,False
SR Watson,All-rounder,3880.0,2801.0,138.52,20.24,92.0,2029.0,2742.0,8.11,4.53,78.80481,9.828364,78.80481,True,True
MP Stoinis,All-rounder,2242.0,1511.0,148.38,19.72,46.0,935.0,1575.0,10.11,4.92,78.090756,6.09385,78.090756,True,True
S Dhawan,All-rounder,6769.0,5304.0,127.62,17.36,4.0,48.0,72.0,9.0,8.33,77.507672,1.603008,77.507672,True,False
PD Salt,Aggressive batter,1258.0,715.0,175.94,28.67,0.0,0.0,0.0,0.0,0.0,77.39846399999999,0.0,77.39846399999999,True,False
RV Uthappa,Anchor / accumulator,4954.0,3784.0,130.92,17.52,0.0,0.0,0.0,0.0,0.0,77.29326,0.0,77.29326,True,False
N Rana,All-rounder,3078.0,2228.0,138.15,19.7,10.0,216.0,326.0,9.06,4.63,77.014377,3.790274,77.014377,True,True
Q de Kock,Anchor / accumulator,3444.0,2546.0,135.27,18.74,0.0,0.0,0.0,0.0,0.0,76.877815,0.0,76.877815,True,False
S Dube,All-rounder,2129.0,1460.0,145.82,18.42,6.0,154.0,287.0,11.18,3.9,76.22222,1.9607760000000005,76.22222,True,True
TH David,All-rounder,1151.0,642.0,179.28,24.77,0.0,6.0,18.0,18.0,0.0,75.933198,0.06668,75.933198,True,False
PP Shaw,Aggressive batter,1892.0,1279.0,147.93,23.38,0.0,0.0,0.0,0.0,0.0,75.83949000000001,0.0,75.83949000000001,True,False
RD Gaikwad,Anchor / accumulator,2839.0,2083.0,136.29,17.62,0.0,0.0,0.0,0.0,0.0,75.708502,0.0,75.708502,True,False
MR Marsh,All-rounder,1855.0,1245.0,149.0,21.37,37.0,560.0,803.0,8.6,6.61,75.63745800000001,6.814668000000001,75.63745800000001,True,True
RA Jadeja,All-rounder,3526.0,2685.0,131.32,14.38,180.0,4254.0,5525.0,7.79,4.23,75.602304,9.046724000000001,75.602304,True,True
AT Rayudu,Anchor / accumulator,4348.0,3391.0,128.22,15.69,0.0,0.0,0.0,0.0,0.0,75.432439,0.0,75.432439,True,False
AM Rahane,All-rounder,5367.0,4269.0,125.72,15.95,1.0,6.0,5.0,5.0,16.67,75.357922,0.32268,75.357922,True,False
MA Agarwal,Anchor / accumulator,2764.0,2053.0,134.63,18.27,0.0,0.0,0.0,0.0,0.0,74.734038,0.0,74.734038,True,False
Tilak Varma,All-rounder,1858.0,1278.0,145.38,18.31,0.0,22.0,28.0,7.64,0.0,74.69901,0.6130880000000001,74.69901,True,False
RA Tripathi,All-rounder,2291.0,1655.0,138.43,18.97,0.0,6.0,12.0,12.0,0.0,74.50042599999999,0.0,74.50042599999999,True,False
R Parag,All-rounder,1879.0,1296.0,144.98,18.83,9.0,319.0,516.0,9.71,2.82,74.225732,3.3124800000000003,74.225732,True,True
BB McCullum,Anchor / accumulator,2882.0,2176.0,132.44,19.44,0.0,0.0,0.0,0.0,0.0,73.755132,0.0,73.755132,True,False
G Gambhir,Anchor / accumulator,4217.0,3394.0,124.25,16.23,0.0,0.0,0.0,0.0,0.0,73.6119,0.0,73.6119,True,False
SE Marsh,Anchor / accumulator,2489.0,1866.0,133.39,18.6,0.0,0.0,0.0,0.0,0.0,73.478601,0.0,73.478601,True,False
SO Hetmyer,Aggressive batter,1566.0,1044.0,150.0,18.68,0.0,0.0,0.0,0.0,0.0,73.227588,0.0,73.227588,True,False
DR Smith,All-rounder,2385.0,1755.0,135.9,20.63,26.0,539.0,825.0,9.18,4.82,73.21256600000001,5.964180000000001,73.21256600000001,True,True
AC Gilchrist,All-rounder,2069.0,1483.0,139.51,22.32,1.0,1.0,0.0,0.0,100.0,73.200192,0.1944,73.200192,True,False
JM Bairstow,Aggressive batter,1674.0,1142.0,146.58,21.63,0.0,0.0,0.0,0.0,0.0,73.172088,0.0,73.172088,True,False
Priyansh Arya,Aggressive batter,909.0,469.0,193.82,31.98,0.0,0.0,0.0,0.0,0.0,73.10972,0.0,73.10972,True,False
D Padikkal,Anchor / accumulator,2270.0,1700.0,133.53,18.88,0.0,0.0,0.0,0.0,0.0,72.37495,0.0,72.37495,True,False
WP Saha,Anchor / accumulator,2934.0,2296.0,127.79,16.68,0.0,0.0,0.0,0.0,0.0,72.33330000000001,0.0,72.33330000000001,True,False
Yuvraj Singh,All-rounder,2754.0,2115.0,130.21,17.35,36.0,869.0,1091.0,7.53,4.14,71.95464,6.970826000000001,71.95464,True,True
SPD Smith,All-rounder,2495.0,1931.0,129.21,14.81,0.0,2.0,5.0,15.0,0.0,71.940352,0.0,71.940352,True,False
MK Pandey,Anchor / accumulator,4021.0,3288.0,122.29,14.17,0.0,0.0,0.0,0.0,0.0,71.849208,0.0,71.849208,True,False
AR Patel,All-rounder,2089.0,1556.0,134.25,15.81,139.0,3585.0,4503.0,7.54,3.88,71.695928,9.087858,71.695928,True,True
VR Iyer,All-rounder,1677.0,1180.0,142.12,19.92,3.0,81.0,145.0,10.74,3.7,71.583352,1.211544,71.583352,True,True
KH Pandya,All-rounder,1982.0,1476.0,134.28,16.87,107.0,2701.0,3451.0,7.67,3.96,70.898427,8.6148,70.898427,True,True
RK Singh,Aggressive batter,1398.0,948.0,147.47,19.2,0.0,0.0,0.0,0.0,0.0,70.8054,0.0,70.8054,True,False
Dhruv Jurel,Aggressive batter,1195.0,775.0,154.19,20.65,0.0,0.0,0.0,0.0,0.0,70.154742,0.0,70.154742,True,False
AK Markram,All-rounder,1671.0,1228.0,136.07,16.21,6.0,223.0,358.0,9.63,2.69,69.911016,2.963256,69.911016,True,True
AJ Finch,All-rounder,2092.0,1626.0,128.66,17.96,1.0,43.0,67.0,9.35,2.33,69.202936,1.00475,69.202936,True,False
PA Patel,Anchor / accumulator,2848.0,2350.0,121.19,17.62,0.0,0.0,0.0,0.0,0.0,69.170921,0.0,69.170921,True,False
KS Williamson,All-rounder,2132.0,1692.0,126.0,14.83,0.0,18.0,31.0,10.33,0.0,68.644197,0.16473000000000002,68.644197,True,False
KK Nair,Anchor / accumulator,1712.0,1301.0,131.59,18.22,0.0,0.0,0.0,0.0,0.0,68.23427699999999,0.0,68.23427699999999,True,False
LS Livingstone,All-rounder,1066.0,680.0,156.76,21.47,13.0,312.0,471.0,9.06,4.17,68.09180999999998,4.0983600000000004,68.09180999999998,True,True
M Vijay,All-rounder,2619.0,2147.0,121.98,15.74,0.0,36.0,49.0,8.17,0.0,67.874538,0.639432,67.874538,True,False
JM Sharma,Aggressive batter,1107.0,723.0,153.11,21.3,0.0,0.0,0.0,0.0,0.0,67.697371,0.0,67.697371,True,False
JP Duminy,All-rounder,2029.0,1631.0,124.4,12.57,23.0,678.0,847.0,7.5,3.39,67.671825,6.970193999999999,67.671825,True,True
CA Lynn,Aggressive batter,1329.0,941.0,141.23,21.04,0.0,0.0,0.0,0.0,0.0,67.41273,0.0,67.41273,True,False
SR Tendulkar,All-rounder,2334.0,1941.0,120.25,16.74,0.0,36.0,59.0,9.83,0.0,67.268282,0.33063,67.268282,True,False
R Tewatia,All-rounder,1302.0,938.0,138.81,18.34,32.0,843.0,1117.0,7.95,3.8,66.880614,6.940151999999999,66.880614,True,True
C Green,All-rounder,1029.0,677.0,151.99,19.65,23.0,571.0,916.0,9.63,4.03,66.679074,6.091616000000001,66.679074,True,True
MEK Hussey,Anchor / accumulator,1977.0,1610.0,122.8,15.53,0.0,0.0,0.0,0.0,0.0,66.557379,0.0,66.557379,True,False
Shashank Singh,All-rounder,905.0,560.0,161.61,21.07,5.0,90.0,141.0,9.4,5.56,66.437154,1.8318299999999998,66.437154,True,True
DJ Bravo,All-rounder,1560.0,1196.0,130.43,15.55,183.0,3120.0,4436.0,8.53,5.87,66.13482800000001,9.242208000000002,66.13482800000001,True,True
T Stubbs,All-rounder,986.0,647.0,152.4,17.93,4.0,36.0,69.0,11.5,11.11,66.105521,1.21017,66.105521,True,False
DPMD Jayawardene,Anchor / accumulator,1808.0,1462.0,123.67,16.42,0.0,0.0,0.0,0.0,0.0,66.01737,0.0,66.01737,True,False
A Badoni,All-rounder,1178.0,834.0,141.25,17.15,4.0,41.0,64.0,9.37,9.76,65.87805,1.0629600000000001,65.87805,True,False
RD Rickelton,Aggressive batter,836.0,495.0,168.89,26.87,0.0,0.0,0.0,0.0,0.0,65.434936,0.0,65.434936,True,False
DJ Hooda,All-rounder,1497.0,1167.0,128.28,13.71,10.0,379.0,550.0,8.71,2.64,65.174092,4.326732000000001,65.174092,True,True
MM Ali,All-rounder,1167.0,831.0,140.43,19.49,41.0,854.0,1036.0,7.28,4.8,65.14011,7.92984,65.14011,True,True
Mandeep Singh,All-rounder,1706.0,1385.0,123.18,15.45,0.0,12.0,26.0,13.0,0.0,64.978278,0.063308,64.978278,True,False
KC Sangakkara,Anchor / accumulator,1687.0,1385.0,121.81,16.03,0.0,0.0,0.0,0.0,0.0,64.711128,0.0,64.711128,True,False
DP Conway,Aggressive batter,1080.0,770.0,140.26,19.61,0.0,0.0,0.0,0.0,0.0,64.64088,0.0,64.64088,True,False
R Dravid,Anchor / accumulator,2174.0,1878.0,115.76,15.81,0.0,0.0,0.0,0.0,0.0,64.373298,0.0,64.373298,True,False
ML Hayden,Anchor / accumulator,1107.0,799.0,138.55,20.65,0.0,0.0,0.0,0.0,0.0,63.801520000000004,0.0,63.801520000000004,True,False
BJ Hodge,All-rounder,1400.0,1112.0,125.9,14.84,17.0,234.0,310.0,7.95,7.26,63.402480000000004,4.789092,63.402480000000004,True,True
V Shankar,All-rounder,1233.0,947.0,130.2,14.36,9.0,238.0,344.0,8.67,3.78,63.259614,4.228172000000001,63.259614,True,True
JA Morkel,All-rounder,975.0,683.0,142.75,16.98,85.0,1723.0,2409.0,8.39,4.93,62.752244999999995,9.298728,62.752244999999995,True,True
MK Tiwary,All-rounder,1695.0,1444.0,117.38,13.57,1.0,42.0,83.0,11.86,2.38,62.72348399999999,0.651162,62.72348399999999,True,False
SS Tiwary,Anchor / accumulator,1494.0,1235.0,120.97,13.04,0.0,0.0,0.0,0.0,0.0,62.55574500000001,0.0,62.55574500000001,True,False
JH Kallis,All-rounder,2427.0,2213.0,109.67,13.51,65.0,1742.0,2348.0,8.09,3.73,62.510474,8.492468,62.510474,True,True
A Raghuvanshi,Aggressive batter,885.0,606.0,146.04,19.97,0.0,0.0,0.0,0.0,0.0,62.264499,0.0,62.264499,True,False
EJG Morgan,Anchor / accumulator,1406.0,1147.0,122.58,15.34,0.0,0.0,0.0,0.0,0.0,61.97295,0.0,61.97295,True,False
Abdul Samad,All-rounder,859.0,575.0,149.39,19.13,2.0,57.0,125.0,13.16,3.51,61.757999999999996,0.8982400000000001,61.757999999999996,True,False
S Badrinath,Anchor / accumulator,1441.0,1208.0,119.29,15.07,0.0,0.0,0.0,0.0,0.0,61.70103,0.0,61.70103,True,False
SM Curran,All-rounder,997.0,725.0,137.52,17.38,59.0,1253.0,2059.0,9.86,4.71,61.680094000000004,7.285596000000002,61.680094000000004,True,True
DJ Hussey,All-rounder,1322.0,1070.0,123.55,14.02,8.0,317.0,485.0,9.18,2.52,61.648235,3.886868,61.648235,True,True
Naman Dhir,All-rounder,710.0,432.0,164.35,24.07,0.0,52.0,76.0,8.77,0.0,61.18418,0.817256,61.18418,True,False
KM Jadhav,Anchor / accumulator,1208.0,969.0,124.66,14.65,0.0,0.0,0.0,0.0,0.0,61.132988,0.0,61.132988,True,False
KP Pietersen,All-rounder,1001.0,742.0,134.91,17.65,7.0,174.0,218.0,7.52,4.02,61.10526399999999,3.5254019999999997,61.10526399999999,True,True
NV Ojha,Anchor / accumulator,1554.0,1308.0,118.81,15.29,0.0,0.0,0.0,0.0,0.0,61.062804,0.0,61.062804,True,False
M Vohra,Anchor / accumulator,1083.0,828.0,130.8,17.75,0.0,0.0,0.0,0.0,0.0,60.474994,0.0,60.474994,True,False
BA Stokes,All-rounder,935.0,695.0,134.53,16.26,28.0,689.0,1023.0,8.91,4.06,59.856989999999996,6.606166,59.856989999999996,True,True
Washington Sundar,All-rounder,888.0,653.0,135.99,16.85,40.0,1174.0,1531.0,7.82,3.41,59.54294,7.636824000000001,59.54294,True,True
LMP Simmons,All-rounder,1079.0,848.0,127.24,18.04,1.0,18.0,34.0,11.33,5.56,59.538274,0.268698,59.538274,True,False
IK Pathan,All-rounder,1150.0,947.0,121.44,13.31,80.0,2043.0,2711.0,7.96,3.92,59.424387,9.904176,59.424387,True,True
A Symonds,All-rounder,974.0,745.0,130.74,15.44,20.0,527.0,694.0,7.9,3.8,59.156183999999996,6.60569,59.156183999999996,True,True
M Shahrukh Khan,All-rounder,775.0,523.0,148.18,19.31,1.0,18.0,29.0,9.67,5.56,59.10389500000001,0.43320000000000003,59.10389500000001,True,False
Nithish Kumar Reddy,All-rounder,787.0,540.0,145.74,17.78,13.0,325.0,581.0,10.73,4.0,59.072410000000005,4.0404,59.072410000000005,True,True
MC Henriques,All-rounder,1000.0,785.0,127.39,14.65,42.0,950.0,1302.0,8.22,4.42,59.055232000000004,7.38872,59.055232000000004,True,True
Abishek Porel,Aggressive batter,769.0,528.0,145.64,20.45,0.0,0.0,0.0,0.0,0.0,58.951837999999995,0.0,58.951837999999995,True,False
CL White,All-rounder,971.0,757.0,128.27,15.06,1.0,42.0,86.0,12.29,2.38,58.708420000000004,0.5857260000000001,58.708420000000004,True,False
Harbhajan Singh,All-rounder,833.0,599.0,139.07,20.2,150.0,3416.0,4101.0,7.2,4.39,58.41819,10.173330000000002,58.41819,True,True
LRPL Taylor,All-rounder,1017.0,818.0,124.33,13.69,0.0,12.0,24.0,12.0,0.0,58.085663999999994,0.0,58.085663999999994,True,False
ST Jayasuriya,All-rounder,768.0,529.0,145.18,23.25,13.0,294.0,396.0,8.08,4.42,57.830234000000004,4.44609,57.830234000000004,True,True
N Wadhera,All-rounder,784.0,557.0,140.75,19.21,0.0,17.0,22.0,7.76,0.0,57.7512,0.282204,57.7512,True,False
TM Dilshan,All-rounder,1153.0,1001.0,115.18,16.38,5.0,271.0,368.0,8.15,1.85,56.97674800000001,3.8522499999999997,56.97674800000001,True,True
STR Binny,All-rounder,880.0,682.0,129.03,14.81,22.0,594.0,763.0,7.71,3.7,56.95525,6.570944000000001,56.95525,True,True
SN Khan,All-rounder,746.0,538.0,138.66,19.7,0.0,2.0,6.0,18.0,0.0,56.84781600000001,0.0,56.84781600000001,True,False
Rashid Khan,All-rounder,635.0,400.0,158.75,22.0,179.0,3543.0,4390.0,7.43,5.05,56.257774999999995,10.090368,56.257774999999995,True,True
Ashutosh Sharma,Aggressive batter,564.0,328.0,171.95,24.09,0.0,0.0,0.0,0.0,0.0,56.035656,0.0,56.035656,True,False
Y Venugopal Rao,All-rounder,985.0,832.0,118.39,13.7,6.0,216.0,338.0,9.39,2.78,55.857795,3.1919419999999996,55.857795,True,True
WG Jacks,All-rounder,602.0,377.0,159.68,23.34,10.0,191.0,315.0,9.9,5.24,55.757928000000014,3.667492,55.757928000000014,True,True
CH Morris,All-rounder,618.0,397.0,155.67,19.14,96.0,1726.0,2377.0,8.26,5.56,55.73630999999999,9.76392,55.73630999999999,True,True
PJ Cummins,All-rounder,642.0,419.0,153.22,20.05,87.0,1809.0,2746.0,9.11,4.81,55.656095,8.761896,55.656095,True,True
JP Inglis,Aggressive batter,544.0,313.0,173.8,27.48,0.0,0.0,0.0,0.0,0.0,55.638701999999995,0.0,55.638701999999995,True,False
SC Ganguly,All-rounder,1349.0,1257.0,107.32,14.24,10.0,276.0,370.0,8.04,3.62,55.61037,4.055214,55.61037,True,True
Shakib Al Hasan,All-rounder,795.0,635.0,125.2,14.8,63.0,1484.0,1864.0,7.54,4.25,54.80209000000001,8.549631999999999,54.80209000000001,True,True
R Ashwin,All-rounder,833.0,703.0,118.49,13.23,187.0,4710.0,5721.0,7.29,3.97,53.546586,9.67448,53.546586,True,True
AD Mathews,All-rounder,724.0,573.0,126.35,12.74,27.0,791.0,1095.0,8.31,3.41,53.039568,6.1654,53.039568,True,True
D Brevis,All-rounder,606.0,415.0,146.02,19.52,1.0,3.0,8.0,16.0,33.33,52.98183999999999,0.19998,52.98183999999999,True,False
E Lewis,Anchor / accumulator,654.0,477.0,137.11,20.55,0.0,0.0,0.0,0.0,0.0,52.905924000000006,0.0,52.905924000000006,True,False
JJ Roy,Anchor / accumulator,614.0,441.0,139.23,21.77,0.0,0.0,0.0,0.0,0.0,52.61942,0.0,52.61942,True,False
HM Amla,Aggressive batter,577.0,406.0,142.12,19.95,0.0,0.0,0.0,0.0,0.0,52.11857499999999,0.0,52.11857499999999,True,False
HH Gibbs,Anchor / accumulator,886.0,805.0,110.06,14.16,0.0,0.0,0.0,0.0,0.0,51.381378,0.0,51.381378,True,False
C Connolly,Limited-sample batter,491.0,299.0,164.21,25.08,0.0,0.0,0.0,0.0,0.0,51.166961,0.0,51.166961,True,False
MS Bisla,Anchor / accumulator,798.0,700.0,114.0,16.57,0.0,0.0,0.0,0.0,0.0,51.0797,0.0,51.0797,True,False
A Mhatre,Limited-sample batter,441.0,239.0,184.52,30.96,0.0,0.0,0.0,0.0,0.0,50.917534,0.0,50.917534,True,False
JD Ryder,All-rounder,604.0,455.0,132.75,19.34,8.0,236.0,314.0,7.98,3.39,50.811795000000004,4.24952,50.811795000000004,True,True
GJ Bailey,Anchor / accumulator,663.0,541.0,122.55,14.42,0.0,0.0,0.0,0.0,0.0,50.595741000000004,0.0,50.595741000000004,True,False
R Powell,All-rounder,555.0,389.0,142.67,19.54,1.0,18.0,35.0,11.67,5.56,50.52964499999999,0.38760000000000006,50.52964499999999,True,False
MK Lomror,All-rounder,527.0,372.0,141.67,16.94,1.0,90.0,127.0,8.47,1.11,49.981325999999996,1.5578640000000001,49.981325999999996,True,True
AM Nayar,All-rounder,672.0,573.0,117.28,13.09,9.0,229.0,323.0,8.46,3.93,49.56145600000001,3.9030620000000003,49.56145600000001,True,True
GC Smith,Anchor / accumulator,739.0,664.0,111.3,15.51,0.0,0.0,0.0,0.0,0.0,49.455731,0.0,49.455731,True,False
TL Suman,All-rounder,676.0,573.0,117.98,14.14,6.0,150.0,198.0,7.92,4.0,49.33382400000001,2.9856780000000005,49.33382400000001,True,True
SE Rutherford,All-rounder,520.0,362.0,143.65,18.78,1.0,41.0,60.0,8.78,2.44,49.321349000000005,0.6813600000000001,49.321349000000005,True,False
Shahbaz Ahmed,All-rounder,603.0,487.0,123.82,12.53,27.0,655.0,1083.0,9.92,4.12,49.037799,5.220460000000001,49.037799,True,True
RR Rossouw,Aggressive batter,473.0,306.0,154.58,22.88,0.0,0.0,0.0,0.0,0.0,48.86784,0.0,48.86784,True,False
JP Faulkner,All-rounder,527.0,385.0,136.88,15.32,61.0,1238.0,1849.0,8.96,4.93,48.7535,7.755369999999999,48.7535,True,True
J Fraser-McGurk,Limited-sample batter,385.0,191.0,201.57,36.13,0.0,0.0,0.0,0.0,0.0,48.024384000000005,0.0,48.024384000000005,True,False
OA Shah,Anchor / accumulator,506.0,388.0,130.41,14.69,0.0,0.0,0.0,0.0,0.0,47.022936,0.0,47.022936,True,False
CJ Anderson,All-rounder,538.0,421.0,127.79,16.86,11.0,297.0,525.0,10.61,3.7,46.954184,3.6559320000000004,46.954184,True,True
SW Billings,Anchor / accumulator,503.0,385.0,130.65,15.58,0.0,0.0,0.0,0.0,0.0,46.812914000000006,0.0,46.812914000000006,True,False
PP Chawla,All-rounder,624.0,561.0,111.23,13.55,192.0,3850.0,5179.0,8.07,4.99,46.697544,9.699456000000001,46.697544,True,True
FH Allen,Limited-sample batter,349.0,163.0,214.11,37.42,0.0,0.0,0.0,0.0,0.0,46.213024,0.0,46.213024,True,False
Gurkeerat Singh,All-rounder,511.0,422.0,121.09,15.64,5.0,78.0,97.0,7.46,6.41,45.76516,2.2754760000000003,45.76516,True,True
RS Bopara,All-rounder,531.0,453.0,117.22,12.14,11.0,206.0,301.0,8.77,5.34,45.449796,3.8054500000000004,45.449796,True,True
Sameer Rizvi,Limited-sample batter,424.0,293.0,144.71,19.11,0.0,0.0,0.0,0.0,0.0,44.949059999999996,0.0,44.949059999999996,True,False
R Ravindra,All-rounder,413.0,284.0,145.42,19.72,0.0,12.0,7.0,3.5,0.0,44.78392799999999,0.44589200000000007,44.78392799999999,True,False
PC Valthaty,All-rounder,505.0,414.0,121.98,19.57,7.0,151.0,207.0,8.23,4.64,44.523700000000005,3.0793200000000005,44.523700000000005,True,True
NLTC Perera,All-rounder,424.0,306.0,138.56,16.01,31.0,698.0,1031.0,8.86,4.44,44.078925,6.665664000000001,44.078925,True,True
JR Hopes,All-rounder,417.0,305.0,136.72,19.67,14.0,360.0,562.0,9.37,3.89,43.871688,4.6008900000000015,43.871688,True,True
M Manhas,All-rounder,514.0,470.0,109.36,11.28,0.0,42.0,42.0,6.0,0.0,43.102599999999995,1.173666,43.102599999999995,True,False
DT Christian,All-rounder,460.0,394.0,116.75,10.66,38.0,883.0,1218.0,8.28,4.3,42.642599999999995,7.394352000000001,42.642599999999995,True,True
SA Asnodkar,Anchor / accumulator,423.0,337.0,125.52,19.58,0.0,0.0,0.0,0.0,0.0,42.523136,0.0,42.523136,True,False
KR Mayers,All-rounder,379.0,258.0,146.9,23.26,0.0,42.0,59.0,8.43,0.0,42.136248,0.9955620000000001,42.136248,True,False
MV Boucher,Anchor / accumulator,394.0,307.0,128.34,14.66,0.0,0.0,0.0,0.0,0.0,41.551708000000005,0.0,41.551708000000005,True,False
D Ferreira,All-rounder,326.0,191.0,170.68,25.65,1.0,18.0,41.0,13.67,5.56,41.282625,0.25342200000000004,41.282625,True,False
Azhar Mahmood,All-rounder,388.0,303.0,128.05,17.16,29.0,537.0,707.0,7.9,5.4,41.219722000000004,7.198104000000001,41.219722000000004,True,True
LR Shukla,All-rounder,405.0,350.0,115.71,14.0,15.0,314.0,458.0,8.75,4.78,40.149326,5.188694000000001,40.149326,True,True
J Botha,All-rounder,409.0,358.0,114.25,12.29,25.0,694.0,818.0,7.07,3.6,40.131968,7.4909360000000005,40.131968,True,True
Rahmanullah Gurbaz,Limited-sample batter,363.0,268.0,135.45,20.9,0.0,0.0,0.0,0.0,0.0,39.962824,0.0,39.962824,True,False
DJ Mitchell,All-rounder,351.0,267.0,131.46,14.23,1.0,48.0,97.0,12.12,2.08,39.814101,0.40240800000000004,39.814101,True,False
Aniket Verma,Limited-sample batter,315.0,196.0,160.71,21.94,0.0,0.0,0.0,0.0,0.0,39.620475000000006,0.0,39.620475000000006,True,False
P Negi,All-rounder,365.0,288.0,126.74,14.93,34.0,716.0,954.0,7.99,4.75,39.50723,7.1374200000000005,39.50723,True,True
SN Thakur,All-rounder,349.0,262.0,133.21,17.18,119.0,2202.0,3554.0,9.68,5.4,39.487442,8.59232,39.487442,True,True
DB Ravi Teja,All-rounder,375.0,315.0,119.05,13.97,1.0,18.0,28.0,9.33,5.56,39.4496,0.440952,39.4496,True,False
S Sohal,Limited-sample batter,368.0,289.0,127.34,17.99,0.0,0.0,0.0,0.0,0.0,39.31486100000001,0.0,39.31486100000001,True,False
AL Menaria,All-rounder,401.0,354.0,113.28,11.86,3.0,110.0,144.0,7.85,2.73,39.169482,2.6864320000000004,39.169482,True,True
JC Archer,All-rounder,326.0,219.0,148.86,18.26,84.0,1578.0,2221.0,8.44,5.32,39.154848,10.19088,39.154848,True,True
RN ten Doeschate,All-rounder,326.0,235.0,138.72,17.45,2.0,78.0,94.0,7.23,2.56,38.874767,1.766244,38.874767,True,True
KV Sharma,All-rounder,352.0,295.0,119.32,12.54,83.0,1585.0,2263.0,8.57,5.24,37.980703999999996,8.297305999999999,37.980703999999996,True,True
R Bhatia,All-rounder,342.0,284.0,120.42,13.03,71.0,1636.0,2059.0,7.55,4.34,37.562454,7.47487,37.562454,True,True
AP Tare,Limited-sample batter,339.0,272.0,124.63,18.75,0.0,0.0,0.0,0.0,0.0,37.519271999999994,0.0,37.519271999999994,True,False
Ramandeep Singh,All-rounder,299.0,203.0,147.29,17.73,7.0,56.0,95.0,10.18,12.5,37.474232,1.6280900000000003,37.474232,True,False
R Shepherd,All-rounder,268.0,150.0,178.67,26.67,17.0,360.0,719.0,11.98,4.72,36.897066,4.0003,36.897066,True,True
P Nissanka,Limited-sample batter,278.0,173.0,160.69,26.01,0.0,0.0,0.0,0.0,0.0,36.874500000000005,0.0,36.874500000000005,True,False
CA Pujara,Anchor / accumulator,390.0,390.0,100.0,13.85,0.0,0.0,0.0,0.0,0.0,36.740255,0.0,36.740255,True,False
C de Grandhomme,All-rounder,303.0,224.0,135.27,16.07,6.0,216.0,323.0,8.97,2.78,36.542660000000005,3.223786,36.542660000000005,True,True
JO Holder,All-rounder,324.0,261.0,124.14,14.18,70.0,1225.0,1781.0,8.72,5.71,36.39927,8.301414000000001,36.39927,True,True
Kartik Sharma,Limited-sample batter,295.0,216.0,136.57,18.52,0.0,0.0,0.0,0.0,0.0,36.060396999999995,0.0,36.060396999999995,True,False
Anuj Rawat,Limited-sample batter,318.0,267.0,119.1,14.98,0.0,0.0,0.0,0.0,0.0,35.87983799999999,0.0,35.87983799999999,True,False
MJ Lumb,Limited-sample batter,278.0,191.0,145.55,26.7,0.0,0.0,0.0,0.0,0.0,35.824177000000006,0.0,35.824177000000006,True,False
A Ashish Reddy,All-rounder,280.0,193.0,145.08,16.06,18.0,262.0,400.0,9.16,6.87,35.79761400000001,4.619924000000001,35.79761400000001,True,True
PBB Rajapaksa,Limited-sample batter,277.0,190.0,145.79,19.47,0.0,0.0,0.0,0.0,0.0,35.696,0.0,35.696,True,False
LA Pomersbach,Limited-sample batter,302.0,243.0,124.28,15.64,0.0,0.0,0.0,0.0,0.0,35.508480000000006,0.0,35.508480000000006,True,False
JEC Franklin,All-rounder,327.0,300.0,109.0,11.33,9.0,151.0,225.0,8.94,5.96,35.316500000000005,2.9392900000000006,35.316500000000005,True,True
P Kumar,All-rounder,340.0,312.0,108.97,12.5,90.0,2524.0,3342.0,7.94,3.57,35.29047,10.343580000000003,35.29047,True,True
A Mishra,All-rounder,381.0,417.0,91.37,8.63,174.0,3371.0,4193.0,7.46,5.16,35.045712,10.01538,35.045712,True,True
A Manohar,Limited-sample batter,292.0,235.0,124.26,15.74,0.0,0.0,0.0,0.0,0.0,34.765288,0.0,34.765288,True,False
R Vinay Kumar,All-rounder,310.0,274.0,113.14,10.95,105.0,2127.0,3041.0,8.58,4.94,34.748019,9.213768,34.748019,True,True
DJG Sammy,All-rounder,295.0,241.0,122.41,13.69,11.0,236.0,354.0,9.0,4.66,34.67707,4.03304,34.67707,True,True
DB Das,Limited-sample batter,304.0,260.0,116.92,15.0,0.0,0.0,0.0,0.0,0.0,34.67472,0.0,34.67472,True,False
Atharva Taide,All-rounder,260.0,177.0,146.89,21.47,0.0,1.0,4.0,24.0,0.0,34.626172,0.0,34.626172,True,False
K Gowtham,All-rounder,247.0,147.0,168.03,21.77,21.0,588.0,825.0,8.42,3.57,34.221264000000005,6.5312920000000005,34.221264000000005,True,True
B Kumar,All-rounder,354.0,376.0,94.15,10.11,226.0,4600.0,6045.0,7.88,4.91,34.159528,11.13654,34.159528,True,True
MJ Guptill,Limited-sample batter,271.0,196.0,138.27,19.9,0.0,0.0,0.0,0.0,0.0,34.059665,0.0,34.059665,True,False
Lalit Yadav,All-rounder,305.0,285.0,107.02,11.93,10.0,288.0,430.0,8.96,3.47,33.851856999999995,4.06602,33.851856999999995,True,True
BCJ Cutting,All-rounder,238.0,141.0,168.79,24.11,10.0,281.0,430.0,9.18,3.56,33.49696,3.8874880000000003,33.49696,True,True
HV Patel,All-rounder,280.0,238.0,117.65,13.87,151.0,2506.0,3801.0,9.1,6.03,33.113756,8.940716000000002,33.113756,True,True
Y Nagar,All-rounder,285.0,259.0,110.04,11.2,4.0,66.0,125.0,11.36,6.06,33.035976,1.3550400000000002,33.035976,True,True
B Chipli,All-rounder,280.0,250.0,112.0,14.0,0.0,6.0,20.0,20.0,0.0,32.8146,0.06668,32.8146,True,False
R Sathish,All-rounder,270.0,230.0,117.39,12.17,3.0,139.0,233.0,10.06,2.16,32.756584000000004,1.888052,32.756584000000004,True,True
PK Garg,Limited-sample batter,273.0,238.0,114.71,10.5,0.0,0.0,0.0,0.0,0.0,32.500702,0.0,32.500702,True,False
VVS Laxman,Limited-sample batter,282.0,266.0,106.02,14.29,0.0,0.0,0.0,0.0,0.0,32.33647,0.0,32.33647,True,False
UBT Chand,Limited-sample batter,300.0,299.0,100.33,13.71,0.0,0.0,0.0,0.0,0.0,32.124622,0.0,32.124622,True,False
SP Goswami,Limited-sample batter,293.0,293.0,100.0,11.95,0.0,0.0,0.0,0.0,0.0,32.000826,0.0,32.000826,True,False
Harpreet Brar,All-rounder,249.0,206.0,120.87,14.56,37.0,859.0,1157.0,8.08,4.31,31.551046999999997,7.356648,31.551046999999997,True,True
SM Katich,Limited-sample batter,241.0,185.0,130.27,18.38,0.0,0.0,0.0,0.0,0.0,31.530417,0.0,31.530417,True,False
SB Dubey,Limited-sample batter,220.0,142.0,154.93,21.13,0.0,0.0,0.0,0.0,0.0,31.331526000000004,0.0,31.331526000000004,True,False
K Rabada,All-rounder,262.0,238.0,110.08,13.45,151.0,2299.0,3447.0,9.0,6.57,31.199454000000003,10.36335,31.199454000000003,True,True
Mohammad Nabi,All-rounder,221.0,151.0,146.36,19.87,15.0,417.0,527.0,7.58,3.6,31.038085000000002,5.94222,31.038085000000002,True,True
M Kaif,Limited-sample batter,259.0,249.0,104.02,11.24,0.0,0.0,0.0,0.0,0.0,30.358072,0.0,30.358072,True,False
Urvil Patel,Limited-sample batter,197.0,96.0,205.21,32.29,0.0,0.0,0.0,0.0,0.0,30.098992,0.0,30.098992,False,False
GH Vihari,All-rounder,284.0,319.0,89.03,7.52,1.0,42.0,48.0,6.86,2.38,30.092995000000002,1.365792,30.092995000000002,True,False
MD Mishra,Limited-sample batter,237.0,206.0,115.05,15.53,0.0,0.0,0.0,0.0,0.0,29.773677999999997,0.0,29.773677999999997,True,False
PD Collingwood,All-rounder,203.0,156.0,130.13,14.1,5.0,89.0,101.0,6.81,5.62,28.170882000000002,2.225422,28.170882000000002,True,True
Bipul Sharma,All-rounder,187.0,123.0,152.03,16.26,17.0,426.0,581.0,8.18,3.99,27.893223,5.4438379999999995,27.893223,True,True
BJ Rohrer,All-rounder,193.0,141.0,136.88,18.44,0.0,6.0,12.0,12.0,0.0,27.892480000000003,0.06668,27.892480000000003,True,False
AA Jhunjhunwala,All-rounder,217.0,209.0,103.83,11.48,1.0,85.0,130.0,9.18,1.18,27.590018999999998,1.7573920000000003,27.590018999999998,True,True
CA Ingram,Limited-sample batter,205.0,179.0,114.53,15.08,0.0,0.0,0.0,0.0,0.0,27.580630000000003,0.0,27.580630000000003,True,False
KS Bharat,Limited-sample batter,199.0,161.0,123.6,12.42,0.0,0.0,0.0,0.0,0.0,27.550758,0.0,27.550758,True,False
R Dhawan,All-rounder,210.0,187.0,112.3,13.37,25.0,662.0,922.0,8.36,3.78,27.454848,6.303456000000001,27.454848,True,True
JD Unadkat,All-rounder,201.0,169.0,118.93,13.61,114.0,2351.0,3541.0,9.04,4.85,27.4356,8.483268,27.4356,True,True
CR Brathwaite,All-rounder,181.0,110.0,164.55,23.64,13.0,254.0,384.0,9.07,5.12,27.312684000000004,4.143068,27.312684000000004,True,True
SD Hope,Limited-sample batter,183.0,122.0,150.0,19.67,0.0,0.0,0.0,0.0,0.0,27.028146999999997,0.0,27.028146999999997,True,False
SP Fleming,Limited-sample batter,196.0,162.0,120.99,18.52,0.0,0.0,0.0,0.0,0.0,26.997165,0.0,26.997165,True,False
Salman Butt,Limited-sample batter,193.0,160.0,120.62,20.0,0.0,0.0,0.0,0.0,0.0,26.99088,0.0,26.99088,True,False
HC Brook,Limited-sample batter,190.0,153.0,124.18,17.65,0.0,0.0,0.0,0.0,0.0,26.708422000000002,0.0,26.708422000000002,True,False
AS Raut,All-rounder,194.0,167.0,116.17,11.98,0.0,30.0,45.0,9.0,0.0,26.582573999999997,0.4732,26.582573999999997,True,False
UT Yadav,All-rounder,208.0,201.0,103.48,12.44,144.0,3056.0,4442.0,8.72,4.71,26.553418,9.982738000000001,26.553418,True,True
AC Voges,All-rounder,181.0,143.0,126.57,12.59,0.0,54.0,76.0,8.44,0.0,26.404604,1.0679400000000001,26.404604,True,False
K Goel,All-rounder,218.0,231.0,94.37,11.26,0.0,66.0,94.0,8.55,0.0,26.401455,1.28484,26.401455,True,True
MF Maharoof,All-rounder,177.0,123.0,143.9,17.07,27.0,420.0,532.0,7.6,6.43,26.354996999999997,7.10677,26.354996999999997,True,True
M Jansen,All-rounder,192.0,174.0,110.34,10.34,45.0,1017.0,1672.0,9.86,4.42,26.23683,7.506928000000002,26.23683,True,True
Sikandar Raza,All-rounder,182.0,136.0,133.82,14.71,3.0,84.0,146.0,10.43,3.57,26.198952,1.545264,26.198952,True,True
Suryansh Shedge,All-rounder,165.0,101.0,163.37,20.79,0.0,18.0,40.0,13.33,0.0,25.74936,0.063384,25.74936,True,False
YV Takawale,Limited-sample batter,192.0,177.0,108.47,16.38,0.0,0.0,0.0,0.0,0.0,25.633503,0.0,25.633503,True,False
AB Agarkar,All-rounder,179.0,151.0,118.54,11.92,29.0,782.0,1174.0,9.01,3.71,25.579259999999998,6.6342479999999995,25.579259999999998,True,True
FY Fazal,All-rounder,183.0,172.0,106.4,13.37,0.0,12.0,20.0,10.0,0.0,25.480364,0.093708,25.480364,True,False
C Munro,All-rounder,177.0,141.0,125.53,19.15,0.0,12.0,15.0,7.5,0.0,25.463680000000004,0.38509200000000005,25.463680000000004,True,False
V Nigam,All-rounder,157.0,88.0,178.41,29.55,13.0,288.0,478.0,9.96,4.51,25.460320000000003,4.17578,25.460320000000003,False,True
MD Choudhary,Limited-sample batter,170.0,120.0,141.67,19.17,0.0,0.0,0.0,0.0,0.0,25.431119999999996,0.0,25.431119999999996,True,False
MW Short,All-rounder,177.0,142.0,124.65,18.31,0.0,43.0,64.0,8.93,0.0,25.386606,1.08375,25.386606,True,False
DH Yagnik,Limited-sample batter,170.0,133.0,127.82,18.8,0.0,0.0,0.0,0.0,0.0,25.275924,0.0,25.275924,True,False
MN van Wyk,Limited-sample batter,167.0,131.0,127.48,15.27,0.0,0.0,0.0,0.0,0.0,25.132592000000002,0.0,25.132592000000002,True,False
JG Bethell,Limited-sample batter,163.0,116.0,140.52,23.28,0.0,0.0,0.0,0.0,0.0,25.110558000000005,0.0,25.110558000000005,True,False
SK Warne,All-rounder,198.0,213.0,92.96,9.39,57.0,1194.0,1465.0,7.36,4.77,25.056455,8.709100000000001,25.056455,True,True
Kuldeep Yadav,All-rounder,210.0,253.0,83.0,8.3,112.0,2286.0,3189.0,8.37,4.9,24.962832,8.306064000000001,24.962832,True,True
S Gopal,All-rounder,180.0,169.0,106.51,12.43,52.0,991.0,1358.0,8.22,5.25,24.945120000000003,7.68768,24.945120000000003,True,True
MS Wade,Limited-sample batter,183.0,177.0,103.39,14.12,0.0,0.0,0.0,0.0,0.0,24.816561,0.0,24.816561,True,False
J Overton,All-rounder,151.0,92.0,164.13,22.83,14.0,204.0,338.0,9.94,6.86,24.368559999999995,3.9860100000000003,24.368559999999995,False,True
CM Gautam,Limited-sample batter,169.0,149.0,113.42,15.44,0.0,0.0,0.0,0.0,0.0,24.064024000000003,0.0,24.064024000000003,True,False
Azmatullah Omarzai,All-rounder,151.0,101.0,149.5,20.79,15.0,354.0,579.0,9.81,4.24,23.602572,4.997758,23.602572,True,True
D Wiese,All-rounder,148.0,100.0,148.0,19.0,16.0,296.0,447.0,9.06,5.41,23.525000000000002,4.41336,23.525000000000002,True,True
N Jagadeesan,Limited-sample batter,162.0,147.0,110.2,15.65,0.0,0.0,0.0,0.0,0.0,23.387622999999998,0.0,23.387622999999998,True,False
DW Steyn,All-rounder,167.0,160.0,104.38,10.62,97.0,2182.0,2583.0,7.1,4.45,23.359848,11.497320000000002,23.359848,True,True
MG Johnson,All-rounder,167.0,163.0,102.45,10.43,62.0,1235.0,1740.0,8.45,5.02,23.192576,9.734060000000003,23.192576,True,True
PA Reddy,Limited-sample batter,164.0,160.0,102.5,10.62,0.0,0.0,0.0,0.0,0.0,23.076575999999996,0.0,23.076575999999996,True,False
RE van der Merwe,All-rounder,159.0,141.0,112.77,13.48,21.0,443.0,515.0,6.98,4.74,22.96864,6.3092559999999995,22.96864,True,True
SM Pollock,All-rounder,147.0,111.0,132.43,18.02,11.0,276.0,307.0,6.67,3.99,22.791510000000002,6.297892,22.791510000000002,True,True
AD Hales,Limited-sample batter,148.0,117.0,126.5,16.24,0.0,0.0,0.0,0.0,0.0,22.552498000000003,0.0,22.552498000000003,True,False
S Vidyut,All-rounder,145.0,109.0,133.03,22.02,1.0,12.0,22.0,11.0,8.33,22.511571,0.458508,22.511571,True,False
Arshad Khan,All-rounder,142.0,95.0,149.47,17.89,18.0,364.0,675.0,11.13,4.95,22.450114,5.280528,22.450114,False,True
R McLaren,All-rounder,159.0,171.0,92.98,8.77,12.0,354.0,558.0,9.46,3.39,22.331397,4.828966,22.331397,True,True
DL Chahar,All-rounder,142.0,103.0,137.86,16.5,96.0,2068.0,2890.0,8.38,4.64,22.194176,10.238544,22.194176,True,True
MN Samuels,All-rounder,161.0,172.0,93.6,9.3,9.0,214.0,285.0,7.99,4.21,22.15668,4.439552,22.15668,True,True
Sachin Baby,All-rounder,144.0,115.0,125.22,13.91,2.0,10.0,8.0,4.8,20.0,21.967485,0.6681600000000001,21.967485,True,False
Anmolpreet Singh,Limited-sample batter,139.0,115.0,120.87,19.13,0.0,0.0,0.0,0.0,0.0,21.316812000000002,0.0,21.316812000000002,True,False
S Anirudha,Limited-sample batter,136.0,112.0,121.43,14.29,0.0,0.0,0.0,0.0,0.0,21.128960000000003,0.0,21.128960000000003,True,False
Kamran Akmal,Limited-sample batter,128.0,77.0,166.23,27.27,0.0,0.0,0.0,0.0,0.0,21.061776,0.0,21.061776,False,False
MJ Santner,All-rounder,136.0,122.0,111.48,12.3,30.0,687.0,870.0,7.6,4.37,20.77621,7.3247040000000005,20.77621,True,True
N Saini,Limited-sample batter,140.0,140.0,100.0,11.43,0.0,0.0,0.0,0.0,0.0,20.488422,0.0,20.488422,True,False
GD Phillips,All-rounder,132.0,108.0,122.22,13.89,2.0,30.0,40.0,8.0,6.67,20.389895,0.9949939999999999,20.389895,True,False
M Morkel,All-rounder,126.0,89.0,141.57,17.98,77.0,1629.0,2136.0,7.87,4.73,20.378023000000002,10.327183999999999,20.378023000000002,False,True
UT Khawaja,Limited-sample batter,127.0,99.0,128.28,17.17,0.0,0.0,0.0,0.0,0.0,20.340712,0.0,20.340712,False,False
TK Curran,All-rounder,127.0,107.0,118.69,12.15,13.0,238.0,432.0,10.89,5.46,20.154742,3.2787560000000004,20.154742,True,True
S Arora,Limited-sample batter,121.0,77.0,157.14,23.38,0.0,0.0,0.0,0.0,0.0,20.055647999999998,0.0,20.055647999999998,False,False
SB Styris,All-rounder,131.0,132.0,99.24,9.85,8.0,216.0,278.0,7.72,3.7,19.982718,4.557882000000001,19.982718,True,True
AB McDonald,All-rounder,123.0,100.0,123.0,13.0,11.0,186.0,263.0,8.48,5.91,19.8,3.503684,19.8,True,True
B Lee,All-rounder,124.0,96.0,129.17,16.67,25.0,875.0,1126.0,7.72,2.86,19.764139999999998,8.49598,19.764139999999998,False,True
W Jaffer,Limited-sample batter,130.0,121.0,107.44,14.05,0.0,0.0,0.0,0.0,0.0,19.758515,0.0,19.758515,True,False
BB Samantray,Limited-sample batter,125.0,113.0,110.62,13.27,0.0,0.0,0.0,0.0,0.0,19.688818000000005,0.0,19.688818000000005,True,False
SS Prabhudessai,Limited-sample batter,126.0,105.0,120.0,14.29,0.0,0.0,0.0,0.0,0.0,19.610185,0.0,19.610185,True,False
DL Vettori,All-rounder,121.0,112.0,108.04,11.61,28.0,777.0,894.0,6.9,3.6,19.575024000000003,7.52003,19.575024000000003,True,True
AC Blizzard,Limited-sample batter,120.0,90.0,133.33,25.56,0.0,0.0,0.0,0.0,0.0,19.480923,0.0,19.480923,False,False
KK Cooper,All-rounder,116.0,67.0,173.13,25.37,33.0,576.0,789.0,8.22,5.73,19.473762,6.706336000000001,19.473762,False,True
Misbah-ul-Haq,Limited-sample batter,117.0,81.0,144.44,19.75,0.0,0.0,0.0,0.0,0.0,19.432202999999998,0.0,19.432202999999998,False,False
MC Juneja,Limited-sample batter,125.0,128.0,97.66,9.38,0.0,0.0,0.0,0.0,0.0,19.318987999999997,0.0,19.318987999999997,True,False
RD Chahar,All-rounder,129.0,124.0,104.03,14.52,75.0,1694.0,2220.0,7.86,4.43,19.144979999999997,8.7346,19.144979999999997,True,True
Harpreet Singh,Limited-sample batter,123.0,118.0,104.24,11.02,0.0,0.0,0.0,0.0,0.0,19.071659999999998,0.0,19.071659999999998,True,False
P Dogra,Limited-sample batter,127.0,138.0,92.03,6.52,0.0,0.0,0.0,0.0,0.0,18.717615000000002,0.0,18.717615000000002,True,False
TG Southee,All-rounder,120.0,106.0,113.21,11.32,47.0,1206.0,1774.0,8.83,3.9,18.664371,8.202240000000002,18.664371,True,True
NK Patel,Limited-sample batter,121.0,119.0,101.68,12.61,0.0,0.0,0.0,0.0,0.0,18.615347999999997,0.0,18.615347999999997,True,False
MM Sharma,All-rounder,125.0,136.0,91.91,9.56,134.0,2403.0,3537.0,8.83,5.58,18.582408,9.126474000000002,18.582408,True,True
LJ Wright,All-rounder,106.0,59.0,179.66,32.2,2.0,71.0,125.0,10.56,2.82,18.5402,1.078768,18.5402,False,True
DJM Short,All-rounder,115.0,99.0,116.16,16.16,1.0,18.0,23.0,7.67,5.56,18.361919999999998,0.668838,18.361919999999998,False,False
M Kartik,All-rounder,113.0,107.0,105.61,7.48,31.0,1149.0,1418.0,7.4,2.7,18.312427,7.58901,18.312427,True,True
RJ Harris,All-rounder,117.0,111.0,105.41,8.11,45.0,832.0,1085.0,7.82,5.41,18.0981,9.250710000000002,18.0981,True,True
Aman Hakim Khan,All-rounder,115.0,104.0,110.58,13.46,0.0,6.0,13.0,13.0,0.0,18.015186,0.06668,18.015186,True,False
Mohammed Shami,All-rounder,115.0,111.0,103.6,12.61,145.0,2920.0,4302.0,8.84,4.97,17.97471,10.192866,17.97471,True,True
DJ Harris,All-rounder,111.0,101.0,109.9,15.84,0.0,18.0,26.0,8.67,0.0,17.689896,0.329232,17.689896,True,False
MA Starc,All-rounder,111.0,121.0,91.74,9.09,76.0,1196.0,1813.0,9.1,6.35,17.457922999999997,9.23644,17.457922999999997,True,True
Z Khan,All-rounder,117.0,140.0,83.57,9.29,102.0,2200.0,2860.0,7.8,4.64,17.308739999999997,10.09536,17.308739999999997,True,True
Mohammed Siraj,All-rounder,117.0,137.0,85.4,10.95,128.0,2672.0,4004.0,8.99,4.79,17.281618,10.280964,17.281618,True,True
JDP Oram,All-rounder,106.0,107.0,99.07,10.28,9.0,237.0,362.0,9.16,3.8,16.837523,4.111002,16.837523,True,True
C Bosch,All-rounder,97.0,63.0,153.97,20.63,13.0,163.0,253.0,9.31,7.98,16.792392,4.395776,16.792392,False,True
PN Mankad,Limited-sample batter,97.0,72.0,134.72,20.83,0.0,0.0,0.0,0.0,0.0,16.651214,0.0,16.651214,False,False
DS Kulkarni,All-rounder,104.0,108.0,96.3,8.33,86.0,1787.0,2513.0,8.44,4.81,16.612055,9.974112,16.612055,True,True
RJ Quiney,Limited-sample batter,103.0,102.0,100.98,14.71,0.0,0.0,0.0,0.0,0.0,16.58493,0.0,16.58493,True,False
MS Gony,All-rounder,99.0,70.0,141.43,20.0,37.0,888.0,1317.0,8.9,4.17,16.551297,8.027262,16.551297,False,True
SD Chitnis,All-rounder,99.0,88.0,112.5,13.64,2.0,36.0,62.0,10.33,5.56,16.483378000000002,0.844444,16.483378000000002,False,False
MJ Clarke,All-rounder,98.0,94.0,104.26,12.77,2.0,66.0,72.0,6.55,3.03,16.222125000000002,1.81044,16.222125000000002,False,True
Himmat Singh,Limited-sample batter,92.0,65.0,141.54,15.38,0.0,0.0,0.0,0.0,0.0,15.937763999999998,0.0,15.937763999999998,False,False
PHKD Mendis,All-rounder,92.0,68.0,135.29,13.24,2.0,42.0,60.0,8.57,4.76,15.860975,1.047222,15.860975,False,False
PR Veer,All-rounder,90.0,67.0,134.33,19.4,0.0,12.0,25.0,12.5,0.0,15.759777000000001,0.31669200000000003,15.759777000000001,False,False
AJ Tye,All-rounder,91.0,75.0,121.33,14.67,42.0,684.0,1005.0,8.82,6.14,15.413200000000002,6.81795,15.413200000000002,False,True
CJ Ferguson,Limited-sample batter,98.0,117.0,83.76,7.69,0.0,0.0,0.0,0.0,0.0,15.394585000000003,0.0,15.394585000000003,True,False
S Rana,All-rounder,91.0,79.0,115.19,12.66,0.0,16.0,18.0,6.75,0.0,15.350192,0.42585000000000006,15.350192,False,False
TA Boult,All-rounder,93.0,85.0,109.41,10.59,145.0,2784.0,3994.0,8.61,5.21,15.340052,10.469382000000001,15.340052,False,True
PR Shah,Limited-sample batter,92.0,90.0,102.22,12.22,0.0,0.0,0.0,0.0,0.0,15.27141,0.0,15.27141,False,False
Iqbal Abdulla,All-rounder,88.0,82.0,107.32,12.2,40.0,920.0,1125.0,7.34,4.35,15.155349999999999,8.1432,15.155349999999999,False,True
MD Shanaka,All-rounder,89.0,72.0,123.61,13.89,1.0,36.0,62.0,10.33,2.78,15.115704000000001,0.606476,15.115704000000001,False,False
JDS Neesham,All-rounder,92.0,93.0,98.92,8.6,8.0,216.0,342.0,9.5,3.7,15.085523999999998,3.483566,15.085523999999998,False,True
AP Majumdar,Limited-sample batter,87.0,76.0,114.47,11.84,0.0,0.0,0.0,0.0,0.0,14.990218,0.0,14.990218,False,False
Ankit Sharma,All-rounder,87.0,67.0,129.85,16.42,12.0,367.0,453.0,7.41,3.27,14.967752999999998,5.8355,14.967752999999998,False,True
DJ Jacobs,Limited-sample batter,92.0,98.0,93.88,14.29,0.0,0.0,0.0,0.0,0.0,14.861105999999998,0.0,14.861105999999998,False,False
AD Nath,Limited-sample batter,90.0,98.0,91.84,9.18,0.0,0.0,0.0,0.0,0.0,14.684724,0.0,14.684724,False,False
Shahid Afridi,All-rounder,81.0,46.0,176.09,28.26,9.0,180.0,237.0,7.9,5.0,14.398979000000002,3.7402500000000005,14.398979000000002,False,True
MJ McClenaghan,All-rounder,85.0,69.0,123.19,17.39,71.0,1274.0,1839.0,8.66,5.57,14.390772,9.322916000000001,14.390772,False,True
RE Levi,Limited-sample batter,83.0,73.0,113.7,19.18,0.0,0.0,0.0,0.0,0.0,14.25704,0.0,14.25704,False,False
SL Malinga,All-rounder,88.0,99.0,88.89,11.11,170.0,2827.0,3486.0,7.4,6.01,14.203456000000001,11.153552000000001,14.203456000000001,False,True
RT Ponting,Limited-sample batter,91.0,128.0,71.09,5.47,0.0,0.0,0.0,0.0,0.0,14.155258000000002,0.0,14.155258000000002,True,False
LA Carseldine,All-rounder,81.0,66.0,122.73,16.67,1.0,6.0,6.0,6.0,16.67,14.12784,0.44804000000000005,14.12784,False,False
WPUJC Vaas,All-rounder,81.0,72.0,112.5,6.94,18.0,282.0,364.0,7.74,6.38,14.010679999999999,6.466990000000001,14.010679999999999,False,True
RV Patel,All-rounder,80.0,73.0,109.59,10.96,0.0,18.0,22.0,7.33,0.0,13.961668000000001,0.42316800000000004,13.961668000000001,False,False
NM Coulter-Nile,All-rounder,82.0,72.0,113.89,15.28,48.0,857.0,1125.0,7.88,5.6,13.930558000000001,9.244716,13.930558000000001,False,True
AS Roy,All-rounder,78.0,64.0,121.88,12.5,15.0,323.0,482.0,8.95,4.64,13.695264,4.99352,13.695264,False,True
CJ Jordan,All-rounder,81.0,77.0,105.19,7.79,30.0,674.0,1111.0,9.89,4.45,13.643519999999999,6.045311999999999,13.643519999999999,False,True
AD Mascarenhas,All-rounder,79.0,78.0,101.28,7.69,19.0,308.0,365.0,7.11,6.17,13.600738,6.325332,13.600738,False,True
A Kamboj,All-rounder,74.0,50.0,148.0,18.0,31.0,491.0,823.0,10.06,6.31,13.5278,6.753996000000001,13.5278,False,True
PWH de Silva,All-rounder,81.0,88.0,92.05,9.09,46.0,798.0,1134.0,8.53,5.76,13.491518,7.4939160000000005,13.491518,False,True
B Akhil,All-rounder,76.0,55.0,138.18,18.18,6.0,188.0,246.0,7.85,3.19,13.41432,3.5874300000000003,13.41432,False,True
JR Philippe,Limited-sample batter,78.0,77.0,101.3,12.99,0.0,0.0,0.0,0.0,0.0,13.40586,0.0,13.40586,False,False
CR Woakes,All-rounder,78.0,77.0,101.3,11.69,30.0,440.0,674.0,9.19,6.82,13.37934,6.646150000000001,13.37934,False,True
TR Birt,Limited-sample batter,75.0,57.0,131.58,19.3,0.0,0.0,0.0,0.0,0.0,13.30528,0.0,13.30528,False,False
KA Jamieson,All-rounder,77.0,73.0,105.48,13.7,16.0,300.0,508.0,10.16,5.33,13.290368,5.234,13.290368,False,True
LH Ferguson,All-rounder,72.0,46.0,156.52,19.57,54.0,1092.0,1699.0,9.34,4.95,13.213417000000002,8.072064000000001,13.213417000000002,False,True
JJ Bumrah,All-rounder,75.0,85.0,88.24,8.24,190.0,3653.0,4582.0,7.53,5.2,12.792806,10.9494,12.792806,False,True
Vivrant Sharma,All-rounder,69.0,47.0,146.81,23.4,0.0,18.0,37.0,12.33,0.0,12.753045,0.31669200000000003,12.753045,False,False
M Klinger,Limited-sample batter,73.0,75.0,97.33,12.0,0.0,0.0,0.0,0.0,0.0,12.693000000000001,0.0,12.693000000000001,False,False
RR Sarwan,Limited-sample batter,73.0,75.0,97.33,9.33,0.0,0.0,0.0,0.0,0.0,12.6928,0.0,12.6928,False,False
IR Jaggi,Limited-sample batter,76.0,97.0,78.35,6.19,0.0,0.0,0.0,0.0,0.0,12.577712,0.0,12.577712,False,False
Vishnu Vinod,Limited-sample batter,71.0,64.0,110.94,12.5,0.0,0.0,0.0,0.0,0.0,12.457632,0.0,12.457632,False,False
J Suchith,All-rounder,70.0,61.0,114.75,14.75,19.0,420.0,604.0,8.63,4.52,12.439076000000004,5.726225999999999,12.439076000000004,False,True
SK Rasheed,Limited-sample batter,71.0,63.0,112.7,17.46,0.0,0.0,0.0,0.0,0.0,12.373488,0.0,12.373488,False,False
Avesh Khan,All-rounder,68.0,43.0,158.14,25.58,93.0,1767.0,2775.0,9.42,5.26,12.2965,8.584200000000001,12.2965,False,True
AA Bilakhia,Limited-sample batter,69.0,84.0,82.14,5.95,0.0,0.0,0.0,0.0,0.0,11.887977,0.0,11.887977,False,False
RR Powar,All-rounder,67.0,64.0,104.69,10.94,13.0,426.0,538.0,7.58,3.05,11.880527999999998,6.329034,11.880527999999998,False,True
HR Shokeen,All-rounder,66.0,65.0,101.54,13.85,5.0,204.0,320.0,9.41,2.45,11.748178,3.913920000000001,11.748178,False,True
A Flintoff,All-rounder,62.0,53.0,116.98,13.21,2.0,66.0,106.0,9.64,3.03,11.405550000000002,1.47888,11.405550000000002,False,True
WD Parnell,All-rounder,65.0,80.0,81.25,6.25,35.0,723.0,968.0,8.03,4.84,11.394000000000002,8.280384000000002,11.394000000000002,False,True
N Sindhu,Limited-sample batter,63.0,50.0,126.0,18.0,0.0,0.0,0.0,0.0,0.0,11.382799999999998,0.0,11.382799999999998,False,False
R Sharma,All-rounder,66.0,75.0,88.0,10.67,40.0,928.0,1100.0,7.11,4.31,11.147000000000002,8.223768000000002,11.147000000000002,False,True
SP Jackson,Limited-sample batter,61.0,57.0,107.02,10.53,0.0,0.0,0.0,0.0,0.0,11.144160000000001,0.0,11.144160000000001,False,False
Anirudh Singh,Limited-sample batter,63.0,66.0,95.45,10.61,0.0,0.0,0.0,0.0,0.0,11.072519999999999,0.0,11.072519999999999,False,False
Mohammad Hafeez,All-rounder,64.0,83.0,77.11,10.84,2.0,60.0,71.0,7.1,3.33,11.006891,1.7745420000000003,11.006891,False,True
MG Bracewell,All-rounder,58.0,47.0,123.4,14.89,6.0,66.0,95.0,8.64,9.09,10.943235000000001,2.3144400000000003,10.943235000000001,False,True
S Aravind,All-rounder,59.0,57.0,103.51,12.28,45.0,760.0,1057.0,8.34,5.92,10.89136,8.219688,10.89136,False,True
Sandeep Sharma,All-rounder,60.0,74.0,81.08,5.41,151.0,3163.0,4359.0,8.27,4.77,10.80981,10.06126,10.80981,False,True
A Nehra,All-rounder,41.0,60.0,68.33,6.67,106.0,1908.0,2537.0,7.98,5.56,7.653944000000001,10.537344000000001,10.537344000000001,False,True
Harshit Rana,All-rounder,59.0,55.0,107.27,14.55,40.0,649.0,1047.0,9.68,6.16,10.45537,7.526736000000001,10.45537,False,True
MM Patel,All-rounder,39.0,41.0,95.12,12.2,74.0,1355.0,1733.0,7.67,5.46,7.55136,10.339056,10.339056,False,True
RP Singh,All-rounder,52.0,76.0,68.42,3.95,90.0,1775.0,2417.0,8.17,5.07,9.382294,10.21212,10.21212,False,True
WA Mota,All-rounder,56.0,75.0,74.67,2.67,4.0,72.0,98.0,8.17,5.56,10.1872,2.021868,10.1872,False,True
TU Deshpande,All-rounder,54.0,36.0,150.0,16.67,55.0,1103.0,1899.0,10.33,4.99,10.105615,7.4670000000000005,10.105615,False,True
I Sharma,All-rounder,57.0,69.0,82.61,8.7,96.0,2419.0,3465.0,8.59,3.97,10.055177,9.97868,10.055177,False,True
M Rawat,Limited-sample batter,55.0,69.0,79.71,7.25,0.0,0.0,0.0,0.0,0.0,9.973457999999999,0.0,9.973457999999999,False,False
Shoaib Malik,All-rounder,52.0,46.0,113.04,10.87,2.0,51.0,87.0,10.24,3.92,9.859157,1.1823299999999999,9.859157,False,False
KK Ahmed,All-rounder,2.0,9.0,22.22,0.0,91.0,1657.0,2521.0,9.13,5.49,0.45106599999999997,9.815036,9.815036,False,True
PVD Chameera,All-rounder,53.0,45.0,117.78,13.33,13.0,396.0,658.0,9.97,3.28,9.79329,5.54775,9.79329,False,True
Shivang Kumar,All-rounder,53.0,45.0,117.78,15.56,9.0,234.0,376.0,9.64,3.85,9.764820000000002,3.4093920000000004,9.764820000000002,False,True
JR Hazlewood,All-rounder,19.0,30.0,63.33,3.33,72.0,1176.0,1725.0,8.8,6.12,3.882424,9.66761,9.66761,False,True
M Muralitharan,All-rounder,20.0,29.0,68.97,3.45,64.0,1528.0,1765.0,6.93,4.19,3.9754879999999995,9.662488000000002,9.662488000000002,False,True
AB Dinda,All-rounder,26.0,48.0,54.17,4.17,69.0,1516.0,2103.0,8.32,4.55,5.1178680000000005,9.65594,9.65594,False,True
YS Chahal,All-rounder,37.0,86.0,43.02,0.0,233.0,4037.0,5501.0,8.18,5.77,6.559768,9.65447,9.65447,False,True
CV Varun,All-rounder,31.0,53.0,58.49,5.66,111.0,2134.0,2795.0,7.86,5.2,5.88675,9.62946,9.62946,False,True
KB Arun Karthik,Limited-sample batter,51.0,51.0,100.0,9.8,0.0,0.0,0.0,0.0,0.0,9.609729999999999,0.0,9.609729999999999,False,False
DJ Willey,All-rounder,53.0,62.0,85.48,11.29,6.0,216.0,277.0,7.69,2.78,9.542655,4.2528500000000005,9.542655,False,True
M Prasidh Krishna,All-rounder,15.0,31.0,48.39,3.23,91.0,1739.0,2655.0,9.16,5.23,3.093164,9.50242,9.50242,False,True
Swapnil Singh,All-rounder,51.0,45.0,113.33,13.33,7.0,162.0,241.0,8.93,4.32,9.3886,2.7272700000000003,9.3886,False,True
A Chopra,Limited-sample batter,53.0,71.0,74.65,9.86,0.0,0.0,0.0,0.0,0.0,9.361865,0.0,9.361865,False,False
RV Gomez,All-rounder,50.0,51.0,98.04,11.76,5.0,96.0,130.0,8.12,5.21,9.2684,2.745248,9.2684,False,True
AS Yadav,Limited-sample batter,49.0,39.0,125.64,17.95,0.0,0.0,0.0,0.0,0.0,9.258995,0.0,9.258995,False,False
R Rampaul,All-rounder,51.0,49.0,104.08,10.2,16.0,268.0,319.0,7.14,5.97,9.2568,6.624048,9.2568,False,True
S Sreesanth,All-rounder,34.0,55.0,61.82,10.91,40.0,880.0,1221.0,8.32,4.55,6.369415,9.220560000000003,9.220560000000003,False,True
PP Ojha,All-rounder,16.0,44.0,36.36,0.0,89.0,1899.0,2399.0,7.58,4.69,3.4324480000000004,9.217152,9.217152,False,True
M Markande,All-rounder,48.0,42.0,114.29,14.29,37.0,750.0,1157.0,9.26,4.93,9.196218,6.2846280000000005,9.196218,False,True
Shivam Mavi,All-rounder,51.0,56.0,91.07,10.71,30.0,649.0,958.0,8.86,4.62,9.16723,7.477488000000002,9.16723,False,True
OF Smith,All-rounder,51.0,44.0,115.91,13.64,6.0,90.0,179.0,11.93,6.67,9.163903999999999,2.4194940000000003,9.163903999999999,False,True
A Nortje,All-rounder,49.0,50.0,98.0,12.0,61.0,1120.0,1740.0,9.32,5.45,9.0662,8.511732,9.0662,False,True
SB Bangar,All-rounder,49.0,58.0,84.48,6.9,4.0,150.0,221.0,8.84,2.67,9.021780000000001,3.218778000000001,9.021780000000001,False,True
Arshdeep Singh,All-rounder,32.0,47.0,68.09,8.51,111.0,2032.0,3166.0,9.35,5.46,5.917320000000001,8.946912000000001,8.946912000000001,False,True
A Kumble,All-rounder,35.0,47.0,74.47,6.38,45.0,965.0,1089.0,6.77,4.66,6.836265000000001,8.933204,8.933204,False,True
L Balaji,All-rounder,36.0,49.0,73.47,6.12,76.0,1512.0,2083.0,8.27,5.03,6.771380000000001,8.847072,8.847072,False,True
AG Paunikar,Limited-sample batter,49.0,55.0,89.09,16.36,0.0,0.0,0.0,0.0,0.0,8.792375,0.0,8.792375,False,False
Imran Tahir,All-rounder,33.0,37.0,89.19,13.51,82.0,1316.0,1729.0,7.88,6.23,6.36218,8.776548,8.776548,False,True
T Kohler-Cadmore,Limited-sample batter,48.0,54.0,88.89,14.81,0.0,0.0,0.0,0.0,0.0,8.726508,0.0,8.726508,False,False
DE Bollinger,All-rounder,21.0,22.0,95.45,9.09,37.0,576.0,716.0,7.46,6.42,4.234360000000001,8.688232000000001,8.688232000000001,False,True
SU Parakh,Limited-sample batter,46.0,33.0,139.39,21.21,0.0,0.0,0.0,0.0,0.0,8.669826,0.0,8.669826,False,False
Mustafizur Rahman,All-rounder,13.0,24.0,54.17,4.17,65.0,1364.0,1879.0,8.27,4.77,2.590148,8.642800000000001,8.642800000000001,False,True
VR Aaron,All-rounder,50.0,71.0,70.42,5.63,44.0,994.0,1527.0,9.22,4.43,8.608179,8.194560000000001,8.608179,False,True
Ravi Bishnoi,All-rounder,45.0,69.0,65.22,5.8,83.0,1789.0,2522.0,8.46,4.64,7.832682,8.532608,8.532608,False,True
DP Nannes,All-rounder,4.0,13.0,30.77,0.0,28.0,646.0,815.0,7.57,4.33,0.904638,8.420024000000002,8.420024000000002,False,True
Yashpal Singh,Limited-sample batter,47.0,65.0,72.31,7.69,0.0,0.0,0.0,0.0,0.0,8.379883999999999,0.0,8.379883999999999,False,False
TL Seifert,Limited-sample batter,45.0,41.0,109.76,17.07,0.0,0.0,0.0,0.0,0.0,8.37084,0.0,8.37084,False,False
Sunny Singh,Limited-sample batter,43.0,31.0,138.71,22.58,0.0,0.0,0.0,0.0,0.0,8.369102000000002,0.0,8.369102000000002,False,False
D Pretorius,All-rounder,44.0,28.0,157.14,21.43,6.0,150.0,242.0,9.68,4.0,8.317844999999998,2.706624,8.317844999999998,False,True
SK Trivedi,All-rounder,42.0,58.0,72.41,6.9,65.0,1506.0,1944.0,7.75,4.32,7.541262000000001,8.308308,8.308308,False,True
Mohsin Khan,All-rounder,25.0,28.0,89.29,10.71,38.0,654.0,933.0,8.56,5.81,4.796550000000001,8.244348000000002,8.244348000000002,False,True
Rasikh Salam,All-rounder,43.0,42.0,102.38,11.9,29.0,488.0,819.0,10.07,5.94,8.141124,5.778984,8.141124,False,True
P Awana,All-rounder,5.0,14.0,35.71,0.0,39.0,747.0,1046.0,8.4,5.22,1.1248649999999998,8.108236,8.108236,False,True
DR Sams,All-rounder,44.0,44.0,100.0,9.09,14.0,360.0,528.0,8.8,3.89,8.029056,5.8445800000000006,8.029056,False,True
Noor Ahmad,All-rounder,31.0,58.0,53.45,5.17,61.0,1098.0,1531.0,8.37,5.56,5.5860840000000005,8.003860000000001,8.003860000000001,False,True
AB Barath,Limited-sample batter,42.0,42.0,100.0,14.29,0.0,0.0,0.0,0.0,0.0,7.965849,0.0,7.965849,False,False
L Ngidi,All-rounder,4.0,8.0,50.0,0.0,42.0,620.0,883.0,8.55,6.77,0.845,7.930284,7.930284,False,True
LPC Silva,All-rounder,40.0,26.0,153.85,23.08,0.0,6.0,21.0,21.0,0.0,7.8772,0.0,7.8772,False,False
S Nadeem,All-rounder,39.0,87.0,44.83,2.3,48.0,1415.0,1800.0,7.63,3.39,6.853725,7.8424499999999995,7.8424499999999995,False,True
PJ Sangwan,All-rounder,26.0,44.0,59.09,2.27,38.0,856.0,1267.0,8.88,4.44,5.090816,7.75372,7.75372,False,True
XC Bartlett,All-rounder,40.0,28.0,142.86,17.86,7.0,261.0,486.0,11.17,2.68,7.741290000000001,3.5749200000000005,7.741290000000001,False,True
S Kaul,All-rounder,20.0,36.0,55.56,2.78,58.0,1209.0,1772.0,8.79,4.8,3.8344519999999997,7.694406000000001,7.694406000000001,False,True
J Yadav,All-rounder,40.0,36.0,111.11,8.33,8.0,390.0,447.0,6.88,2.05,7.638516,6.0534099999999995,7.638516,False,True
BR Dunk,Limited-sample batter,40.0,35.0,114.29,20.0,0.0,0.0,0.0,0.0,0.0,7.636824,0.0,7.636824,False,False
Umar Gul,All-rounder,39.0,19.0,205.26,31.58,12.0,135.0,198.0,8.8,8.89,7.54728,3.84152,7.54728,False,True
Navdeep Saini,All-rounder,33.0,37.0,89.19,8.11,24.0,670.0,1006.0,9.01,3.58,6.481199999999999,7.529136000000001,7.529136000000001,False,True
IC Pandey,All-rounder,0.0,2.0,0.0,0.0,18.0,462.0,609.0,7.91,3.9,0.0,7.4986440000000005,7.4986440000000005,False,True
VG Arora,All-rounder,10.0,27.0,37.04,0.0,47.0,866.0,1425.0,9.87,5.43,2.152024,7.49687,7.49687,False,True
T Natarajan,All-rounder,4.0,7.0,57.14,0.0,73.0,1553.0,2411.0,9.31,4.7,0.9199539999999999,7.495072,7.495072,False,True
M Pathirana,Regular bowler,0.0,0.0,0.0,0.0,47.0,710.0,1056.0,8.92,6.62,0.0,7.47992,7.47992,False,True
SB Jakati,All-rounder,28.0,29.0,96.55,10.34,47.0,1085.0,1474.0,8.15,4.33,5.613607999999999,7.425972000000001,7.425972000000001,False,True
AUK Pathan,All-rounder,39.0,23.0,169.57,30.43,0.0,39.0,63.0,9.69,0.0,7.408707999999999,0.6371,7.408707999999999,False,False
DJ Thornely,All-rounder,39.0,53.0,73.58,7.55,3.0,42.0,40.0,5.71,7.14,7.386449999999999,1.7736600000000002,7.386449999999999,False,False
BW Hilfenhaus,Regular bowler,0.0,0.0,0.0,0.0,22.0,372.0,497.0,8.02,5.91,0.0,7.344932000000002,7.344932000000002,False,True
Yash Dayal,All-rounder,4.0,9.0,44.44,0.0,41.0,871.0,1412.0,9.73,4.71,0.8376939999999999,7.3224480000000005,7.3224480000000005,False,True
A Singh,All-rounder,2.0,9.0,22.22,0.0,28.0,473.0,639.0,8.11,5.92,0.45106599999999997,7.292592000000001,7.292592000000001,False,True
S Narwal,All-rounder,37.0,27.0,137.04,22.22,5.0,106.0,203.0,11.49,4.72,7.2855739999999996,2.368314,7.2855739999999996,False,True
Umran Malik,All-rounder,23.0,15.0,153.33,20.0,29.0,493.0,785.0,9.55,5.88,4.479888000000001,7.245056,7.245056,False,True
SW Tait,All-rounder,23.0,26.0,88.46,7.69,23.0,473.0,668.0,8.47,4.86,4.646,7.228944,7.228944,False,True
M Ashwin,All-rounder,35.0,50.0,70.0,6.0,35.0,870.0,1182.0,8.15,4.02,6.577999999999999,7.182576000000001,7.182576000000001,False,True
Anureet Singh,All-rounder,36.0,47.0,76.6,6.38,18.0,412.0,636.0,9.26,4.37,7.094790000000001,5.553768000000001,7.094790000000001,False,True
AN Ahmed,All-rounder,36.0,26.0,138.46,19.23,12.0,344.0,515.0,8.98,3.49,7.046,5.1157200000000005,7.046,False,True
Harmeet Singh,All-rounder,18.0,12.0,150.0,25.0,27.0,549.0,747.0,8.16,4.92,3.5783080000000003,7.004422,7.004422,False,True
Sohail Tanvir,All-rounder,36.0,28.0,128.57,14.29,22.0,247.0,275.0,6.68,8.91,6.98224,7.001480000000001,7.001480000000001,False,True
Joginder Sharma,All-rounder,36.0,30.0,120.0,10.0,12.0,256.0,421.0,9.87,4.69,6.946394,3.8060400000000008,6.946394,False,True
Mukesh Choudhary,All-rounder,8.0,8.0,100.0,12.5,25.0,483.0,780.0,9.69,5.18,1.6575,6.9066980000000004,6.9066980000000004,False,True
KW Richardson,All-rounder,36.0,39.0,92.31,7.69,19.0,335.0,479.0,8.58,5.67,6.87056,5.986464,6.87056,False,True
B Sumanth,Limited-sample batter,35.0,37.0,94.59,8.11,0.0,0.0,0.0,0.0,0.0,6.837599999999999,0.0,6.837599999999999,False,False
Kartik Tyagi,All-rounder,24.0,26.0,92.31,11.54,33.0,728.0,1224.0,10.09,4.53,4.83096,6.784056,6.784056,False,True
Salil Arora,Limited-sample batter,35.0,21.0,166.67,19.05,0.0,0.0,0.0,0.0,0.0,6.77872,0.0,6.77872,False,False
GD McGrath,All-rounder,4.0,5.0,80.0,20.0,12.0,324.0,366.0,6.78,3.7,0.8,6.753228,6.753228,False,True
A Mithun,All-rounder,34.0,26.0,130.77,19.23,7.0,288.0,477.0,9.94,2.43,6.7384,3.94254,6.7384,False,True
M Theekshana,All-rounder,17.0,34.0,50.0,2.94,36.0,876.0,1226.0,8.4,4.11,3.480036,6.7199,6.7199,False,True
Mukesh Kumar,All-rounder,10.0,18.0,55.56,0.0,42.0,824.0,1475.0,10.74,5.1,2.216844,6.668834000000001,6.668834000000001,False,True
AP Dole,All-rounder,34.0,22.0,154.55,18.18,5.0,66.0,114.0,10.36,7.58,6.614700000000001,1.7546400000000002,6.614700000000001,False,True
E Malinga,All-rounder,7.0,17.0,41.18,0.0,33.0,486.0,754.0,9.31,6.79,1.620108,6.590351999999999,6.590351999999999,False,True
RA Bawa,All-rounder,35.0,32.0,109.38,6.25,2.0,24.0,50.0,12.5,8.33,6.570335999999999,0.6782840000000001,6.570335999999999,False,False
PV Tambe,All-rounder,18.0,38.0,47.37,2.63,28.0,660.0,866.0,7.87,4.24,3.684352,6.55664,6.55664,False,True
D Salunkhe,All-rounder,33.0,24.0,137.5,20.83,1.0,47.0,80.0,10.21,2.13,6.536642,0.9585,6.536642,False,False
GB Hogg,All-rounder,22.0,22.0,100.0,4.55,23.0,458.0,585.0,7.66,5.02,4.543692,6.455551999999999,6.455551999999999,False,True
AS Rajpoot,All-rounder,26.0,41.0,63.41,7.32,24.0,529.0,844.0,9.57,4.54,4.94628,6.409348000000001,6.409348000000001,False,True
L Ronchi,Limited-sample batter,34.0,34.0,100.0,20.59,0.0,0.0,0.0,0.0,0.0,6.389994,0.0,6.389994,False,False
RJ Peterson,All-rounder,32.0,30.0,106.67,13.33,3.0,48.0,70.0,8.75,6.25,6.369999999999999,1.7319000000000002,6.369999999999999,False,False
Suyash Sharma,Regular bowler,0.0,0.0,0.0,0.0,27.0,803.0,1215.0,9.08,3.36,0.0,6.3437920000000005,6.3437920000000005,False,True
AT Carey,Limited-sample batter,32.0,29.0,110.34,3.45,0.0,0.0,0.0,0.0,0.0,6.341896,0.0,6.341896,False,False
Basil Thampi,All-rounder,32.0,35.0,91.43,5.71,22.0,521.0,862.0,9.93,4.22,6.29928,5.302250000000001,6.29928,False,True
S Sriram,All-rounder,31.0,36.0,86.11,8.33,0.0,18.0,49.0,16.33,0.0,6.122540000000001,0.12665400000000002,6.122540000000001,False,False
A Zampa,All-rounder,15.0,24.0,62.5,4.17,31.0,467.0,656.0,8.43,6.64,3.145074,6.111924,6.111924,False,True
GF Linde,All-rounder,31.0,21.0,147.62,28.57,1.0,37.0,55.0,8.92,2.7,6.0975850000000005,0.8489800000000001,6.0975850000000005,False,False
T Taibu,Limited-sample batter,31.0,26.0,119.23,11.54,0.0,0.0,0.0,0.0,0.0,6.09224,0.0,6.09224,False,False
AS Joseph,All-rounder,27.0,32.0,84.38,9.38,21.0,434.0,707.0,9.77,4.84,5.340288,6.083754,6.083754,False,True
N Burger,All-rounder,14.0,9.0,155.56,11.11,21.0,363.0,617.0,10.2,5.79,2.803401,6.071840000000002,6.071840000000002,False,True
R Sai Kishore,All-rounder,18.0,16.0,112.5,12.5,33.0,465.0,701.0,9.05,7.1,3.63375,6.00096,6.00096,False,True
Mujeeb Ur Rahman,All-rounder,12.0,15.0,80.0,13.33,20.0,446.0,626.0,8.42,4.48,2.62392,5.977608,5.977608,False,True
G Coetzee,All-rounder,31.0,32.0,96.88,12.5,15.0,273.0,490.0,10.77,5.49,5.97024,4.418232,5.97024,False,True
JP Behrendorff,All-rounder,6.0,9.0,66.67,0.0,19.0,366.0,563.0,9.23,5.19,1.3534010000000003,5.929,5.929,False,True
Naveen-ul-Haq,All-rounder,18.0,24.0,75.0,8.33,25.0,387.0,602.0,9.33,6.46,3.761642,5.926138,5.926138,False,True
RP Meredith,All-rounder,0.0,3.0,0.0,0.0,19.0,388.0,621.0,9.6,4.9,0.0,5.920871999999999,5.920871999999999,False,True
NS Naik,Limited-sample batter,31.0,50.0,62.0,4.0,0.0,0.0,0.0,0.0,0.0,5.9201999999999995,0.0,5.9201999999999995,False,False
AC Thomas,All-rounder,20.0,19.0,105.26,10.53,14.0,315.0,416.0,7.92,4.44,4.04202,5.840896000000001,5.840896000000001,False,True
Prince Yadav,All-rounder,5.0,11.0,45.45,0.0,19.0,450.0,695.0,9.27,4.22,1.1772250000000002,5.8284,5.8284,False,True
BB Sran,All-rounder,10.0,13.0,76.92,0.0,18.0,483.0,767.0,9.53,3.73,2.1968520000000002,5.822012000000001,5.822012000000001,False,True
Akshat Raghuwanshi,Limited-sample batter,29.0,25.0,116.0,8.0,0.0,0.0,0.0,0.0,0.0,5.8212,0.0,5.8212,False,False
J Syed Mohammad,All-rounder,29.0,26.0,111.54,15.38,8.0,192.0,286.0,8.94,4.17,5.81536,3.0373200000000002,5.81536,False,True
C Sakariya,All-rounder,20.0,30.0,66.67,10.0,20.0,444.0,649.0,8.77,4.5,3.973879,5.771796,5.771796,False,True
CRD Fernando,All-rounder,4.0,3.0,133.33,0.0,17.0,234.0,306.0,7.85,7.26,0.8666500000000001,5.705388000000001,5.705388000000001,False,True
VY Mahesh,All-rounder,15.0,27.0,55.56,0.0,21.0,339.0,511.0,9.04,6.19,3.16645,5.70294,5.70294,False,True
A Chandila,All-rounder,4.0,7.0,57.14,0.0,11.0,234.0,245.0,6.28,4.7,0.9199539999999999,5.681736000000001,5.681736000000001,False,True
VH Zol,Limited-sample batter,29.0,26.0,111.54,15.38,0.0,0.0,0.0,0.0,0.0,5.63072,0.0,5.63072,False,False
Yash Thakur,Regular bowler,0.0,0.0,0.0,0.0,27.0,467.0,837.0,10.75,5.78,0.0,5.519976,5.519976,False,True
S Badree,All-rounder,13.0,23.0,56.52,0.0,11.0,258.0,329.0,7.65,4.26,2.685646,5.4950280000000005,5.4950280000000005,False,True
NT Ellis,All-rounder,19.0,25.0,76.0,4.0,19.0,378.0,553.0,8.78,5.03,3.7576,5.295420000000001,5.295420000000001,False,True
DJ Malan,Limited-sample batter,26.0,26.0,100.0,7.69,0.0,0.0,0.0,0.0,0.0,5.23064,0.0,5.23064,False,False
M Ntini,All-rounder,11.0,18.0,61.11,11.11,7.0,210.0,257.0,7.34,3.33,2.184924,5.2010879999999995,5.2010879999999995,False,True
DS Rathi,All-rounder,3.0,8.0,37.5,0.0,19.0,546.0,834.0,9.16,3.48,0.7475,5.15097,5.15097,False,True
YA Abdulla,All-rounder,0.0,1.0,0.0,0.0,15.0,209.0,311.0,8.93,7.18,0.06,5.146542,5.146542,False,True
Vijaykumar Vyshak,All-rounder,16.0,16.0,100.0,6.25,26.0,519.0,910.0,10.52,5.01,3.283125,5.115112,5.115112,False,True
NL McCullum,All-rounder,26.0,22.0,118.18,4.55,0.0,30.0,35.0,7.0,0.0,5.100068,0.7886059999999999,5.100068,False,False
AG Murtaza,All-rounder,10.0,14.0,71.43,7.14,9.0,264.0,322.0,7.32,3.41,2.153565,5.095584000000001,5.095584000000001,False,True
JM Kemp,All-rounder,26.0,24.0,108.33,8.33,3.0,44.0,58.0,7.91,6.82,5.05642,1.4312960000000001,5.05642,False,False
A Choudhary,All-rounder,25.0,20.0,125.0,10.0,5.0,101.0,144.0,8.55,4.95,5.053,2.9423519999999996,5.053,False,True
Akash Madhwal,All-rounder,8.0,14.0,57.14,0.0,23.0,352.0,598.0,10.19,6.53,1.7999100000000001,5.02308,5.02308,False,True
Sanvir Singh,Limited-sample batter,25.0,21.0,119.05,14.29,0.0,0.0,0.0,0.0,0.0,5.01449,0.0,5.01449,False,False
AA Kulkarni,Limited-sample batter,26.0,33.0,78.79,9.09,0.0,0.0,0.0,0.0,0.0,5.009994000000001,0.0,5.009994000000001,False,False
SJ Srivastava,All-rounder,5.0,5.0,100.0,0.0,14.0,282.0,444.0,9.45,4.96,1.056,4.99938,4.99938,False,True
Akash Deep,All-rounder,25.0,14.0,178.57,28.57,10.0,278.0,554.0,11.96,3.6,4.98213,3.779698,4.98213,False,True
Pankaj Singh,All-rounder,7.0,12.0,58.33,0.0,11.0,300.0,472.0,9.44,3.67,1.48827,4.946,4.946,False,True
S Chanderpaul,Limited-sample batter,25.0,31.0,80.65,12.9,0.0,0.0,0.0,0.0,0.0,4.942802,0.0,4.942802,False,False
AA Chavan,All-rounder,12.0,11.0,109.09,18.18,8.0,248.0,339.0,8.2,3.23,2.4818150000000005,4.926828,4.926828,False,True
MA Khote,All-rounder,24.0,22.0,109.09,13.64,2.0,30.0,52.0,10.4,6.67,4.914564,0.604422,4.914564,False,False
AF Milne,All-rounder,25.0,31.0,80.65,3.23,7.0,227.0,381.0,10.07,3.08,4.912628000000001,3.5600600000000004,4.912628000000001,False,True
Simarjeet Singh,All-rounder,10.0,15.0,66.67,0.0,11.0,240.0,411.0,10.27,4.58,2.112048,4.894656000000001,4.894656000000001,False,True
ER Dwivedi,Limited-sample batter,24.0,14.0,171.43,28.57,0.0,0.0,0.0,0.0,0.0,4.82148,0.0,4.82148,False,False
VRV Singh,All-rounder,4.0,3.0,133.33,33.33,12.0,360.0,549.0,9.15,3.33,0.8999800000000001,4.799270000000001,4.799270000000001,False,True
Tanush Kotian,Limited-sample batter,24.0,31.0,77.42,9.68,0.0,0.0,0.0,0.0,0.0,4.760724,0.0,4.760724,False,False
CK Langeveldt,All-rounder,8.0,9.0,88.89,11.11,13.0,156.0,199.0,7.65,8.33,1.578876,4.759956000000001,4.759956000000001,False,True
AJ Turner,Limited-sample batter,24.0,28.0,85.71,7.14,0.0,0.0,0.0,0.0,0.0,4.735435000000001,0.0,4.735435000000001,False,False
KC Cariappa,All-rounder,24.0,21.0,114.29,9.52,8.0,216.0,349.0,9.69,3.7,4.704765,3.373788,4.704765,False,True
BMAJ Mendis,All-rounder,23.0,27.0,85.19,0.0,1.0,30.0,36.0,7.2,3.33,4.703527,0.963326,4.703527,False,False
BA Bhatt,All-rounder,6.0,7.0,85.71,14.29,12.0,296.0,408.0,8.27,4.05,1.15,4.669812,4.669812,False,True
Akash Singh,Limited-sample bowler,0.0,0.0,0.0,0.0,13.0,247.0,406.0,9.86,5.26,0.0,4.668256000000001,4.668256000000001,False,True
S Tyagi,All-rounder,3.0,4.0,75.0,0.0,6.0,209.0,304.0,8.73,2.87,0.6825,4.667316,4.667316,False,True
Sakib Hussain,All-rounder,5.0,7.0,71.43,14.29,15.0,252.0,399.0,9.5,5.95,1.051468,4.664142000000001,4.664142000000001,False,True
P Dubey,All-rounder,23.0,33.0,69.7,6.06,2.0,78.0,112.0,8.62,2.56,4.650228,1.704444,4.650228,False,True
J Arunkumar,Limited-sample batter,23.0,23.0,100.0,21.74,0.0,0.0,0.0,0.0,0.0,4.568708,0.0,4.568708,False,False
SE Bond,All-rounder,1.0,2.0,50.0,0.0,9.0,186.0,225.0,7.26,4.84,0.24500000000000002,4.556168,4.556168,False,True
MP Yadav,All-rounder,5.0,5.0,100.0,20.0,9.0,217.0,371.0,10.26,4.15,1.024,4.551120000000001,4.551120000000001,False,True
SMSM Senanayake,All-rounder,10.0,16.0,62.5,0.0,9.0,192.0,211.0,6.59,4.69,2.1675,4.5411600000000005,4.5411600000000005,False,True
S Lamichhane,All-rounder,0.0,1.0,0.0,0.0,13.0,210.0,297.0,8.49,6.19,0.0,4.541064,4.541064,False,True
HE van der Dussen,Limited-sample batter,22.0,24.0,91.67,8.33,0.0,0.0,0.0,0.0,0.0,4.501716,0.0,4.501716,False,False
KR Sen,All-rounder,0.0,3.0,0.0,0.0,14.0,241.0,396.0,9.86,5.81,0.0,4.48026,4.48026,False,True
VS Malik,All-rounder,7.0,7.0,100.0,14.29,6.0,205.0,268.0,7.84,2.93,1.5771789999999999,4.478992,4.478992,False,True
J Little,Limited-sample bowler,0.0,0.0,0.0,0.0,11.0,228.0,341.0,8.97,4.82,0.0,4.463424,4.463424,False,True
KL Nagarkoti,All-rounder,22.0,33.0,66.67,3.03,5.0,180.0,287.0,9.57,2.78,4.410252,2.865,4.410252,False,True
Sediqullah Atal,Limited-sample batter,22.0,16.0,137.5,12.5,0.0,0.0,0.0,0.0,0.0,4.39875,0.0,4.39875,False,False
K Kartikeya,All-rounder,12.0,17.0,70.59,5.88,12.0,282.0,412.0,8.77,4.26,2.636442,4.37664,4.37664,False,True
JL Pattinson,All-rounder,15.0,13.0,115.38,15.38,11.0,213.0,321.0,9.04,5.16,3.1983,4.34837,4.34837,False,True
SA Abbott,All-rounder,22.0,18.0,122.22,16.67,1.0,54.0,104.0,11.56,1.85,4.3383270000000005,0.87669,4.3383270000000005,False,False
AU Rashid,All-rounder,22.0,15.0,146.67,20.0,2.0,60.0,91.0,9.1,3.33,4.320048,1.5293860000000001,4.320048,False,True
Yudhvir Singh,All-rounder,22.0,16.0,137.5,18.75,8.0,138.0,257.0,11.17,5.8,4.303125,3.3005700000000004,4.303125,False,True
Brijesh Sharma,All-rounder,2.0,4.0,50.0,0.0,14.0,273.0,452.0,9.93,5.13,0.455,4.300184,4.300184,False,True
FH Edwards,All-rounder,4.0,5.0,80.0,0.0,5.0,140.0,160.0,6.86,3.57,0.768,4.287912,4.287912,False,True
AJ Hosein,All-rounder,21.0,13.0,161.54,15.38,9.0,172.0,239.0,8.34,5.23,4.232256,3.9610480000000003,4.232256,False,True
IS Sodhi,All-rounder,7.0,17.0,41.18,0.0,9.0,181.0,204.0,6.76,4.97,1.556604,4.194656,4.194656,False,True
BAW Mendis,All-rounder,3.0,6.0,50.0,0.0,8.0,244.0,306.0,7.52,3.28,0.7,4.190966,4.190966,False,True
M Tiwari,All-rounder,21.0,12.0,175.0,25.0,4.0,66.0,105.0,9.55,6.06,4.18,1.64916,4.18,False,True
S Sandeep Warrier,Limited-sample bowler,0.0,0.0,0.0,0.0,8.0,168.0,257.0,9.18,4.76,0.0,4.1658360000000005,4.1658360000000005,False,True
B Indrajith,Limited-sample batter,21.0,30.0,70.0,6.67,0.0,0.0,0.0,0.0,0.0,4.155697,0.0,4.155697,False,False
Kumar Kushagra,Limited-sample batter,21.0,21.0,100.0,14.29,0.0,0.0,0.0,0.0,0.0,4.147715,0.0,4.147715,False,False
V Pratap Singh,All-rounder,0.0,1.0,0.0,0.0,10.0,204.0,300.0,8.82,4.9,0.0,4.12776,4.12776,False,True
RR Raje,All-rounder,20.0,18.0,111.11,11.11,6.0,139.0,214.0,9.24,4.32,4.1166540000000005,2.6767480000000003,4.1166540000000005,False,True
J Theron,All-rounder,10.0,12.0,83.33,8.33,11.0,221.0,311.0,8.44,4.98,2.12154,4.05768,4.05768,False,True
AM Ghazanfar,All-rounder,2.0,3.0,66.67,0.0,15.0,233.0,390.0,10.04,6.44,0.46669000000000005,4.056234,4.056234,False,True
P Parameswaran,All-rounder,1.0,2.0,50.0,0.0,9.0,154.0,226.0,8.81,5.84,0.24500000000000002,4.042236000000001,4.042236000000001,False,True
DR Martyn,Limited-sample batter,19.0,24.0,79.17,4.17,0.0,0.0,0.0,0.0,0.0,4.00858,0.0,4.00858,False,False
SH Johnson,All-rounder,8.0,12.0,66.67,8.33,7.0,230.0,403.0,10.51,3.04,1.741692,3.9945360000000005,3.9945360000000005,False,True
KP Appanna,All-rounder,2.0,4.0,50.0,0.0,9.0,216.0,291.0,8.08,4.17,0.52,3.9939080000000002,3.9939080000000002,False,True
Kamran Khan,All-rounder,3.0,5.0,60.0,0.0,10.0,166.0,248.0,8.96,6.02,0.608,3.992184,3.992184,False,True
B Stanlake,All-rounder,5.0,2.0,250.0,50.0,7.0,144.0,200.0,8.33,4.86,1.12,3.9852000000000003,3.9852000000000003,False,True
T Thushara,All-rounder,12.0,18.0,66.67,0.0,8.0,135.0,164.0,7.29,5.93,2.470095,3.937,3.937,False,True
Gulbadin Naib,All-rounder,19.0,15.0,126.67,13.33,0.0,6.0,12.0,12.0,0.0,3.9360000000000004,0.06668,3.9360000000000004,False,False
R Shukla,All-rounder,19.0,23.0,82.61,8.7,5.0,120.0,217.0,10.85,4.17,3.9205489999999994,2.420132,3.9205489999999994,False,True
Ashwani Kumar,All-rounder,1.0,6.0,16.67,0.0,17.0,183.0,336.0,11.02,9.29,0.23338000000000003,3.918102,3.918102,False,True
P Ray Barman,All-rounder,19.0,24.0,79.17,8.33,0.0,24.0,56.0,14.0,0.0,3.9159319999999997,0.123284,3.9159319999999997,False,False
TS Mills,All-rounder,8.0,14.0,57.14,7.14,11.0,209.0,349.0,10.02,5.26,1.63917,3.9036779999999993,3.9036779999999993,False,True
Karanveer Singh,All-rounder,12.0,17.0,70.59,5.88,12.0,204.0,323.0,9.5,5.88,2.509434,3.89853,3.89853,False,True
A Mukund,Limited-sample batter,19.0,22.0,86.36,4.55,0.0,0.0,0.0,0.0,0.0,3.8945640000000004,0.0,3.8945640000000004,False,False
PP Hinge,All-rounder,3.0,9.0,33.33,0.0,14.0,156.0,307.0,11.81,8.97,0.6765990000000001,3.8837520000000008,3.8837520000000008,False,True
Y Gnaneswara Rao,All-rounder,19.0,17.0,111.76,17.65,0.0,6.0,7.0,7.0,0.0,3.8752020000000003,0.24000000000000002,3.8752020000000003,False,False
BKG Mendis,Limited-sample batter,20.0,10.0,200.0,30.0,0.0,0.0,0.0,0.0,0.0,3.872,0.0,3.872,False,False
P Sahu,All-rounder,19.0,13.0,146.15,15.38,3.0,105.0,152.0,8.69,2.86,3.8444700000000007,1.8233600000000003,3.8444700000000007,False,True
NJ Maddinson,Limited-sample batter,20.0,21.0,95.24,19.05,0.0,0.0,0.0,0.0,0.0,3.838185,0.0,3.838185,False,False
R Smaran,Limited-sample batter,19.0,25.0,76.0,12.0,0.0,0.0,0.0,0.0,0.0,3.8192000000000004,0.0,3.8192000000000004,False,False
DS Lehmann,Limited-sample batter,18.0,18.0,100.0,16.67,0.0,0.0,0.0,0.0,0.0,3.768441,0.0,3.768441,False,False
Anand Rajan,Limited-sample bowler,0.0,0.0,0.0,0.0,8.0,149.0,206.0,8.3,5.37,0.0,3.7449600000000003,3.7449600000000003,False,True
SS Cottrell,All-rounder,0.0,2.0,0.0,0.0,6.0,120.0,177.0,8.85,5.0,0.0,3.6968360000000002,3.6968360000000002,False,True
Arjun Tendulkar,All-rounder,18.0,14.0,128.57,7.14,4.0,97.0,153.0,9.46,4.12,3.6963449999999995,2.460984,3.6963449999999995,False,True
R Bishnoi,Limited-sample batter,19.0,17.0,111.76,17.65,0.0,0.0,0.0,0.0,0.0,3.6845820000000002,0.0,3.6845820000000002,False,False
S Kaushik,All-rounder,0.0,1.0,0.0,0.0,6.0,204.0,304.0,8.94,2.94,0.0,3.67173,3.67173,False,True
S Randiv,All-rounder,2.0,4.0,50.0,0.0,6.0,174.0,223.0,7.69,3.45,0.39,3.6700000000000004,3.6700000000000004,False,True
Sumit Kumar,All-rounder,18.0,24.0,75.0,12.5,0.0,20.0,38.0,11.4,0.0,3.6692159999999996,0.26288,3.6692159999999996,False,False
DP Vijaykumar,All-rounder,1.0,1.0,100.0,0.0,4.0,152.0,205.0,8.09,2.63,0.21,3.664416000000001,3.664416000000001,False,True
AM Salvi,Limited-sample bowler,0.0,0.0,0.0,0.0,7.0,150.0,205.0,8.2,4.67,0.0,3.6590040000000004,3.6590040000000004,False,True
Saurav Chauhan,Limited-sample batter,18.0,15.0,120.0,13.33,0.0,0.0,0.0,0.0,0.0,3.647952,0.0,3.647952,False,False
KMA Paul,All-rounder,18.0,24.0,75.0,8.33,9.0,163.0,239.0,8.8,5.52,3.63821,3.473536,3.63821,False,True
JJ van der Wath,All-rounder,18.0,16.0,112.5,12.5,3.0,72.0,134.0,11.17,4.17,3.63375,1.9508640000000004,3.63375,False,True
Mohammad Asif,All-rounder,3.0,6.0,50.0,0.0,8.0,192.0,307.0,9.59,4.17,0.7,3.6262200000000004,3.6262200000000004,False,True
Fazalhaq Farooqi,All-rounder,5.0,15.0,33.33,0.0,6.0,254.0,440.0,10.39,2.36,1.119888,3.612704000000001,3.612704000000001,False,True
M Siddharth,Limited-sample bowler,0.0,0.0,0.0,0.0,9.0,186.0,285.0,9.19,4.84,0.0,3.601732,3.601732,False,True
Parvez Rasool,All-rounder,17.0,20.0,85.0,5.0,4.0,198.0,273.0,8.27,2.02,3.5959999999999996,3.32728,3.5959999999999996,False,True
MA Wood,All-rounder,12.0,8.0,150.0,25.0,11.0,120.0,192.0,9.6,9.17,2.4050000000000002,3.5641320000000003,3.5641320000000003,False,True
T Banton,Limited-sample batter,18.0,20.0,90.0,10.0,0.0,0.0,0.0,0.0,0.0,3.534,0.0,3.534,False,False
BJ Haddin,Limited-sample batter,18.0,11.0,163.64,27.27,0.0,0.0,0.0,0.0,0.0,3.531885,0.0,3.531885,False,False
Harsh Dubey,All-rounder,13.0,9.0,144.44,22.22,13.0,192.0,328.0,10.25,6.77,2.67438,3.5224800000000003,3.5224800000000003,False,True
N Thushara,Limited-sample bowler,0.0,0.0,0.0,0.0,9.0,180.0,289.0,9.63,5.0,0.0,3.5220000000000002,3.5220000000000002,False,True
BE Hendricks,All-rounder,1.0,3.0,33.33,0.0,9.0,150.0,239.0,9.56,6.0,0.23331,3.43323,3.43323,False,True
OC McCoy,All-rounder,8.0,5.0,160.0,20.0,11.0,161.0,255.0,9.5,6.83,1.568,3.426482,3.426482,False,True
JA Richardson,All-rounder,17.0,26.0,65.38,7.69,3.0,90.0,162.0,10.8,3.33,3.4151199999999995,1.958418,3.4151199999999995,False,True
CK Kapugedera,All-rounder,16.0,22.0,72.73,0.0,0.0,17.0,49.0,17.29,0.0,3.4000680000000005,0.0,3.4000680000000005,False,False
YV Dhull,Limited-sample batter,16.0,23.0,69.57,4.35,0.0,0.0,0.0,0.0,0.0,3.3649739999999997,0.0,3.3649739999999997,False,False
JA Duffy,Limited-sample bowler,0.0,0.0,0.0,0.0,9.0,144.0,266.0,11.08,6.25,0.0,3.3592320000000004,3.3592320000000004,False,True
KS Sharma,Limited-sample batter,16.0,25.0,64.0,4.0,0.0,0.0,0.0,0.0,0.0,3.3571999999999997,0.0,3.3571999999999997,False,False
JE Taylor,All-rounder,3.0,3.0,100.0,0.0,6.0,117.0,167.0,8.56,5.13,0.63334,3.269154000000001,3.269154000000001,False,True
KMDN Kulasekara,All-rounder,5.0,3.0,166.67,33.33,5.0,102.0,122.0,7.18,4.9,1.13334,3.2288479999999997,3.2288479999999997,False,True
HF Gurney,All-rounder,1.0,5.0,20.0,0.0,7.0,162.0,239.0,8.85,4.32,0.224,3.21516,3.21516,False,True
Virat Singh,Limited-sample batter,15.0,26.0,57.69,3.85,0.0,0.0,0.0,0.0,0.0,3.2,0.0,3.2,False,False
Yash Raj Punja,Limited-sample bowler,0.0,0.0,0.0,0.0,9.0,180.0,281.0,9.37,5.0,0.0,3.1027500000000003,3.1027500000000003,False,True
DJ Muthuswami,All-rounder,1.0,3.0,33.33,0.0,4.0,84.0,108.0,7.71,4.76,0.23331,3.0870240000000004,3.0870240000000004,False,True
SB Wagh,All-rounder,2.0,3.0,66.67,0.0,5.0,102.0,147.0,8.65,4.9,0.40001000000000003,3.079496,3.079496,False,True
GR Napier,All-rounder,15.0,16.0,93.75,6.25,1.0,24.0,28.0,7.0,4.17,3.06,0.764716,3.06,False,False
C Madan,Limited-sample batter,15.0,18.0,83.33,16.67,0.0,0.0,0.0,0.0,0.0,3.039924,0.0,3.039924,False,False
I Udana,All-rounder,15.0,11.0,136.36,18.18,8.0,174.0,286.0,9.86,4.6,3.0226700000000006,2.887556,3.0226700000000006,False,True
F Behardien,Limited-sample batter,14.0,13.0,107.69,15.38,0.0,0.0,0.0,0.0,0.0,2.972214,0.0,2.972214,False,False
KM Asif,All-rounder,0.0,2.0,0.0,0.0,7.0,133.0,232.0,10.47,5.26,0.0,2.957638,2.957638,False,True
MDKJ Perera,Limited-sample batter,14.0,13.0,107.69,23.08,0.0,0.0,0.0,0.0,0.0,2.9399580000000003,0.0,2.9399580000000003,False,False
SD Lad,Limited-sample batter,15.0,13.0,115.38,15.38,0.0,0.0,0.0,0.0,0.0,2.939832,0.0,2.939832,False,False
S Ladda,All-rounder,0.0,9.0,0.0,0.0,5.0,138.0,225.0,9.78,3.62,0.0,2.9269800000000004,2.9269800000000004,False,True
Ashok Sharma,All-rounder,1.0,4.0,25.0,0.0,6.0,126.0,233.0,11.1,4.76,0.2275,2.9256640000000003,2.9256640000000003,False,True
B Laughlin,All-rounder,5.0,13.0,38.46,0.0,10.0,168.0,284.0,10.14,5.95,1.130724,2.9165159999999997,2.9165159999999997,False,True
FA Allen,All-rounder,14.0,18.0,77.78,5.56,2.0,90.0,136.0,9.07,2.22,2.881806,1.8105780000000002,2.881806,False,True
GC Viljoen,All-rounder,3.0,7.0,42.86,0.0,7.0,138.0,229.0,9.96,5.07,0.755734,2.85894,2.85894,False,True
MP Breetzke,Limited-sample batter,14.0,12.0,116.67,16.67,0.0,0.0,0.0,0.0,0.0,2.786768,0.0,2.786768,False,False
SR Dubey,All-rounder,4.0,2.0,200.0,50.0,5.0,77.0,110.0,8.57,6.49,0.875,2.7699119999999997,2.7699119999999997,False,True
Auqib Nabi,All-rounder,14.0,3.0,466.67,100.0,0.0,78.0,151.0,11.62,0.0,2.76669,1.299036,2.76669,False,True
Gurjapneet Singh,Limited-sample bowler,0.0,0.0,0.0,0.0,4.0,151.0,233.0,9.26,2.65,0.0,2.7630800000000004,2.7630800000000004,False,True
Jaskaran Singh,All-rounder,8.0,11.0,72.73,0.0,6.0,102.0,174.0,10.24,5.88,1.6546250000000002,2.7188160000000003,2.7188160000000003,False,True
DT Patil,Limited-sample batter,13.0,13.0,100.0,7.69,0.0,0.0,0.0,0.0,0.0,2.7138299999999997,0.0,2.7138299999999997,False,False
Zeeshan Ansari,Limited-sample bowler,0.0,0.0,0.0,0.0,6.0,203.0,334.0,9.87,2.96,0.0,2.6930640000000006,2.6930640000000006,False,True
RJW Topley,All-rounder,3.0,6.0,50.0,0.0,5.0,120.0,222.0,11.1,4.17,0.7,2.677532,2.677532,False,True
M de Lange,All-rounder,1.0,2.0,50.0,0.0,5.0,108.0,171.0,9.5,4.63,0.24500000000000002,2.6696100000000005,2.6696100000000005,False,True
DR Shorey,Limited-sample batter,13.0,17.0,76.47,5.88,0.0,0.0,0.0,0.0,0.0,2.668194,0.0,2.668194,False,False
DAJ Bracewell,All-rounder,12.0,9.0,133.33,11.11,3.0,24.0,32.0,8.0,12.5,2.545504,1.105116,2.545504,False,False
Shivam Sharma,All-rounder,5.0,3.0,166.67,33.33,4.0,114.0,165.0,8.68,3.51,1.0666799999999999,2.5366000000000004,2.5366000000000004,False,True
KJ Abbott,All-rounder,13.0,8.0,162.5,12.5,2.0,96.0,182.0,11.38,2.08,2.535,1.6731880000000001,2.535,False,True
Mayank Dagar,All-rounder,0.0,1.0,0.0,0.0,2.0,137.0,205.0,8.98,1.46,0.0,2.53398,2.53398,False,True
AR Bawne,Limited-sample batter,12.0,12.0,100.0,8.33,0.0,0.0,0.0,0.0,0.0,2.501654,0.0,2.501654,False,False
T Dahiya,Limited-sample batter,12.0,15.0,80.0,13.33,0.0,0.0,0.0,0.0,0.0,2.495952,0.0,2.495952,False,False
R Minz,Limited-sample batter,12.0,19.0,63.16,5.26,0.0,0.0,0.0,0.0,0.0,2.4947999999999997,0.0,2.4947999999999997,False,False
SM Harwood,All-rounder,9.0,13.0,69.23,0.0,3.0,60.0,74.0,7.4,5.0,2.035362,2.4782800000000003,2.4782800000000003,False,True
LE Plunkett,All-rounder,1.0,3.0,33.33,0.0,4.0,150.0,228.0,9.12,2.67,0.23331,2.4708600000000005,2.4708600000000005,False,True
Shoaib Ahmed,All-rounder,1.0,6.0,16.67,0.0,5.0,102.0,154.0,9.06,4.9,0.23338000000000003,2.4399240000000004,2.4399240000000004,False,True
DG Nalkande,All-rounder,12.0,12.0,100.0,8.33,6.0,84.0,150.0,10.71,7.14,2.4382699999999997,1.88559,2.4382699999999997,False,True
Ankit Soni,All-rounder,7.0,9.0,77.78,11.11,2.0,109.0,145.0,7.98,1.83,1.482219,2.437176,2.437176,False,True
K Upadhyay,All-rounder,12.0,9.0,133.33,11.11,0.0,54.0,81.0,9.0,0.0,2.416628,1.317024,2.416628,False,False
JW Hastings,Limited-sample bowler,0.0,0.0,0.0,0.0,3.0,58.0,66.0,6.83,5.17,0.0,2.4018120000000005,2.4018120000000005,False,False
DNT Zoysa,All-rounder,11.0,9.0,122.22,11.11,2.0,66.0,100.0,9.09,3.03,2.3844090000000002,1.73664,2.3844090000000002,False,True
K Khejroliya,Limited-sample bowler,0.0,0.0,0.0,0.0,6.0,151.0,281.0,11.17,3.97,0.0,2.37381,2.37381,False,True
TD Paine,Limited-sample batter,10.0,26.0,38.46,0.0,0.0,0.0,0.0,0.0,0.0,2.2768,0.0,2.2768,False,False
P Suyal,Limited-sample bowler,0.0,0.0,0.0,0.0,2.0,96.0,154.0,9.62,2.08,0.0,2.246728,2.246728,False,True
T Kohli,Limited-sample batter,11.0,19.0,57.89,5.26,0.0,0.0,0.0,0.0,0.0,2.21034,0.0,2.21034,False,False
T Henderson,All-rounder,11.0,15.0,73.33,6.67,1.0,36.0,41.0,6.83,2.78,2.175936,1.172506,2.175936,False,False
GHS Garton,All-rounder,2.0,4.0,50.0,0.0,3.0,90.0,136.0,9.07,3.33,0.455,2.1695520000000004,2.1695520000000004,False,True
Krish Bhagat,All-rounder,10.0,21.0,47.62,0.0,0.0,36.0,63.0,10.5,0.0,2.16671,0.9559380000000001,2.16671,False,False
V Puthur,Limited-sample bowler,0.0,0.0,0.0,0.0,6.0,72.0,109.0,9.08,8.33,0.0,2.166204,2.166204,False,True
JE Root,All-rounder,10.0,15.0,66.67,6.67,0.0,12.0,15.0,7.5,0.0,2.1441600000000003,0.131708,2.1441600000000003,False,False
Shoaib Akhtar,All-rounder,2.0,7.0,28.57,0.0,5.0,42.0,54.0,7.71,11.9,0.45997699999999997,2.143644,2.143644,False,False
D du Preez,All-rounder,10.0,13.0,76.92,0.0,4.0,42.0,56.0,8.0,9.52,2.132256,1.71954,2.132256,False,False
MJ Henry,All-rounder,7.0,10.0,70.0,10.0,4.0,162.0,314.0,11.63,2.47,1.4720000000000002,2.131974,2.131974,False,True
P Amarnath,Limited-sample bowler,0.0,0.0,0.0,0.0,7.0,132.0,241.0,10.95,5.3,0.0,2.121804,2.121804,False,True
X Thalaivan Sargunam,Limited-sample batter,10.0,17.0,58.82,0.0,0.0,0.0,0.0,0.0,0.0,2.096388,0.0,2.096388,False,False
KAJ Roach,All-rounder,10.0,9.0,111.11,11.11,0.0,48.0,80.0,10.0,0.0,2.0944380000000002,1.2604920000000002,2.0944380000000002,False,False
RK Bhui,Limited-sample batter,10.0,26.0,38.46,0.0,0.0,0.0,0.0,0.0,0.0,2.03072,0.0,2.03072,False,False
T Shamsi,All-rounder,2.0,4.0,50.0,0.0,3.0,120.0,185.0,9.25,2.5,0.455,1.9350759999999998,1.9350759999999998,False,True
AA Noffke,All-rounder,9.0,10.0,90.0,10.0,1.0,24.0,41.0,10.25,4.17,1.92,0.5452319999999999,1.92,False,False
PWA Mulder,All-rounder,9.0,11.0,81.82,9.09,0.0,6.0,16.0,16.0,0.0,1.909145,0.06668,1.909145,False,False
L Wood,All-rounder,9.0,3.0,300.0,33.33,1.0,36.0,94.0,15.67,2.78,1.79999,0.594492,1.79999,False,False
ND Doshi,All-rounder,0.0,13.0,0.0,0.0,2.0,56.0,79.0,8.46,3.57,0.0,1.7923120000000001,1.7923120000000001,False,False
Gagandeep Singh,Limited-sample bowler,0.0,0.0,0.0,0.0,3.0,84.0,142.0,10.14,3.57,0.0,1.7791560000000002,1.7791560000000002,False,True
KT Maphaka,All-rounder,8.0,2.0,400.0,100.0,2.0,66.0,148.0,13.45,3.03,1.75,1.41804,1.75,False,True
O Thomas,Limited-sample bowler,0.0,0.0,0.0,0.0,5.0,60.0,85.0,8.5,8.33,0.0,1.736466,1.736466,False,True
CJ McKay,All-rounder,8.0,15.0,53.33,0.0,1.0,42.0,60.0,8.57,2.38,1.727952,1.1057700000000001,1.727952,False,False
RJ Gleeson,All-rounder,2.0,2.0,100.0,0.0,2.0,68.0,111.0,9.79,2.94,0.49000000000000005,1.68683,1.68683,False,True
P Chopra,Limited-sample batter,8.0,6.0,133.33,33.33,0.0,0.0,0.0,0.0,0.0,1.6666000000000003,0.0,1.6666000000000003,False,False
TM Srivastava,Limited-sample batter,8.0,11.0,72.73,0.0,0.0,0.0,0.0,0.0,0.0,1.6546250000000002,0.0,1.6546250000000002,False,False
JPR Scantlebury-Searles,All-rounder,8.0,6.0,133.33,16.67,2.0,42.0,89.0,12.71,4.76,1.63332,0.644274,1.63332,False,False
Raghu Sharma,Limited-sample bowler,0.0,0.0,0.0,0.0,1.0,90.0,130.0,8.67,1.11,0.0,1.5911279999999999,1.5911279999999999,False,True
LG Pretorius,Limited-sample batter,7.0,8.0,87.5,0.0,0.0,0.0,0.0,0.0,0.0,1.5274999999999999,0.0,1.5274999999999999,False,False
I Malhotra,All-rounder,7.0,4.0,175.0,25.0,0.0,6.0,23.0,23.0,0.0,1.4949999999999999,0.0,1.4949999999999999,False,False
W O'Rourke,Limited-sample bowler,0.0,0.0,0.0,0.0,6.0,62.0,132.0,12.77,9.68,0.0,1.4894100000000001,1.4894100000000001,False,True
UA Birla,Limited-sample batter,7.0,14.0,50.0,7.14,0.0,0.0,0.0,0.0,0.0,1.47852,0.0,1.47852,False,False
V Viyaskanth,All-rounder,7.0,5.0,140.0,0.0,1.0,60.0,90.0,9.0,1.67,1.4400000000000002,1.202734,1.4400000000000002,False,True
AN Ghosh,Limited-sample batter,7.0,8.0,87.5,12.5,0.0,0.0,0.0,0.0,0.0,1.43,0.0,1.43,False,False
SC Kuggeleijn,Limited-sample bowler,0.0,0.0,0.0,0.0,2.0,48.0,71.0,8.88,4.17,0.0,1.3800000000000001,1.3800000000000001,False,False
SB Joshi,All-rounder,6.0,14.0,42.86,0.0,1.0,55.0,82.0,8.95,1.82,1.3500899999999998,1.31657,1.3500899999999998,False,False
PSP Handscomb,Limited-sample batter,6.0,12.0,50.0,0.0,0.0,0.0,0.0,0.0,0.0,1.33,0.0,1.33,False,False
SS Shaikh,Limited-sample batter,6.0,7.0,85.71,14.29,0.0,0.0,0.0,0.0,0.0,1.281422,0.0,1.281422,False,False
DA Payne,All-rounder,6.0,5.0,120.0,0.0,2.0,30.0,70.0,14.0,6.67,1.28,0.5461820000000001,1.28,False,False
RS Hangargekar,Limited-sample bowler,0.0,0.0,0.0,0.0,3.0,36.0,60.0,10.0,8.33,0.0,1.27437,1.27437,False,False
SM Boland,Limited-sample bowler,0.0,0.0,0.0,0.0,2.0,42.0,56.0,8.0,4.76,0.0,1.2509100000000002,1.2509100000000002,False,False
DM Bravo,Limited-sample batter,6.0,5.0,120.0,20.0,0.0,0.0,0.0,0.0,0.0,1.248,0.0,1.248,False,False
K Santokie,Limited-sample bowler,0.0,0.0,0.0,0.0,3.0,48.0,91.0,11.38,6.25,0.0,1.241724,1.241724,False,False
C Nanda,All-rounder,0.0,1.0,0.0,0.0,2.0,48.0,58.0,7.25,4.17,0.0,1.2397920000000002,1.2397920000000002,False,False
MJ Suthar,All-rounder,1.0,2.0,50.0,0.0,2.0,48.0,94.0,11.75,4.17,0.24500000000000002,1.2215760000000002,1.2215760000000002,False,False
B Muzarabani,Limited-sample bowler,0.0,0.0,0.0,0.0,4.0,42.0,79.0,11.29,9.52,0.0,1.2061380000000002,1.2061380000000002,False,False
SS Mishra,All-rounder,1.0,3.0,33.33,0.0,2.0,38.0,68.0,10.74,5.26,0.23331,1.176224,1.176224,False,False
Abhinandan Singh,Limited-sample bowler,0.0,0.0,0.0,0.0,3.0,58.0,122.0,12.62,5.17,0.0,1.1728800000000001,1.1728800000000001,False,False
NB Singh,Limited-sample bowler,0.0,0.0,0.0,0.0,1.0,24.0,18.0,4.5,4.17,0.0,1.147148,1.147148,False,False
PH Solanki,Limited-sample bowler,0.0,0.0,0.0,0.0,2.0,36.0,39.0,6.5,5.56,0.0,1.1273520000000001,1.1273520000000001,False,False
KA Maharaj,All-rounder,1.0,2.0,50.0,0.0,2.0,36.0,39.0,6.5,5.56,0.24500000000000002,1.1273520000000001,1.1273520000000001,False,False
K Yadav,All-rounder,0.0,4.0,0.0,0.0,2.0,54.0,85.0,9.44,3.7,0.0,1.1196540000000001,1.1196540000000001,False,False
TP Sudhindra,Limited-sample bowler,0.0,0.0,0.0,0.0,1.0,70.0,137.0,11.74,1.43,0.0,1.099602,1.099602,False,True
Arshad Khan (2),All-rounder,5.0,4.0,125.0,25.0,0.0,12.0,25.0,12.5,0.0,1.04,0.25330800000000003,1.04,False,False
V Kaverappa,Limited-sample bowler,0.0,0.0,0.0,0.0,2.0,24.0,36.0,9.0,8.33,0.0,1.013652,1.013652,False,False
B Geeves,Limited-sample bowler,0.0,0.0,0.0,0.0,1.0,48.0,91.0,11.38,2.08,0.0,1.01154,1.01154,False,False
L Ablish,All-rounder,0.0,2.0,0.0,0.0,3.0,42.0,76.0,10.86,7.14,0.0,0.993102,0.993102,False,False
A Uniyal,All-rounder,4.0,7.0,57.14,0.0,2.0,36.0,67.0,11.17,5.56,0.9199539999999999,0.7489999999999999,0.9199539999999999,False,False
PM Sarvesh Kumar,All-rounder,1.0,2.0,50.0,0.0,1.0,30.0,42.0,8.4,3.33,0.24500000000000002,0.9196460000000001,0.9196460000000001,False,False
R Ninan,All-rounder,3.0,5.0,60.0,0.0,3.0,36.0,65.0,10.83,8.33,0.6719999999999999,0.882108,0.882108,False,False
Ravi Singh,Limited-sample batter,4.0,2.0,200.0,50.0,0.0,0.0,0.0,0.0,0.0,0.875,0.0,0.875,False,False
RS Sodhi,Limited-sample batter,4.0,2.0,200.0,50.0,0.0,0.0,0.0,0.0,0.0,0.875,0.0,0.875,False,False
D Kalyankrishna,All-rounder,3.0,8.0,37.5,0.0,2.0,48.0,88.0,11.0,4.17,0.7475,0.8602920000000002,0.8602920000000002,False,False
LB Williams,All-rounder,1.0,2.0,50.0,0.0,1.0,36.0,74.0,12.33,2.78,0.24500000000000002,0.8322459999999999,0.8322459999999999,False,False
A Dananjaya,All-rounder,4.0,5.0,80.0,0.0,0.0,24.0,47.0,11.75,0.0,0.8320000000000001,0.3774,0.8320000000000001,False,False
Liton Das,Limited-sample batter,4.0,4.0,100.0,25.0,0.0,0.0,0.0,0.0,0.0,0.8125,0.0,0.8125,False,False
A Tomar,Limited-sample batter,4.0,8.0,50.0,12.5,0.0,0.0,0.0,0.0,0.0,0.8125,0.0,0.8125,False,False
D Madushanka,Limited-sample bowler,0.0,0.0,0.0,0.0,1.0,24.0,36.0,9.0,4.17,0.0,0.705516,0.705516,False,False
GS Sandhu,Limited-sample bowler,0.0,0.0,0.0,0.0,1.0,48.0,86.0,10.75,2.08,0.0,0.701316,0.701316,False,False
NJ Rimmington,All-rounder,1.0,1.0,100.0,0.0,0.0,18.0,20.0,6.67,0.0,0.21,0.691524,0.691524,False,False
Younis Khan,Limited-sample batter,3.0,7.0,42.86,0.0,0.0,0.0,0.0,0.0,0.0,0.6900459999999999,0.0,0.6900459999999999,False,False
Y Prithvi Raj,All-rounder,0.0,1.0,0.0,0.0,1.0,30.0,57.0,11.4,3.33,0.0,0.6284460000000001,0.6284460000000001,False,False
A Nel,Limited-sample bowler,0.0,0.0,0.0,0.0,1.0,18.0,31.0,10.33,5.56,0.0,0.60819,0.60819,False,False
SS Agarwal,Limited-sample bowler,0.0,0.0,0.0,0.0,1.0,24.0,42.0,10.5,4.17,0.0,0.599548,0.599548,False,False
IC Porel,Limited-sample bowler,0.0,0.0,0.0,0.0,1.0,24.0,42.0,10.5,4.17,0.0,0.599548,0.599548,False,False
RS Ghosh,Limited-sample bowler,0.0,0.0,0.0,0.0,1.0,18.0,24.0,8.0,5.56,0.0,0.5979300000000001,0.5979300000000001,False,False
SSB Magala,Limited-sample bowler,0.0,0.0,0.0,0.0,1.0,36.0,52.0,8.67,2.78,0.0,0.558754,0.558754,False,False
S Joseph,Limited-sample bowler,0.0,0.0,0.0,0.0,0.0,24.0,51.0,12.75,0.0,0.0,0.555,0.555,False,False
LI Meriwala,Limited-sample bowler,0.0,0.0,0.0,0.0,1.0,18.0,32.0,10.67,5.56,0.0,0.537054,0.537054,False,False
Mohammad Ashraful,Limited-sample batter,2.0,10.0,20.0,0.0,0.0,0.0,0.0,0.0,0.0,0.512,0.0,0.512,False,False
BJ Dwarshuis,Limited-sample bowler,0.0,0.0,0.0,0.0,1.0,24.0,51.0,12.75,4.17,0.0,0.493432,0.493432,False,False
D Jansen,Limited-sample bowler,0.0,0.0,0.0,0.0,1.0,24.0,53.0,13.25,4.17,0.0,0.493432,0.493432,False,False
RG More,All-rounder,2.0,2.0,100.0,0.0,1.0,35.0,63.0,10.8,2.86,0.49000000000000005,0.40664,0.49000000000000005,False,False
SS Sarkar,Limited-sample bowler,0.0,0.0,0.0,0.0,1.0,25.0,34.0,8.16,4.0,0.0,0.48787200000000003,0.48787200000000003,False,False
R Goyal,Limited-sample bowler,0.0,0.0,0.0,0.0,0.0,24.0,34.0,8.5,0.0,0.0,0.4736,0.4736,False,False
Shivam Singh,Limited-sample batter,2.0,3.0,66.67,0.0,0.0,0.0,0.0,0.0,0.0,0.46669000000000005,0.0,0.46669000000000005,False,False
CJ Dala,Limited-sample bowler,0.0,0.0,0.0,0.0,0.0,18.0,34.0,11.33,0.0,0.0,0.45862200000000003,0.45862200000000003,False,False
CJ Green,Limited-sample bowler,0.0,0.0,0.0,0.0,0.0,17.0,24.0,8.47,0.0,0.0,0.45738,0.45738,False,False
RS Gavaskar,All-rounder,2.0,8.0,25.0,0.0,0.0,6.0,8.0,8.0,0.0,0.455,0.16532,0.455,False,False
SS Mundhe,Limited-sample bowler,0.0,0.0,0.0,0.0,1.0,6.0,6.0,6.0,16.67,0.0,0.44804000000000005,0.44804000000000005,False,False
H Das,Limited-sample batter,2.0,5.0,40.0,0.0,0.0,0.0,0.0,0.0,0.0,0.448,0.0,0.448,False,False
DV Malewar,Limited-sample batter,2.0,5.0,40.0,0.0,0.0,0.0,0.0,0.0,0.0,0.448,0.0,0.448,False,False
BR Sharath,Limited-sample batter,2.0,5.0,40.0,0.0,0.0,0.0,0.0,0.0,0.0,0.448,0.0,0.448,False,False
SZ Mulani,All-rounder,1.0,1.0,100.0,0.0,0.0,30.0,57.0,11.4,0.0,0.21,0.446446,0.446446,False,False
Gurnoor Brar,Limited-sample bowler,0.0,0.0,0.0,0.0,0.0,18.0,42.0,14.0,0.0,0.0,0.443346,0.443346,False,False
Tejas Baroka,Limited-sample bowler,0.0,0.0,0.0,0.0,0.0,21.0,33.0,9.43,0.0,0.0,0.43823,0.43823,False,False
Mashrafe Mortaza,All-rounder,2.0,2.0,100.0,0.0,0.0,24.0,59.0,14.75,0.0,0.42000000000000004,0.37,0.42000000000000004,False,False
VS Yeligati,All-rounder,2.0,2.0,100.0,0.0,0.0,30.0,61.0,12.2,0.0,0.42000000000000004,0.364,0.42000000000000004,False,False
R Sanjay Yadav,All-rounder,0.0,2.0,0.0,0.0,0.0,12.0,23.0,11.5,0.0,0.0,0.3876,0.3876,False,False
Jalaj S Saxena,Limited-sample bowler,0.0,0.0,0.0,0.0,0.0,18.0,27.0,9.0,0.0,0.0,0.38509200000000005,0.38509200000000005,False,False
Abdur Razzak,All-rounder,0.0,2.0,0.0,0.0,0.0,12.0,29.0,14.5,0.0,0.0,0.31669200000000003,0.31669200000000003,False,False
RR Bose,Limited-sample bowler,0.0,0.0,0.0,0.0,0.0,12.0,24.0,12.0,0.0,0.0,0.31669200000000003,0.31669200000000003,False,False
PVSN Raju,All-rounder,1.0,1.0,100.0,0.0,1.0,24.0,54.0,13.5,4.17,0.21,0.308432,0.308432,False,False
MG Neser,Limited-sample bowler,0.0,0.0,0.0,0.0,0.0,24.0,62.0,15.5,0.0,0.0,0.308284,0.308284,False,False
Monu Kumar,Limited-sample bowler,0.0,0.0,0.0,0.0,0.0,12.0,20.0,10.0,0.0,0.0,0.283708,0.283708,False,False
MB Parmar,Limited-sample bowler,0.0,0.0,0.0,0.0,0.0,18.0,33.0,11.0,0.0,0.0,0.276108,0.276108,False,False
Mohit Rathee,All-rounder,1.0,2.0,50.0,0.0,0.0,12.0,29.0,14.5,0.0,0.24500000000000002,0.19,0.24500000000000002,False,False
MS Bhandage,Limited-sample batter,1.0,4.0,25.0,0.0,0.0,0.0,0.0,0.0,0.0,0.2275,0.0,0.2275,False,False
Abdul Basith,Limited-sample batter,1.0,1.0,100.0,0.0,0.0,0.0,0.0,0.0,0.0,0.21,0.0,0.21,False,False
P Prasanth,Limited-sample bowler,0.0,0.0,0.0,0.0,0.0,6.0,18.0,18.0,0.0,0.0,0.2,0.2,False,False
S Midhun,Limited-sample bowler,0.0,0.0,0.0,0.0,0.0,12.0,29.0,14.5,0.0,0.0,0.19,0.19,False,False
Musheer Khan,All-rounder,0.0,3.0,0.0,0.0,1.0,12.0,27.0,13.5,8.33,0.0,0.189924,0.189924,False,False
AA Kazi,Limited-sample bowler,0.0,0.0,0.0,0.0,0.0,12.0,21.0,10.5,0.0,0.0,0.149492,0.149492,False,False
NA Saini,Limited-sample bowler,0.0,0.0,0.0,0.0,0.0,12.0,35.0,17.5,0.0,0.0,0.126692,0.126692,False,False
T Vijay,Limited-sample bowler,0.0,0.0,0.0,0.0,0.0,12.0,29.0,14.5,0.0,0.0,0.126692,0.126692,False,False
H Sharma,Limited-sample bowler,0.0,0.0,0.0,0.0,0.0,30.0,62.0,12.4,0.0,0.0,0.121394,0.121394,False,False
RW Price,Limited-sample bowler,0.0,0.0,0.0,0.0,0.0,18.0,33.0,11.0,0.0,0.0,0.086184,0.086184,False,False
RA Shaikh,Limited-sample bowler,0.0,0.0,0.0,0.0,0.0,6.0,11.0,11.0,0.0,0.0,0.07468,0.07468,False,False
C Ganapathy,Limited-sample bowler,0.0,0.0,0.0,0.0,0.0,6.0,13.0,13.0,0.0,0.0,0.06668,0.06668,False,False
Karim Janat,Limited-sample bowler,0.0,0.0,0.0,0.0,0.0,6.0,30.0,30.0,0.0,0.0,0.0,0.0,False,False
RR Bhatkal,All-rounder,0.0,2.0,0.0,0.0,0.0,12.0,35.0,17.5,0.0,0.0,0.0,0.0,False,False
KS Rathore,Limited-sample batter,0.0,5.0,0.0,0.0,0.0,0.0,0.0,0.0,0.0,0.0,0.0,0.0,False,False
MJ Owen,Limited-sample batter,0.0,2.0,0.0,0.0,0.0,0.0,0.0,0.0,0.0,0.0,0.0,0.0,False,False
JL Denly,Limited-sample batter,0.0,1.0,0.0,0.0,0.0,0.0,0.0,0.0,0.0,0.0,0.0,0.0,False,False
Sunny Gupta,All-rounder,0.0,1.0,0.0,0.0,0.0,18.0,47.0,15.67,0.0,0.0,0.0,0.0,False,False
U Kaul,Limited-sample batter,0.0,1.0,0.0,0.0,0.0,0.0,0.0,0.0,0.0,0.0,0.0,0.0,False,False
