bowler,legal_balls,runs_conceded,wickets,dot_balls,matches,economy,wicket_rate_per_100_balls,dot_ball_rate
A Ashish Reddy,262,386,18,79,20,8.839694656488549,6.870229007633588,30.15267175572519
A Badoni,41,63,4,8,8,9.21951219512195,9.75609756097561,19.51219512195122
A Chandila,234,242,11,103,12,6.205128205128206,4.700854700854701,44.01709401709402
A Choudhary,101,137,5,42,5,8.138613861386139,4.9504950495049505,41.584158415841586
A Dananjaya,24,46,0,6,1,11.5,0.0,25.0
A Flintoff,66,105,2,20,3,9.545454545454545,3.0303030303030303,30.303030303030305
A Kamboj,491,794,31,186,25,9.70264765784114,6.313645621181263,37.88187372708758
A Kumble,965,1027,45,374,42,6.385492227979276,4.66321243523316,38.75647668393783
A Mishra,3371,4065,174,1185,162,7.235241768021359,5.161673094037377,35.15277365766835
A Mithun,288,448,7,90,16,9.333333333333334,2.430555555555556,31.25
A Nehra,1908,2422,106,798,88,7.616352201257861,5.555555555555555,41.82389937106918
A Nel,18,31,1,7,1,10.333333333333334,5.555555555555555,38.88888888888889
A Nortje,1120,1631,61,422,49,8.7375,5.446428571428571,37.67857142857143
A Singh,473,603,28,189,23,7.649048625792812,5.9196617336152215,39.95771670190275
A Symonds,527,656,20,190,30,7.468690702087287,3.795066413662239,36.05313092979127
A Uniyal,36,64,2,8,2,10.666666666666666,5.555555555555555,22.22222222222222
A Zampa,467,639,31,139,22,8.20985010706638,6.638115631691649,29.764453961456105
AA Chavan,248,318,8,100,13,7.693548387096774,3.225806451612903,40.32258064516129
AA Jhunjhunwala,85,126,1,27,10,8.894117647058824,1.1764705882352942,31.76470588235294
AA Kazi,12,20,0,2,1,10.0,0.0,16.666666666666664
AA Noffke,24,35,1,6,1,8.75,4.166666666666666,25.0
AB Agarkar,782,1112,29,254,42,8.531969309462916,3.70843989769821,32.48081841432225
AB Dinda,1516,1987,69,627,75,7.864116094986808,4.5514511873350925,41.35883905013193
AB McDonald,186,259,11,50,10,8.35483870967742,5.913978494623656,26.881720430107524
AC Gilchrist,1,0,1,1,1,0.0,100.0,100.0
AC Thomas,315,394,14,126,15,7.504761904761905,4.444444444444445,40.0
AC Voges,54,74,0,15,7,8.222222222222223,0.0,27.77777777777778
AD Mascarenhas,308,353,19,124,13,6.876623376623376,6.1688311688311686,40.25974025974026
AD Mathews,791,1054,27,224,44,7.994943109987358,3.4134007585335016,28.31858407079646
AD Russell,1806,2773,123,612,121,9.212624584717608,6.810631229235881,33.88704318936877
AF Milne,227,352,7,71,11,9.303964757709252,3.0837004405286343,31.277533039647576
AG Murtaza,264,304,9,101,12,6.90909090909091,3.4090909090909087,38.25757575757576
AJ Finch,43,66,1,13,5,9.209302325581396,2.3255813953488373,30.23255813953488
AJ Hosein,172,235,9,63,8,8.19767441860465,5.232558139534884,36.627906976744185
AJ Tye,684,949,42,208,30,8.32456140350877,6.140350877192982,30.409356725146196
AK Markram,223,350,6,55,24,9.417040358744394,2.690582959641256,24.663677130044842
AL Menaria,110,140,3,40,12,7.636363636363637,2.727272727272727,36.36363636363637
AM Ghazanfar,233,383,15,69,11,9.862660944206008,6.437768240343347,29.613733905579398
AM Nayar,229,311,9,69,19,8.148471615720524,3.9301310043668125,30.131004366812224
AM Rahane,6,5,1,2,1,5.0,16.666666666666664,33.33333333333333
AM Salvi,150,190,7,57,7,7.6,4.666666666666667,38.0
AN Ahmed,344,467,12,120,17,8.145348837209301,3.488372093023256,34.883720930232556
AP Dole,66,105,5,20,3,9.545454545454545,7.575757575757576,30.303030303030305
AR Patel,3585,4369,139,1167,173,7.312133891213389,3.877266387726639,32.55230125523013
AS Joseph,434,669,21,162,22,9.248847926267281,4.838709677419355,37.327188940092164
AS Rajpoot,529,772,24,192,29,8.756143667296787,4.536862003780719,36.29489603024575
AS Raut,30,44,0,6,5,8.799999999999999,0.0,20.0
AS Roy,323,450,15,106,22,8.359133126934985,4.643962848297214,32.81733746130031
AU Rashid,60,91,2,20,3,9.1,3.3333333333333335,33.33333333333333
AUK Pathan,39,57,0,9,3,8.769230769230768,0.0,23.076923076923077
Abdul Samad,57,120,2,12,7,12.631578947368421,3.508771929824561,21.052631578947366
Abdur Razzak,12,23,0,5,1,11.5,0.0,41.66666666666667
Abhinandan Singh,58,120,3,15,3,12.413793103448278,5.172413793103448,25.862068965517242
Abhishek Sharma,365,540,11,97,36,8.876712328767123,3.0136986301369864,26.575342465753426
Akash Deep,278,520,10,89,14,11.223021582733812,3.597122302158273,32.014388489208635
Akash Madhwal,352,562,23,105,17,9.579545454545455,6.534090909090909,29.829545454545453
Akash Singh,247,393,13,91,12,9.546558704453442,5.263157894736842,36.84210526315789
Aman Hakim Khan,6,13,0,1,1,13.0,0.0,16.666666666666664
Anand Rajan,149,188,8,57,8,7.570469798657718,5.369127516778524,38.25503355704698
Ankit Sharma,367,436,12,137,21,7.128065395095367,3.2697547683923704,37.32970027247956
Ankit Soni,109,141,2,37,6,7.761467889908257,1.834862385321101,33.94495412844037
Anureet Singh,412,601,18,139,22,8.752427184466018,4.368932038834951,33.737864077669904
Arjun Tendulkar,97,140,4,36,6,8.65979381443299,4.123711340206185,37.11340206185567
Arshad Khan,364,630,18,133,24,10.384615384615385,4.945054945054945,36.53846153846153
Arshad Khan (2),12,22,0,4,1,11.0,0.0,33.33333333333333
Arshdeep Singh,2032,2963,111,714,95,8.749015748031496,5.46259842519685,35.13779527559055
Ashok Sharma,126,217,6,48,6,10.333333333333334,4.761904761904762,38.095238095238095
Ashwani Kumar,183,321,17,57,10,10.524590163934427,9.289617486338798,31.147540983606557
Atharva Taide,1,4,0,0,1,24.0,0.0,0.0
Auqib Nabi,78,143,0,24,5,11.0,0.0,30.76923076923077
Avesh Khan,1767,2651,93,610,82,9.00169779286927,5.263157894736842,34.521788341822294
Azhar Mahmood,537,681,29,199,23,7.608938547486034,5.400372439478584,37.05772811918063
Azmatullah Omarzai,354,551,15,118,18,9.338983050847457,4.23728813559322,33.33333333333333
B Akhil,188,235,6,60,13,7.5,3.1914893617021276,31.914893617021278
B Chipli,6,20,0,1,1,20.0,0.0,16.666666666666664
B Geeves,48,90,1,15,2,11.25,2.083333333333333,31.25
B Kumar,4600,5708,226,1897,206,7.4452173913043485,4.913043478260869,41.23913043478261
B Laughlin,168,271,10,42,9,9.678571428571429,5.952380952380952,25.0
B Lee,875,1042,25,374,38,7.145142857142857,2.857142857142857,42.74285714285714
B Muzarabani,42,73,4,12,2,10.428571428571429,9.523809523809524,28.57142857142857
B Stanlake,144,194,7,64,6,8.083333333333334,4.861111111111112,44.44444444444444
BA Bhatt,296,389,12,93,15,7.885135135135135,4.054054054054054,31.41891891891892
BA Stokes,689,956,28,228,38,8.32510885341074,4.063860667634253,33.09143686502177
BAW Mendis,244,295,8,76,10,7.254098360655738,3.278688524590164,31.147540983606557
BB Sran,483,718,18,168,24,8.919254658385093,3.7267080745341614,34.78260869565217
BCJ Cutting,281,422,10,77,17,9.01067615658363,3.558718861209965,27.402135231316727
BE Hendricks,150,224,9,52,7,8.96,6.0,34.66666666666667
BJ Dwarshuis,24,46,1,6,1,11.5,4.166666666666666,25.0
BJ Hodge,234,294,17,75,20,7.538461538461538,7.264957264957266,32.05128205128205
BJ Rohrer,6,11,0,1,1,11.0,0.0,16.666666666666664
BMAJ Mendis,30,36,1,11,2,7.199999999999999,3.3333333333333335,36.666666666666664
BW Hilfenhaus,372,461,22,173,17,7.435483870967742,5.913978494623656,46.50537634408602
Basil Thampi,521,828,22,152,25,9.535508637236084,4.222648752399232,29.174664107485604
Bipul Sharma,426,557,17,131,28,7.845070422535212,3.9906103286384975,30.751173708920188
Brijesh Sharma,273,425,14,84,13,9.340659340659341,5.128205128205128,30.76923076923077
C Bosch,163,242,13,67,8,8.9079754601227,7.975460122699387,41.104294478527606
C Ganapathy,6,13,0,1,1,13.0,0.0,16.666666666666664
C Green,571,858,23,192,39,9.015761821366024,4.028021015761821,33.62521891418564
C Munro,12,15,0,5,2,7.5,0.0,41.66666666666667
C Nanda,48,55,2,13,3,6.875,4.166666666666666,27.083333333333332
C Sakariya,444,601,20,146,20,8.121621621621621,4.504504504504505,32.88288288288289
C de Grandhomme,216,301,6,58,19,8.36111111111111,2.7777777777777777,26.851851851851855
CH Gayle,554,680,18,180,38,7.364620938628159,3.2490974729241873,32.49097472924188
CH Morris,1726,2220,96,668,81,7.717265353418307,5.5619930475086905,38.70220162224797
CJ Anderson,297,497,11,79,22,10.040404040404042,3.7037037037037033,26.599326599326602
CJ Dala,18,33,0,7,1,11.0,0.0,38.88888888888889
CJ Green,17,24,0,6,1,8.470588235294118,0.0,35.294117647058826
CJ Jordan,674,1033,30,206,34,9.195845697329377,4.451038575667656,30.56379821958457
CJ McKay,42,60,1,14,2,8.571428571428571,2.380952380952381,33.33333333333333
CK Kapugedera,17,49,0,0,3,17.294117647058822,0.0,0.0
CK Langeveldt,156,178,13,69,7,6.846153846153846,8.333333333333332,44.230769230769226
CL White,42,81,1,8,6,11.571428571428571,2.380952380952381,19.047619047619047
CR Brathwaite,254,363,13,74,16,8.574803149606298,5.118110236220472,29.133858267716533
CR Woakes,440,635,30,161,21,8.659090909090908,6.8181818181818175,36.59090909090909
CRD Fernando,234,279,17,99,10,7.153846153846153,7.264957264957266,42.30769230769231
CV Varun,2134,2687,111,773,94,7.554826616682287,5.201499531396438,36.22305529522024
D Brevis,3,8,1,1,1,16.0,33.33333333333333,33.33333333333333
D Ferreira,18,41,1,2,3,13.666666666666666,5.555555555555555,11.11111111111111
D Jansen,24,49,1,6,1,12.25,4.166666666666666,25.0
D Kalyankrishna,48,85,2,10,3,10.625,4.166666666666666,20.833333333333336
D Madushanka,24,32,1,8,1,8.0,4.166666666666666,33.33333333333333
D Pretorius,150,222,6,42,7,8.879999999999999,4.0,28.000000000000004
D Salunkhe,47,70,1,13,5,8.936170212765957,2.127659574468085,27.659574468085108
D Wiese,296,428,16,82,15,8.675675675675677,5.405405405405405,27.7027027027027
D du Preez,42,55,4,18,2,7.857142857142858,9.523809523809524,42.857142857142854
DA Payne,30,69,2,5,2,13.799999999999999,6.666666666666667,16.666666666666664
DA Warner,1,1,0,0,1,6.0,0.0,0.0
DAJ Bracewell,24,31,3,10,1,7.75,12.5,41.66666666666667
DB Ravi Teja,18,28,1,4,2,9.333333333333334,5.555555555555555,22.22222222222222
DE Bollinger,576,663,37,254,27,6.90625,6.423611111111111,44.09722222222222
DG Nalkande,84,143,6,22,6,10.214285714285714,7.142857142857142,26.190476190476193
DJ Bravo,3120,4178,183,998,158,8.034615384615384,5.865384615384615,31.987179487179485
DJ Harris,18,26,0,4,2,8.666666666666666,0.0,22.22222222222222
DJ Hooda,379,532,10,102,34,8.422163588390502,2.638522427440633,26.912928759894463
DJ Hussey,317,467,8,86,26,8.839116719242902,2.5236593059936907,27.129337539432175
DJ Mitchell,48,94,1,5,4,11.75,2.083333333333333,10.416666666666668
DJ Muthuswami,84,101,4,44,6,7.2142857142857135,4.761904761904762,52.38095238095239
DJ Thornely,42,38,3,19,4,5.428571428571429,7.142857142857142,45.23809523809524
DJ Willey,216,267,6,79,11,7.416666666666667,2.7777777777777777,36.574074074074076
DJG Sammy,236,341,11,72,19,8.669491525423728,4.661016949152542,30.508474576271187
DJM Short,18,19,1,7,2,6.333333333333334,5.555555555555555,38.88888888888889
DL Chahar,2068,2754,96,871,103,7.990328820116053,4.642166344294004,42.11798839458414
DL Vettori,777,871,28,270,34,6.725868725868725,3.6036036036036037,34.74903474903475
DNT Zoysa,66,96,2,24,3,8.727272727272727,3.0303030303030303,36.36363636363637
DP Nannes,646,734,28,285,29,6.81733746130031,4.3343653250774,44.11764705882353
DP Vijaykumar,152,192,4,63,9,7.578947368421052,2.631578947368421,41.44736842105263
DR Sams,360,489,14,142,16,8.15,3.888888888888889,39.44444444444444
DR Smith,539,787,26,168,46,8.760667903525047,4.823747680890538,31.16883116883117
DS Kulkarni,1787,2364,86,742,92,7.937325125909346,4.8125349748181305,41.52210408505876
DS Rathi,546,807,19,149,23,8.868131868131869,3.47985347985348,27.28937728937729
DT Christian,883,1152,38,296,49,7.827859569648924,4.303510758776897,33.52208380520951
DW Steyn,2182,2406,97,1019,95,6.615948670944087,4.445462878093492,46.70027497708524
E Malinga,486,715,33,167,22,8.827160493827162,6.790123456790123,34.36213991769547
F du Plessis,6,16,0,0,1,16.0,0.0,0.0
FA Allen,90,135,2,26,4,9.0,2.2222222222222223,28.888888888888886
FH Edwards,140,144,5,70,6,6.171428571428571,3.571428571428571,50.0
FY Fazal,12,20,0,1,2,10.0,0.0,8.333333333333332
Fazalhaq Farooqi,254,425,6,80,12,10.039370078740157,2.3622047244094486,31.496062992125985
G Coetzee,273,445,15,90,14,9.780219780219781,5.4945054945054945,32.967032967032964
GB Hogg,458,552,23,159,21,7.2314410480349345,5.021834061135371,34.71615720524017
GC Viljoen,138,210,7,43,6,9.130434782608695,5.072463768115942,31.15942028985507
GD McGrath,324,352,12,153,14,6.518518518518518,3.7037037037037033,47.22222222222222
GD Phillips,30,39,2,10,4,7.800000000000001,6.666666666666667,33.33333333333333
GF Linde,37,55,1,10,3,8.91891891891892,2.7027027027027026,27.027027027027028
GH Vihari,42,46,1,17,6,6.571428571428572,2.380952380952381,40.476190476190474
GHS Garton,90,128,3,31,5,8.533333333333333,3.3333333333333335,34.44444444444444
GJ Maxwell,1022,1381,41,328,85,8.107632093933464,4.011741682974559,32.093933463796475
GR Napier,24,27,1,8,1,6.75,4.166666666666666,33.33333333333333
GS Sandhu,48,82,1,9,2,10.25,2.083333333333333,18.75
Gagandeep Singh,84,141,3,25,4,10.071428571428571,3.571428571428571,29.761904761904763
Gulbadin Naib,6,12,0,1,1,12.0,0.0,16.666666666666664
Gurjapneet Singh,151,221,4,46,8,8.781456953642383,2.6490066225165565,30.4635761589404
Gurkeerat Singh,78,93,5,26,6,7.153846153846153,6.41025641025641,33.33333333333333
Gurnoor Brar,18,39,0,7,1,13.0,0.0,38.88888888888889
H Sharma,30,57,0,2,2,11.399999999999999,0.0,6.666666666666667
HF Gurney,162,231,7,50,8,8.555555555555555,4.320987654320987,30.864197530864196
HH Pandya,1764,2650,82,584,116,9.013605442176871,4.648526077097506,33.10657596371882
HR Shokeen,204,301,5,78,13,8.852941176470589,2.450980392156863,38.23529411764706
HV Patel,2506,3552,151,807,121,8.50438946528332,6.025538707102953,32.20271348762969
Harbhajan Singh,3416,3928,150,1263,160,6.899297423887587,4.391100702576113,36.97306791569087
Harmeet Singh,549,698,27,201,28,7.628415300546448,4.918032786885246,36.6120218579235
Harpreet Brar,859,1122,37,285,48,7.837019790454016,4.307334109429569,33.17811408614668
Harsh Dubey,192,317,13,54,11,9.90625,6.770833333333333,28.125
Harshit Rana,649,999,40,247,32,9.235747303543913,6.163328197226503,38.058551617873654
I Malhotra,6,23,0,0,1,23.0,0.0,0.0
I Sharma,2419,3218,96,999,117,7.981810665564282,3.968582058701943,41.29805704836709
I Udana,174,274,8,45,10,9.448275862068964,4.597701149425287,25.862068965517242
IC Pandey,462,584,18,212,24,7.584415584415584,3.896103896103896,45.887445887445885
IC Porel,24,37,1,7,1,9.25,4.166666666666666,29.166666666666668
IK Pathan,2043,2569,80,835,101,7.544787077826725,3.915810083210964,40.87126774351444
IS Sodhi,181,201,9,64,8,6.662983425414364,4.972375690607735,35.35911602209944
Imran Tahir,1316,1664,82,437,59,7.5866261398176285,6.231003039513678,33.20668693009118
Iqbal Abdulla,920,1083,40,331,48,7.0630434782608695,4.3478260869565215,35.97826086956522
Ishan Kishan,1,4,0,0,1,24.0,0.0,0.0
J Botha,694,781,25,254,34,6.752161383285303,3.602305475504323,36.59942363112392
J Little,228,331,11,82,11,8.710526315789473,4.824561403508771,35.96491228070175
J Overton,204,319,14,64,13,9.382352941176471,6.862745098039216,31.372549019607842
J Suchith,420,585,19,140,21,8.357142857142858,4.523809523809524,33.33333333333333
J Syed Mohammad,192,279,8,47,11,8.71875,4.166666666666666,24.479166666666664
J Theron,221,288,11,68,10,7.8190045248868785,4.97737556561086,30.76923076923077
J Yadav,390,437,8,153,20,6.723076923076923,2.051282051282051,39.23076923076923
JA Duffy,144,251,9,54,6,10.458333333333334,6.25,37.5
JA Morkel,1723,2256,85,646,87,7.856065002901915,4.933255948926291,37.49274521183981
JA Richardson,90,152,3,30,4,10.133333333333333,3.3333333333333335,33.33333333333333
JC Archer,1578,2061,84,677,68,7.836501901140684,5.323193916349809,42.90240811153359
JD Ryder,236,297,8,79,16,7.5508474576271185,3.389830508474576,33.47457627118644
JD Unadkat,2351,3430,114,757,115,8.753721820501914,4.849000425350915,32.19906422798809
JDP Oram,237,342,9,79,14,8.658227848101266,3.79746835443038,33.33333333333333
JDS Neesham,216,328,8,63,13,9.11111111111111,3.7037037037037033,29.166666666666668
JE Root,12,14,0,1,1,7.0,0.0,8.333333333333332
JE Taylor,117,152,6,48,5,7.794871794871796,5.128205128205128,41.02564102564102
JEC Franklin,151,216,9,39,15,8.582781456953642,5.960264900662252,25.82781456953642
JH Kallis,1742,2222,65,601,89,7.653272101033295,3.731343283582089,34.50057405281286
JJ Bumrah,3653,4309,190,1458,158,7.077470572132494,5.201204489460717,39.91240076649329
JJ van der Wath,72,125,3,29,3,10.416666666666668,4.166666666666666,40.27777777777778
JL Pattinson,213,311,11,77,10,8.76056338028169,5.164319248826291,36.15023474178404
JM Kemp,44,51,3,15,5,6.954545454545455,6.8181818181818175,34.090909090909086
JO Holder,1225,1687,70,413,57,8.262857142857143,5.714285714285714,33.714285714285715
JP Behrendorff,366,535,19,139,17,8.770491803278688,5.191256830601093,37.97814207650273
JP Duminy,678,802,23,234,49,7.097345132743362,3.392330383480826,34.51327433628318
JP Faulkner,1238,1744,61,399,60,8.452342487883683,4.92730210016155,32.229402261712444
JPR Scantlebury-Searles,42,86,2,7,3,12.285714285714285,4.761904761904762,16.666666666666664
JR Hazlewood,1176,1652,72,494,52,8.428571428571427,6.122448979591836,42.00680272108844
JR Hopes,360,539,14,105,20,8.983333333333334,3.888888888888889,29.166666666666668
JW Hastings,58,63,3,31,3,6.517241379310345,5.172413793103448,53.44827586206896
Jalaj S Saxena,18,27,0,5,1,9.0,0.0,27.77777777777778
Jaskaran Singh,102,162,6,39,7,9.529411764705882,5.88235294117647,38.23529411764706
Joginder Sharma,256,402,12,71,15,9.421875,4.6875,27.734375
K Goel,66,92,0,19,6,8.363636363636363,0.0,28.78787878787879
K Gowtham,588,797,21,206,35,8.13265306122449,3.571428571428571,35.034013605442176
K Kartikeya,282,397,12,85,16,8.446808510638299,4.25531914893617,30.141843971631204
K Khejroliya,151,265,6,39,9,10.529801324503312,3.9735099337748347,25.82781456953642
K Rabada,2299,3257,151,906,101,8.50021748586342,6.568073075250108,39.40843845150066
K Santokie,48,87,3,15,2,10.875,6.25,31.25
K Upadhyay,54,79,0,20,3,8.777777777777779,0.0,37.03703703703704
K Yadav,54,84,2,13,3,9.333333333333334,3.7037037037037033,24.074074074074073
KA Jamieson,300,491,16,114,15,9.82,5.333333333333334,38.0
KA Maharaj,36,39,2,11,2,6.5,5.555555555555555,30.555555555555557
KA Pollard,1488,2077,69,405,107,8.375,4.637096774193548,27.21774193548387
KAJ Roach,48,76,0,20,2,9.5,0.0,41.66666666666667
KC Cariappa,216,340,8,61,11,9.444444444444445,3.7037037037037033,28.240740740740737
KH Pandya,2701,3308,107,845,147,7.348389485375787,3.9614957423176604,31.284709366901147
KJ Abbott,96,170,2,28,5,10.625,2.083333333333333,29.166666666666668
KK Ahmed,1657,2386,91,683,76,8.63971031985516,5.491852745926373,41.2190706095353
KK Cooper,576,725,33,184,25,7.552083333333334,5.729166666666666,31.944444444444443
KL Nagarkoti,180,280,5,50,11,9.333333333333334,2.7777777777777777,27.77777777777778
KM Asif,133,219,7,46,7,9.879699248120302,5.263157894736842,34.58646616541353
KMA Paul,163,216,9,52,8,7.950920245398772,5.521472392638037,31.901840490797547
KMDN Kulasekara,102,115,5,45,5,6.764705882352941,4.901960784313726,44.11764705882353
KP Appanna,216,278,9,68,13,7.722222222222221,4.166666666666666,31.48148148148148
KP Pietersen,174,205,7,54,13,7.068965517241379,4.022988505747127,31.03448275862069
KR Mayers,42,55,0,14,6,7.857142857142858,0.0,33.33333333333333
KR Sen,241,372,14,83,12,9.261410788381744,5.809128630705394,34.439834024896264
KS Williamson,18,31,0,2,2,10.333333333333334,0.0,11.11111111111111
KT Maphaka,66,138,2,22,4,12.545454545454545,3.0303030303030303,33.33333333333333
KV Sharma,1585,2189,83,507,87,8.286435331230283,5.236593059936909,31.98738170347003
KW Richardson,335,458,19,129,15,8.202985074626865,5.6716417910447765,38.50746268656716
Kamran Khan,166,228,10,63,9,8.240963855421686,6.024096385542169,37.95180722891566
Karanveer Singh,204,312,12,64,9,9.176470588235293,5.88235294117647,31.372549019607842
Karim Janat,6,30,0,0,1,30.0,0.0,0.0
Kartik Tyagi,728,1162,33,255,33,9.576923076923077,4.532967032967033,35.027472527472526
Krish Bhagat,36,63,0,15,3,10.5,0.0,41.66666666666667
Kuldeep Yadav,2286,3099,112,684,107,8.133858267716535,4.899387576552931,29.92125984251969
L Ablish,42,72,3,10,3,10.285714285714285,7.142857142857142,23.809523809523807
L Balaji,1512,1952,76,537,73,7.746031746031745,5.026455026455026,35.51587301587302
L Ngidi,620,844,42,238,27,8.167741935483871,6.774193548387098,38.387096774193544
L Wood,36,91,1,8,2,15.166666666666666,2.7777777777777777,22.22222222222222
LA Carseldine,6,5,1,4,1,5.0,16.666666666666664,66.66666666666666
LB Williams,36,61,1,12,2,10.166666666666666,2.7777777777777777,33.33333333333333
LE Plunkett,150,221,4,39,7,8.84,2.666666666666667,26.0
LH Ferguson,1092,1606,54,396,52,8.824175824175825,4.945054945054945,36.26373626373626
LI Meriwala,18,31,1,6,1,10.333333333333334,5.555555555555555,33.33333333333333
LJ Wright,71,120,2,14,6,10.140845070422536,2.8169014084507045,19.718309859154928
LMP Simmons,18,34,1,2,1,11.333333333333332,5.555555555555555,11.11111111111111
LPC Silva,6,21,0,0,1,21.0,0.0,0.0
LR Shukla,314,429,15,109,27,8.197452229299364,4.777070063694268,34.71337579617834
LRPL Taylor,12,23,0,0,2,11.5,0.0,0.0
LS Livingstone,312,460,13,81,27,8.846153846153847,4.166666666666666,25.961538461538463
Lalit Yadav,288,419,10,82,19,8.729166666666668,3.4722222222222223,28.47222222222222
M Ashwin,870,1131,35,283,44,7.800000000000001,4.022988505747127,32.52873563218391
M Jansen,1017,1551,45,361,47,9.150442477876107,4.424778761061947,35.49655850540807
M Kartik,1149,1341,31,382,55,7.002610966057441,2.6979982593559617,33.246301131418626
M Manhas,42,42,0,15,3,6.0,0.0,35.714285714285715
M Markande,750,1126,37,215,40,9.008000000000001,4.933333333333334,28.666666666666668
M Morkel,1629,2005,77,708,70,7.384898710865562,4.7268262737876,43.462246777163905
M Muralitharan,1528,1642,64,600,66,6.447643979057592,4.18848167539267,39.26701570680628
M Ntini,210,238,7,99,9,6.8,3.3333333333333335,47.14285714285714
M Pathirana,710,918,47,240,33,7.75774647887324,6.619718309859154,33.80281690140845
M Prasidh Krishna,1739,2495,91,688,78,8.608395629672225,5.23289246693502,39.56296722254169
M Shahrukh Khan,18,28,1,4,3,9.333333333333334,5.555555555555555,22.22222222222222
M Siddharth,186,273,9,59,9,8.806451612903226,4.838709677419355,31.72043010752688
M Theekshana,876,1173,36,260,38,8.034246575342465,4.10958904109589,29.68036529680365
M Tiwari,66,92,4,19,4,8.363636363636363,6.0606060606060606,28.78787878787879
M Vijay,36,48,0,8,4,8.0,0.0,22.22222222222222
M de Lange,108,157,5,39,5,8.722222222222221,4.62962962962963,36.11111111111111
MA Khote,30,51,2,5,2,10.2,6.666666666666667,16.666666666666664
MA Starc,1196,1658,76,470,56,8.317725752508363,6.354515050167224,39.297658862876254
MA Wood,120,172,11,47,5,8.6,9.166666666666666,39.166666666666664
MB Parmar,18,32,0,4,1,10.666666666666666,0.0,22.22222222222222
MC Henriques,950,1256,42,306,60,7.932631578947368,4.421052631578947,32.21052631578947
MD Shanaka,36,58,1,7,3,9.666666666666668,2.7777777777777777,19.444444444444446
MF Maharoof,420,494,27,165,20,7.057142857142857,6.428571428571428,39.285714285714285
MG Bracewell,66,95,6,26,5,8.636363636363637,9.090909090909092,39.39393939393939
MG Johnson,1235,1633,62,535,54,7.933603238866397,5.020242914979757,43.31983805668016
MG Neser,24,61,0,5,1,15.25,0.0,20.833333333333336
MJ Clarke,66,67,2,22,5,6.090909090909091,3.0303030303030303,33.33333333333333
MJ Henry,162,307,4,40,9,11.37037037037037,2.4691358024691357,24.691358024691358
MJ McClenaghan,1274,1726,71,507,56,8.128728414442701,5.572998430141287,39.795918367346935
MJ Santner,687,835,30,241,35,7.292576419213974,4.366812227074235,35.08005822416303
MJ Suthar,48,92,2,17,4,11.5,4.166666666666666,35.41666666666667
MK Lomror,90,123,1,22,11,8.2,1.1111111111111112,24.444444444444443
MK Tiwary,42,78,1,9,6,11.142857142857142,2.380952380952381,21.428571428571427
MM Ali,854,1014,41,295,57,7.124121779859484,4.8009367681498825,34.54332552693209
MM Patel,1355,1670,74,590,63,7.394833948339484,5.461254612546126,43.542435424354245
MM Sharma,2403,3444,134,813,119,8.599250936329588,5.576362879733667,33.83270911360799
MN Samuels,214,278,9,79,11,7.794392523364486,4.205607476635514,36.915887850467286
MP Stoinis,935,1501,46,249,75,9.632085561497327,4.919786096256685,26.631016042780747
MP Yadav,217,354,9,92,10,9.788018433179724,4.147465437788019,42.3963133640553
MR Marsh,560,762,37,181,34,8.164285714285715,6.607142857142858,32.32142857142858
MS Gony,888,1250,37,348,44,8.445945945945946,4.166666666666666,39.189189189189186
MW Short,43,62,0,16,5,8.651162790697674,0.0,37.2093023255814
Mandeep Singh,12,26,0,1,2,13.0,0.0,8.333333333333332
Mashrafe Mortaza,24,54,0,6,1,13.5,0.0,25.0
Mayank Dagar,137,198,2,43,8,8.671532846715328,1.4598540145985401,31.386861313868614
Mohammad Asif,192,289,8,64,8,9.03125,4.166666666666666,33.33333333333333
Mohammad Hafeez,60,61,2,22,4,6.1,3.3333333333333335,36.666666666666664
Mohammad Nabi,417,514,15,146,23,7.39568345323741,3.597122302158273,35.011990407673856
Mohammed Shami,2920,4050,145,1166,132,8.32191780821918,4.965753424657534,39.93150684931507
Mohammed Siraj,2672,3717,128,1111,125,8.346556886227546,4.790419161676647,41.57934131736527
Mohit Rathee,12,29,0,3,1,14.5,0.0,25.0
Mohsin Khan,654,888,38,272,30,8.146788990825689,5.81039755351682,41.59021406727829
Monu Kumar,12,16,0,4,1,8.0,0.0,33.33333333333333
Mujeeb Ur Rahman,446,587,20,151,20,7.896860986547084,4.484304932735426,33.856502242152466
Mukesh Choudhary,483,742,25,198,24,9.217391304347826,5.175983436853002,40.993788819875775
Mukesh Kumar,824,1400,42,270,42,10.194174757281553,5.097087378640777,32.76699029126214
Musheer Khan,12,27,1,1,1,13.5,8.333333333333332,8.333333333333332
Mustafizur Rahman,1364,1790,65,487,60,7.873900293255131,4.765395894428153,35.70381231671554
N Burger,363,545,21,146,18,9.008264462809917,5.785123966942149,40.22038567493113
N Rana,216,318,10,65,27,8.833333333333334,4.62962962962963,30.09259259259259
N Thushara,180,263,9,58,8,8.766666666666666,5.0,32.22222222222222
N Wadhera,17,22,0,3,2,7.764705882352942,0.0,17.647058823529413
NA Saini,12,31,0,2,1,15.5,0.0,16.666666666666664
NB Singh,24,14,1,13,2,3.5,4.166666666666666,54.166666666666664
ND Doshi,56,78,2,24,4,8.357142857142858,3.571428571428571,42.857142857142854
NJ Rimmington,18,19,0,9,1,6.333333333333334,0.0,50.0
NL McCullum,30,34,0,10,2,6.8,0.0,33.33333333333333
NLTC Perera,698,998,31,227,36,8.578796561604584,4.441260744985674,32.5214899713467
NM Coulter-Nile,857,1063,48,368,38,7.442240373395567,5.600933488914819,42.94049008168028
NT Ellis,378,533,19,117,17,8.46031746031746,5.026455026455026,30.952380952380953
Naman Dhir,52,75,0,11,5,8.653846153846153,0.0,21.153846153846153
Navdeep Saini,670,947,24,277,32,8.480597014925374,3.582089552238806,41.343283582089555
Naveen-ul-Haq,387,571,25,133,17,8.852713178294573,6.459948320413436,34.366925064599485
Nithish Kumar Reddy,325,553,13,92,26,10.209230769230768,4.0,28.307692307692307
Noor Ahmad,1098,1440,61,358,51,7.868852459016393,5.555555555555555,32.60473588342441
O Thomas,60,76,5,17,4,7.6,8.333333333333332,28.333333333333332
OC McCoy,161,231,11,49,8,8.608695652173912,6.832298136645963,30.434782608695656
OF Smith,90,173,6,35,6,11.533333333333333,6.666666666666667,38.88888888888889
P Amarnath,132,236,7,29,6,10.727272727272727,5.303030303030303,21.96969696969697
P Awana,747,1000,39,293,33,8.032128514056225,5.220883534136546,39.223560910307896
P Dubey,78,110,2,23,5,8.461538461538462,2.564102564102564,29.48717948717949
P Kumar,2524,3106,90,1075,119,7.38351822503962,3.565768621236133,42.591125198098254
P Negi,716,922,34,237,42,7.726256983240223,4.748603351955307,33.100558659217874
P Parameswaran,154,219,9,64,8,8.532467532467532,5.844155844155844,41.55844155844156
P Prasanth,6,18,0,3,1,18.0,0.0,50.0
P Ray Barman,24,56,0,2,1,14.0,0.0,8.333333333333332
P Sahu,105,144,3,24,5,8.228571428571428,2.857142857142857,22.857142857142858
P Suyal,96,140,2,36,5,8.75,2.083333333333333,37.5
PC Valthaty,151,199,7,44,10,7.907284768211921,4.635761589403973,29.13907284768212
PD Collingwood,89,100,5,24,6,6.741573033707866,5.617977528089887,26.96629213483146
PH Solanki,36,38,2,11,2,6.333333333333334,5.555555555555555,30.555555555555557
PHKD Mendis,42,60,2,11,4,8.571428571428571,4.761904761904762,26.190476190476193
PJ Cummins,1809,2580,87,645,80,8.557213930348258,4.809286898839138,35.65505804311774
PJ Sangwan,856,1182,38,319,42,8.285046728971963,4.439252336448598,37.26635514018692
PM Sarvesh Kumar,30,41,1,11,2,8.2,3.3333333333333335,36.666666666666664
PP Chawla,3850,5027,192,1325,191,7.834285714285714,4.987012987012987,34.41558441558442
PP Hinge,156,293,14,60,7,11.26923076923077,8.974358974358974,38.46153846153847
PP Ojha,1899,2261,89,667,90,7.143759873617693,4.6866771985255395,35.12374934175882
PR Veer,12,25,0,5,1,12.5,0.0,41.66666666666667
PV Tambe,660,834,28,204,33,7.581818181818182,4.242424242424243,30.909090909090907
PVD Chameera,396,620,13,151,20,9.393939393939394,3.2828282828282833,38.131313131313135
PVSN Raju,24,48,1,3,2,12.0,4.166666666666666,12.5
PWA Mulder,6,16,0,1,1,16.0,0.0,16.666666666666664
PWH de Silva,798,1107,46,264,37,8.323308270676693,5.764411027568922,33.08270676691729
Pankaj Singh,300,453,11,111,17,9.06,3.6666666666666665,37.0
Parvez Rasool,198,268,4,60,11,8.121212121212121,2.0202020202020203,30.303030303030305
Prince Yadav,450,662,19,156,20,8.826666666666666,4.222222222222222,34.66666666666667
R Ashwin,4710,5458,187,1606,217,6.952866242038216,3.970276008492569,34.09766454352442
R Bhatia,1636,1986,71,436,91,7.28361858190709,4.3398533007334965,26.65036674816626
R Dhawan,662,851,25,205,36,7.71299093655589,3.7764350453172204,30.966767371601208
R Goyal,24,33,0,6,1,8.25,0.0,25.0
R McLaren,354,520,12,116,18,8.813559322033898,3.389830508474576,32.7683615819209
R Ninan,36,65,3,8,2,10.833333333333334,8.333333333333332,22.22222222222222
R Parag,319,498,9,70,34,9.366771159874608,2.8213166144200628,21.9435736677116
R Powell,18,32,1,4,2,10.666666666666666,5.555555555555555,22.22222222222222
R Rampaul,268,299,16,130,12,6.6940298507462686,5.970149253731343,48.507462686567166
R Ravindra,12,7,0,5,2,3.5,0.0,41.66666666666667
R Sai Kishore,465,685,33,136,27,8.838709677419356,7.096774193548387,29.24731182795699
R Sanjay Yadav,12,21,0,6,1,10.5,0.0,50.0
R Sathish,139,227,3,30,14,9.798561151079138,2.158273381294964,21.58273381294964
R Sharma,928,1079,40,334,44,6.976293103448276,4.310344827586207,35.991379310344826
R Shepherd,360,682,17,98,28,11.366666666666667,4.722222222222222,27.22222222222222
R Shukla,120,198,5,38,7,9.899999999999999,4.166666666666666,31.666666666666664
R Tewatia,843,1088,32,264,52,7.7437722419928825,3.795966785290629,31.316725978647685
R Vinay Kumar,2127,2925,105,763,104,8.251057827926658,4.9365303244005645,35.87212035731076
RA Bawa,24,41,2,7,2,10.25,8.333333333333332,29.166666666666668
RA Jadeja,4254,5369,180,1342,237,7.572637517630465,4.231311706629055,31.54677950164551
RA Shaikh,6,11,0,1,1,11.0,0.0,16.666666666666664
RA Tripathi,6,12,0,0,1,12.0,0.0,0.0
RD Chahar,1694,2156,75,580,79,7.636363636363637,4.427390791027155,34.238488783943325
RE van der Merwe,443,486,21,148,21,6.582392776523703,4.740406320541761,33.40857787810384
RG More,35,57,1,4,2,9.771428571428572,2.857142857142857,11.428571428571429
RG Sharma,339,438,15,88,32,7.7522123893805315,4.424778761061947,25.958702064896755
RJ Gleeson,68,105,2,24,3,9.264705882352942,2.941176470588235,35.294117647058826
RJ Harris,832,998,45,364,37,7.197115384615385,5.408653846153847,43.75
RJ Peterson,48,70,3,21,4,8.75,6.25,43.75
RJW Topley,120,217,5,44,6,10.85,4.166666666666666,36.666666666666664
RN ten Doeschate,78,88,2,22,10,6.769230769230769,2.564102564102564,28.205128205128204
RP Meredith,388,572,19,147,18,8.845360824742269,4.896907216494846,37.88659793814433
RP Singh,1775,2236,90,744,82,7.55830985915493,5.070422535211268,41.91549295774648
RR Bhatkal,12,35,0,0,1,17.5,0.0,0.0
RR Bose,12,24,0,5,1,12.0,0.0,41.66666666666667
RR Powar,426,501,13,166,26,7.056338028169014,3.051643192488263,38.967136150234744
RR Raje,139,200,6,39,10,8.633093525179856,4.316546762589928,28.05755395683453
RS Bopara,206,276,11,61,14,8.03883495145631,5.339805825242718,29.61165048543689
RS Gavaskar,6,8,0,2,1,8.0,0.0,33.33333333333333
RS Ghosh,18,24,1,6,1,8.0,5.555555555555555,33.33333333333333
RS Hangargekar,36,53,3,14,2,8.833333333333334,8.333333333333332,38.88888888888889
RV Gomez,96,128,5,37,9,8.0,5.208333333333334,38.54166666666667
RV Patel,18,20,0,5,1,6.666666666666667,0.0,27.77777777777778
RW Price,18,33,0,1,1,11.0,0.0,5.555555555555555
Raghu Sharma,90,130,1,23,5,8.666666666666666,1.1111111111111112,25.555555555555554
Ramandeep Singh,56,84,7,13,6,9.0,12.5,23.214285714285715
Rashid Khan,3543,4231,179,1257,153,7.165114309906858,5.052215636466271,35.47840812870449
Rasikh Salam,488,785,29,151,25,9.651639344262295,5.942622950819672,30.942622950819672
Ravi Bishnoi,1789,2423,83,599,85,8.126327557294578,4.639463387367244,33.4823923979877
S Aravind,760,1007,45,290,38,7.949999999999999,5.921052631578947,38.15789473684211
S Badree,258,309,11,109,12,7.186046511627906,4.263565891472868,42.248062015503876
S Dhawan,48,65,4,17,6,8.125,8.333333333333332,35.41666666666667
S Dube,154,265,6,30,19,10.324675324675324,3.896103896103896,19.480519480519483
S Gopal,991,1340,52,317,51,8.113017154389505,5.247225025227043,31.987891019172555
S Joseph,24,37,0,9,1,9.25,0.0,37.5
S Kaul,1209,1706,58,387,55,8.46650124069479,4.797353184449959,32.00992555831266
S Kaushik,204,291,6,68,10,8.558823529411764,2.941176470588235,33.33333333333333
S Ladda,138,221,5,48,9,9.608695652173914,3.6231884057971016,34.78260869565217
S Lamichhane,210,291,13,75,9,8.314285714285713,6.190476190476191,35.714285714285715
S Midhun,12,26,0,3,1,13.0,0.0,25.0
S Nadeem,1415,1753,48,453,70,7.43321554770318,3.3922261484098937,32.014134275618375
S Narwal,106,195,5,37,6,11.037735849056602,4.716981132075472,34.90566037735849
S Rana,16,18,0,5,3,6.75,0.0,31.25
S Randiv,174,217,6,60,8,7.482758620689656,3.4482758620689653,34.48275862068966
S Sandeep Warrier,168,245,8,72,10,8.75,4.761904761904762,42.857142857142854
S Sreesanth,880,1112,40,399,44,7.581818181818182,4.545454545454546,45.34090909090909
S Sriram,18,49,0,2,2,16.333333333333336,0.0,11.11111111111111
S Tyagi,209,284,6,93,14,8.15311004784689,2.8708133971291865,44.49760765550239
S Vidyut,12,21,1,5,1,10.5,8.333333333333332,41.66666666666667
SA Abbott,54,99,1,13,3,11.0,1.8518518518518516,24.074074074074073
SA Yadav,6,8,0,2,1,8.0,0.0,33.33333333333333
SB Bangar,150,212,4,55,9,8.48,2.666666666666667,36.666666666666664
SB Jakati,1085,1422,47,337,57,7.863594470046083,4.331797235023042,31.05990783410138
SB Joshi,55,82,1,18,4,8.945454545454545,1.8181818181818181,32.72727272727273
SB Styris,216,270,8,83,11,7.5,3.7037037037037033,38.425925925925924
SB Wagh,102,131,5,45,8,7.7058823529411775,4.901960784313726,44.11764705882353
SC Ganguly,276,359,10,75,20,7.804347826086957,3.6231884057971016,27.173913043478258
SC Kuggeleijn,48,69,2,17,2,8.625,4.166666666666666,35.41666666666667
SD Chitnis,36,54,2,9,2,9.0,5.555555555555555,25.0
SE Bond,186,218,9,75,8,7.03225806451613,4.838709677419355,40.32258064516129
SE Rutherford,41,54,1,7,6,7.902439024390244,2.4390243902439024,17.073170731707318
SH Johnson,230,379,7,85,12,9.88695652173913,3.0434782608695654,36.95652173913043
SJ Srivastava,282,409,14,103,14,8.702127659574469,4.964539007092199,36.52482269503546
SK Raina,908,1096,25,280,69,7.242290748898679,2.753303964757709,30.837004405286343
SK Trivedi,1506,1840,65,492,75,7.330677290836654,4.316069057104914,32.669322709163346
SK Warne,1194,1408,57,426,54,7.075376884422111,4.773869346733668,35.678391959798994
SL Malinga,2827,3194,170,1144,122,6.778917580474001,6.013441811107181,40.46692607003891
SM Boland,42,53,2,14,2,7.571428571428571,4.761904761904762,33.33333333333333
SM Curran,1253,1978,59,394,63,9.471667996807662,4.708699122106943,31.444533120510776
SM Harwood,60,61,3,33,3,6.1,5.0,55.00000000000001
SM Pollock,276,297,11,130,13,6.456521739130434,3.985507246376811,47.10144927536232
SMSM Senanayake,192,206,9,73,8,6.4375,4.6875,38.02083333333333
SN Khan,2,6,0,0,1,18.0,0.0,0.0
SN Thakur,2202,3352,119,735,109,9.133514986376023,5.404178019981835,33.37874659400545
SP Narine,4660,5178,209,1786,200,6.666952789699571,4.484978540772532,38.32618025751073
SPD Smith,2,5,0,0,1,15.0,0.0,0.0
SR Dubey,77,92,5,37,4,7.1688311688311686,6.493506493506493,48.05194805194805
SR Tendulkar,36,57,0,4,4,9.5,0.0,11.11111111111111
SR Watson,2029,2571,92,803,105,7.602759980285855,4.534253326761951,39.57614588467225
SS Agarwal,24,42,1,7,1,10.5,4.166666666666666,29.166666666666668
SS Cottrell,120,161,6,58,6,8.049999999999999,5.0,48.333333333333336
SS Iyer,6,7,0,4,1,7.0,0.0,66.66666666666666
SS Mishra,38,58,2,15,2,9.157894736842106,5.263157894736842,39.473684210526315
SS Mundhe,6,5,1,4,1,5.0,16.666666666666664,66.66666666666666
SS Sarkar,25,34,1,4,2,8.16,4.0,16.0
SSB Magala,36,50,1,5,2,8.333333333333332,2.7777777777777777,13.88888888888889
ST Jayasuriya,294,375,13,83,21,7.653061224489796,4.421768707482993,28.2312925170068
STR Binny,594,741,22,199,63,7.484848484848484,3.7037037037037033,33.5016835016835
SW Tait,473,557,23,200,21,7.06553911205074,4.862579281183932,42.28329809725159
SZ Mulani,30,54,0,7,2,10.8,0.0,23.333333333333332
Sachin Baby,10,8,2,5,2,4.800000000000001,20.0,50.0
Sakib Hussain,252,371,15,86,11,8.833333333333334,5.952380952380952,34.12698412698413
Sandeep Sharma,3163,4174,151,1205,142,7.9177995573822315,4.7739487828011375,38.09674359785014
Shahbaz Ahmed,655,1049,27,168,50,9.609160305343512,4.122137404580153,25.64885496183206
Shahid Afridi,180,220,9,57,10,7.333333333333334,5.0,31.666666666666664
Shakib Al Hasan,1484,1802,63,504,70,7.285714285714285,4.245283018867925,33.9622641509434
Shashank Singh,90,137,5,21,8,9.133333333333333,5.555555555555555,23.333333333333332
Shivam Mavi,649,903,30,254,32,8.348228043143298,4.622496147919876,39.13713405238829
Shivam Sharma,114,165,4,37,5,8.68421052631579,3.508771929824561,32.45614035087719
Shivang Kumar,234,369,9,62,13,9.461538461538462,3.8461538461538463,26.495726495726498
Shoaib Ahmed,102,151,5,33,7,8.882352941176471,4.901960784313726,32.35294117647059
Shoaib Akhtar,42,50,5,23,3,7.142857142857142,11.904761904761903,54.761904761904766
Shoaib Malik,51,77,2,15,5,9.058823529411764,3.9215686274509802,29.411764705882355
Sikandar Raza,84,133,3,21,7,9.5,3.571428571428571,25.0
Simarjeet Singh,240,380,11,102,14,9.5,4.583333333333333,42.5
Sohail Tanvir,247,246,22,121,11,5.9757085020242915,8.906882591093117,48.987854251012145
Sumit Kumar,20,36,0,4,2,10.8,0.0,20.0
Sunny Gupta,18,45,0,0,1,15.0,0.0,0.0
Suryansh Shedge,18,39,0,1,1,13.0,0.0,5.555555555555555
Suyash Sharma,803,1167,27,249,39,8.719800747198008,3.3623910336239105,31.008717310087174
Swapnil Singh,162,238,7,39,14,8.814814814814815,4.320987654320987,24.074074074074073
T Henderson,36,40,1,14,2,6.666666666666667,2.7777777777777777,38.88888888888889
T Natarajan,1553,2295,73,465,73,8.866709594333548,4.700579523502898,29.94204764971024
T Shamsi,120,181,3,28,5,9.05,2.5,23.333333333333332
T Stubbs,36,68,4,12,5,11.333333333333332,11.11111111111111,33.33333333333333
T Thushara,135,152,8,57,6,6.755555555555556,5.9259259259259265,42.22222222222222
T Vijay,12,29,0,2,1,14.5,0.0,16.666666666666664
TA Boult,2784,3817,145,1135,124,8.226293103448276,5.208333333333334,40.76867816091954
TG Southee,1206,1682,47,447,54,8.368159203980099,3.897180762852405,37.06467661691542
TH David,6,18,0,1,1,18.0,0.0,16.666666666666664
TK Curran,238,416,13,57,13,10.487394957983193,5.46218487394958,23.949579831932773
TL Suman,150,195,6,43,11,7.800000000000001,4.0,28.666666666666668
TM Dilshan,271,361,5,79,25,7.992619926199262,1.8450184501845017,29.15129151291513
TM Head,64,120,3,10,7,11.25,4.6875,15.625
TP Sudhindra,70,132,1,18,3,11.314285714285713,1.4285714285714286,25.71428571428571
TS Mills,209,328,11,69,10,9.416267942583731,5.263157894736842,33.014354066985646
TU Deshpande,1103,1766,55,377,53,9.606527651858567,4.986400725294652,34.17951042611061
Tejas Baroka,21,33,0,6,1,9.428571428571429,0.0,28.57142857142857
Tilak Varma,22,27,0,8,4,7.363636363636363,0.0,36.36363636363637
UT Yadav,3056,4185,144,1186,147,8.216623036649214,4.712041884816754,38.80890052356021
Umar Gul,135,166,12,51,6,7.377777777777778,8.88888888888889,37.77777777777778
Umran Malik,493,732,29,205,26,8.908722109533468,5.88235294117647,41.58215010141988
V Kaverappa,24,36,2,11,1,9.0,8.333333333333332,45.83333333333333
V Kohli,251,354,4,52,26,8.46215139442231,1.593625498007968,20.717131474103585
V Nigam,288,455,13,85,18,9.479166666666668,4.513888888888888,29.51388888888889
V Pratap Singh,204,289,10,71,9,8.5,4.901960784313726,34.80392156862745
V Puthur,72,108,6,24,5,9.0,8.333333333333332,33.33333333333333
V Sehwag,136,233,6,44,15,10.279411764705882,4.411764705882353,32.35294117647059
V Shankar,238,323,9,80,22,8.142857142857142,3.7815126050420167,33.61344537815126
V Viyaskanth,60,86,1,16,3,8.6,1.6666666666666667,26.666666666666668
VG Arora,866,1340,47,306,42,9.28406466512702,5.427251732101617,35.33487297921478
VR Aaron,994,1401,44,387,50,8.456740442655935,4.426559356136821,38.93360160965795
VR Iyer,81,140,3,15,9,10.37037037037037,3.7037037037037033,18.51851851851852
VRV Singh,360,531,12,114,18,8.850000000000001,3.3333333333333335,31.666666666666664
VS Malik,205,254,6,84,13,7.434146341463414,2.9268292682926833,40.97560975609756
VS Yeligati,30,53,0,6,2,10.6,0.0,20.0
VY Mahesh,339,478,21,120,17,8.460176991150442,6.1946902654867255,35.39823008849557
Vijaykumar Vyshak,519,871,26,142,25,10.06936416184971,5.009633911368015,27.360308285163775
Vivrant Sharma,18,34,0,5,2,11.333333333333332,0.0,27.77777777777778
W O'Rourke,62,129,6,15,3,12.483870967741936,9.67741935483871,24.193548387096776
WA Mota,72,94,4,24,7,7.833333333333334,5.555555555555555,33.33333333333333
WD Parnell,723,881,35,296,33,7.311203319502074,4.840940525587829,40.94052558782849
WG Jacks,191,298,10,62,19,9.361256544502618,5.2356020942408374,32.460732984293195
WPUJC Vaas,282,345,18,128,13,7.340425531914893,6.382978723404255,45.39007092198582
Washington Sundar,1174,1502,40,385,68,7.6763202725724025,3.4071550255536627,32.793867120954005
XC Bartlett,261,472,7,82,13,10.850574712643677,2.681992337164751,31.417624521072796
Y Gnaneswara Rao,6,7,0,3,1,7.0,0.0,50.0
Y Nagar,66,117,4,16,8,10.636363636363637,6.0606060606060606,24.242424242424242
Y Prithvi Raj,30,54,1,8,2,10.8,3.3333333333333335,26.666666666666668
Y Venugopal Rao,216,329,6,59,20,9.13888888888889,2.7777777777777777,27.314814814814813
YA Abdulla,209,294,15,88,11,8.440191387559809,7.177033492822966,42.10526315789473
YBK Jaiswal,1,6,0,0,1,36.0,0.0,0.0
YK Pathan,1147,1372,42,393,82,7.176983435047951,3.661726242371403,34.263295553618136
YS Chahal,4037,5265,233,1319,184,7.825117661629923,5.7716125836016845,32.67277681446619
Yash Dayal,871,1333,41,307,43,9.182548794489092,4.707233065442021,35.246842709529275
Yash Raj Punja,180,273,9,47,8,9.1,5.0,26.111111111111114
Yash Thakur,467,787,27,146,22,10.11134903640257,5.781584582441114,31.263383297644538
Yudhvir Singh,138,242,8,54,9,10.521739130434783,5.797101449275362,39.130434782608695
Yuvraj Singh,869,1064,36,258,73,7.346375143843499,4.1426927502876865,29.689298043728424
Z Khan,2200,2691,102,873,99,7.339090909090909,4.636363636363637,39.68181818181818
Zeeshan Ansari,203,327,6,47,10,9.665024630541872,2.955665024630542,23.15270935960591
