batter,runs,balls_faced,fours,sixes,dot_balls,matches,strike_rate,boundaries_per_100_balls,dot_ball_rate
A Ashish Reddy,280,193,16,15,56,23,145.0777202072539,16.06217616580311,29.015544041450774
A Badoni,1178,834,96,47,256,56,141.24700239808155,17.1462829736211,30.69544364508393
A Chandila,4,7,0,0,3,2,57.14285714285714,0.0,42.857142857142854
A Chopra,53,71,7,0,40,6,74.64788732394366,9.859154929577464,56.33802816901409
A Choudhary,25,20,1,1,4,3,125.0,10.0,20.0
A Dananjaya,4,5,0,0,2,1,80.0,0.0,40.0
A Flintoff,62,53,5,2,17,3,116.98113207547169,13.20754716981132,32.075471698113205
A Kamboj,74,50,5,4,12,10,148.0,18.0,24.0
A Kumble,35,47,3,0,20,15,74.46808510638297,6.382978723404255,42.5531914893617
A Manohar,292,235,23,14,90,20,124.25531914893617,15.74468085106383,38.297872340425535
A Mhatre,441,239,51,23,79,13,184.51882845188285,30.962343096234306,33.054393305439326
A Mishra,381,417,31,5,168,55,91.36690647482014,8.633093525179856,40.28776978417266
A Mithun,34,26,4,1,9,6,130.76923076923077,19.230769230769234,34.61538461538461
A Mukund,19,22,1,0,8,2,86.36363636363636,4.545454545454546,36.36363636363637
A Nehra,41,60,3,1,31,17,68.33333333333333,6.666666666666667,51.66666666666667
A Nortje,49,50,6,0,23,14,98.0,12.0,46.0
A Raghuvanshi,885,606,86,35,180,30,146.03960396039605,19.966996699669966,29.7029702970297
A Singh,2,9,0,0,7,5,22.22222222222222,0.0,77.77777777777779
A Symonds,974,745,74,41,262,36,130.73825503355704,15.436241610738255,35.16778523489933
A Tomar,4,8,1,0,7,1,50.0,12.5,87.5
A Uniyal,4,7,0,0,3,2,57.14285714285714,0.0,42.857142857142854
A Zampa,15,24,1,0,12,5,62.5,4.166666666666666,50.0
AA Bilakhia,69,84,5,0,36,7,82.14285714285714,5.952380952380952,42.857142857142854
AA Chavan,12,11,2,0,5,3,109.09090909090908,18.181818181818183,45.45454545454545
AA Jhunjhunwala,217,209,19,5,86,15,103.82775119617224,11.483253588516746,41.14832535885167
AA Kulkarni,26,33,3,0,19,4,78.78787878787878,9.090909090909092,57.57575757575758
AA Noffke,9,10,1,0,4,1,90.0,10.0,40.0
AB Agarkar,179,151,13,5,49,18,118.5430463576159,11.920529801324504,32.450331125827816
AB Barath,42,42,5,1,20,3,100.0,14.285714285714285,47.61904761904761
AB Dinda,26,48,2,0,27,16,54.166666666666664,4.166666666666666,56.25
AB McDonald,123,100,9,4,31,9,123.0,13.0,31.0
AB de Villiers,5181,3400,414,253,983,170,152.3823529411765,19.61764705882353,28.911764705882355
AC Blizzard,120,90,21,2,45,7,133.33333333333331,25.555555555555554,50.0
AC Gilchrist,2069,1483,239,92,628,80,139.51449763991909,22.31962238705327,42.3465947403911
AC Thomas,20,19,1,1,8,4,105.26315789473684,10.526315789473683,42.10526315789473
AC Voges,181,143,15,3,38,7,126.57342657342659,12.587412587412588,26.573426573426573
AD Hales,148,117,13,6,46,6,126.49572649572649,16.23931623931624,39.31623931623932
AD Mascarenhas,79,78,5,1,27,11,101.28205128205127,7.6923076923076925,34.61538461538461
AD Mathews,724,573,44,29,176,41,126.35253054101221,12.739965095986038,30.715532286212916
AD Nath,90,98,7,2,44,10,91.83673469387756,9.183673469387756,44.89795918367347
AD Russell,2655,1508,187,223,580,114,176.06100795755967,27.18832891246684,38.46153846153847
AF Milne,25,31,0,1,14,7,80.64516129032258,3.225806451612903,45.16129032258064
AG Murtaza,10,14,1,0,7,3,71.42857142857143,7.142857142857142,50.0
AG Paunikar,49,55,9,0,35,5,89.0909090909091,16.363636363636363,63.63636363636363
AJ Finch,2092,1626,214,78,628,90,128.65928659286593,17.958179581795818,38.622386223862236
AJ Hosein,21,13,1,1,3,3,161.53846153846155,15.384615384615385,23.076923076923077
AJ Turner,24,28,0,2,13,6,85.71428571428571,7.142857142857142,46.42857142857143
AJ Tye,91,75,6,5,30,13,121.33333333333334,14.666666666666666,40.0
AK Markram,1671,1228,131,68,365,66,136.07491856677524,16.205211726384363,29.723127035830622
AL Menaria,401,354,24,18,138,23,113.27683615819208,11.864406779661017,38.983050847457626
AM Ghazanfar,2,3,0,0,1,1,66.66666666666666,0.0,33.33333333333333
AM Nayar,672,573,55,20,201,50,117.27748691099475,13.089005235602095,35.07853403141361
AM Rahane,5367,4269,540,141,1486,197,125.72030920590302,15.95221363316936,34.80908877957367
AN Ahmed,36,26,4,1,9,6,138.46153846153845,19.230769230769234,34.61538461538461
AN Ghosh,7,8,1,0,5,2,87.5,12.5,62.5
AP Dole,34,22,3,1,6,2,154.54545454545453,18.181818181818183,27.27272727272727
AP Majumdar,87,76,7,2,25,4,114.4736842105263,11.842105263157894,32.89473684210527
AP Tare,339,272,40,11,124,27,124.63235294117648,18.75,45.588235294117645
AR Bawne,12,12,1,0,4,1,100.0,8.333333333333332,33.33333333333333
AR Patel,2089,1556,146,100,491,134,134.25449871465295,15.809768637532134,31.555269922879177
AS Joseph,27,32,3,0,15,5,84.375,9.375,46.875
AS Rajpoot,26,41,2,1,26,7,63.41463414634146,7.317073170731707,63.41463414634146
AS Raut,194,167,13,7,62,16,116.1676646706587,11.976047904191617,37.12574850299401
AS Roy,78,64,6,2,22,14,121.875,12.5,34.375
AS Yadav,49,39,5,2,15,6,125.64102564102564,17.94871794871795,38.46153846153847
AT Carey,32,29,0,1,6,3,110.34482758620689,3.4482758620689653,20.689655172413794
AT Rayudu,4348,3391,359,173,1142,185,128.2217634915954,15.68858743733412,33.67738130345031
AU Rashid,22,15,2,1,7,2,146.66666666666666,20.0,46.666666666666664
AUK Pathan,39,23,5,2,11,7,169.56521739130434,30.434782608695656,47.82608695652174
Abdul Basith,1,1,0,0,0,1,100.0,0.0,0.0
Abdul Samad,859,575,55,55,185,58,149.3913043478261,19.130434782608695,32.17391304347826
Abdur Razzak,0,2,0,0,2,1,0.0,0.0,100.0
Abhishek Sharma,2379,1383,224,144,465,89,172.0173535791757,26.60882140274765,33.622559652928416
Abishek Porel,769,528,80,28,173,33,145.6439393939394,20.454545454545457,32.765151515151516
Akash Deep,25,14,2,2,5,5,178.57142857142858,28.57142857142857,35.714285714285715
Akash Madhwal,8,14,0,0,6,2,57.14285714285714,0.0,42.857142857142854
Akshat Raghuwanshi,29,25,1,1,6,2,115.99999999999999,8.0,24.0
Aman Hakim Khan,115,104,8,6,48,10,110.57692307692308,13.461538461538462,46.15384615384615
Aniket Verma,315,196,18,25,65,20,160.71428571428572,21.93877551020408,33.16326530612245
Anirudh Singh,63,66,6,1,31,4,95.45454545454545,10.606060606060606,46.96969696969697
Ankit Sharma,87,67,7,4,27,10,129.8507462686567,16.417910447761194,40.298507462686565
Ankit Soni,7,9,0,1,5,3,77.77777777777779,11.11111111111111,55.55555555555556
Anmolpreet Singh,139,115,19,3,53,9,120.8695652173913,19.130434782608695,46.08695652173913
Anuj Rawat,318,267,26,14,105,21,119.10112359550563,14.981273408239701,39.325842696629216
Anureet Singh,36,47,2,1,18,8,76.59574468085107,6.382978723404255,38.297872340425535
Arjun Tendulkar,18,14,0,1,3,2,128.57142857142858,7.142857142857142,21.428571428571427
Arshad Khan,142,95,6,11,33,12,149.4736842105263,17.894736842105264,34.73684210526316
Arshad Khan (2),5,4,1,0,2,1,125.0,25.0,50.0
Arshdeep Singh,32,47,4,0,30,14,68.08510638297872,8.51063829787234,63.829787234042556
Ashok Sharma,1,4,0,0,3,2,25.0,0.0,75.0
Ashutosh Sharma,564,328,39,40,96,26,171.9512195121951,24.085365853658537,29.268292682926827
Ashwani Kumar,1,6,0,0,5,1,16.666666666666664,0.0,83.33333333333334
Atharva Taide,260,177,30,8,58,10,146.89265536723164,21.468926553672315,32.7683615819209
Auqib Nabi,14,3,2,1,1,2,466.6666666666667,100.0,33.33333333333333
Avesh Khan,68,43,7,4,18,16,158.13953488372093,25.581395348837212,41.86046511627907
Azhar Mahmood,388,303,39,13,107,21,128.05280528052805,17.16171617161716,35.31353135313531
Azmatullah Omarzai,151,101,11,10,37,11,149.5049504950495,20.792079207920793,36.633663366336634
B Akhil,76,55,5,5,22,11,138.1818181818182,18.181818181818183,40.0
B Chipli,280,250,28,7,101,21,112.00000000000001,14.000000000000002,40.400000000000006
B Indrajith,21,30,2,0,17,3,70.0,6.666666666666667,56.666666666666664
B Kumar,354,376,34,4,163,75,94.14893617021278,10.106382978723403,43.351063829787236
B Laughlin,5,13,0,0,8,4,38.46153846153847,0.0,61.53846153846154
B Lee,124,96,8,8,38,19,129.16666666666669,16.666666666666664,39.58333333333333
B Sai Sudharsan,2515,1674,258,83,468,57,150.2389486260454,20.37037037037037,27.956989247311824
B Stanlake,5,2,1,0,0,1,250.0,50.0,0.0
B Sumanth,35,37,3,0,14,4,94.5945945945946,8.108108108108109,37.83783783783784
BA Bhatt,6,7,0,1,6,2,85.71428571428571,14.285714285714285,85.71428571428571
BA Stokes,935,695,81,32,222,43,134.53237410071944,16.258992805755394,31.942446043165468
BAW Mendis,3,6,0,0,3,3,50.0,0.0,50.0
BB McCullum,2882,2176,293,130,886,109,132.44485294117646,19.43933823529412,40.716911764705884
BB Samantray,125,113,13,2,42,8,110.61946902654867,13.274336283185843,37.16814159292036
BB Sran,10,13,0,0,4,7,76.92307692307693,0.0,30.76923076923077
BCJ Cutting,238,141,15,19,49,17,168.79432624113474,24.113475177304963,34.751773049645394
BE Hendricks,1,3,0,0,2,2,33.33333333333333,0.0,66.66666666666666
BJ Haddin,18,11,2,1,5,1,163.63636363636365,27.27272727272727,45.45454545454545
BJ Hodge,1400,1112,122,43,386,63,125.89928057553956,14.838129496402876,34.71223021582734
BJ Rohrer,193,141,21,5,48,8,136.8794326241135,18.439716312056735,34.04255319148936
BKG Mendis,20,10,1,2,4,1,200.0,30.0,40.0
BMAJ Mendis,23,27,0,0,8,3,85.18518518518519,0.0,29.629629629629626
BR Dunk,40,35,7,0,17,3,114.28571428571428,20.0,48.57142857142857
BR Sharath,2,5,0,0,3,1,40.0,0.0,60.0
Basil Thampi,32,35,1,1,12,7,91.42857142857143,5.714285714285714,34.285714285714285
Bipul Sharma,187,123,11,9,31,17,152.03252032520325,16.260162601626014,25.203252032520325
Brijesh Sharma,2,4,0,0,2,2,50.0,0.0,50.0
C Bosch,97,63,8,5,21,6,153.96825396825398,20.634920634920633,33.33333333333333
C Connolly,491,299,43,32,106,13,164.2140468227425,25.08361204013378,35.45150501672241
C Green,1029,677,84,49,192,42,151.99409158050221,19.64549483013294,28.360413589364846
C Madan,15,18,3,0,12,1,83.33333333333334,16.666666666666664,66.66666666666666
C Munro,177,141,19,8,63,11,125.53191489361701,19.148936170212767,44.680851063829785
C Nanda,0,1,0,0,1,1,0.0,0.0,100.0
C Sakariya,20,30,3,0,19,7,66.66666666666666,10.0,63.33333333333333
C de Grandhomme,303,224,18,18,77,21,135.26785714285714,16.071428571428573,34.375
CA Ingram,205,179,22,5,72,15,114.52513966480447,15.083798882681565,40.22346368715084
CA Lynn,1329,941,132,66,376,42,141.2327311370882,21.04144527098831,39.957492029755585
CA Pujara,390,390,50,4,178,22,100.0,13.846153846153847,45.64102564102564
CH Gayle,4997,3331,408,359,1387,141,150.01501050735516,23.02611828279796,41.63914740318223
CH Morris,618,397,41,35,115,49,155.66750629722924,19.143576826196472,28.967254408060455
CJ Anderson,538,421,40,31,180,29,127.79097387173397,16.864608076009503,42.75534441805225
CJ Ferguson,98,117,9,0,55,8,83.76068376068376,7.6923076923076925,47.008547008547005
CJ Jordan,81,77,3,3,31,12,105.1948051948052,7.792207792207792,40.25974025974026
CJ McKay,8,15,0,0,8,1,53.333333333333336,0.0,53.333333333333336
CK Kapugedera,16,22,0,0,7,3,72.72727272727273,0.0,31.818181818181817
CK Langeveldt,8,9,0,1,6,2,88.88888888888889,11.11111111111111,66.66666666666666
CL White,971,757,76,38,252,45,128.26948480845442,15.059445178335535,33.2892998678996
CM Gautam,169,149,17,6,66,13,113.42281879194631,15.436241610738255,44.29530201342282
CR Brathwaite,181,110,10,16,41,14,164.54545454545456,23.636363636363637,37.27272727272727
CR Woakes,78,77,7,2,33,12,101.29870129870129,11.688311688311687,42.857142857142854
CRD Fernando,4,3,0,0,0,2,133.33333333333331,0.0,0.0
CV Varun,31,53,3,0,31,13,58.490566037735846,5.660377358490567,58.490566037735846
D Brevis,606,415,38,43,156,24,146.02409638554218,19.518072289156628,37.59036144578313
D Ferreira,326,191,26,23,66,16,170.6806282722513,25.654450261780106,34.55497382198953
D Kalyankrishna,3,8,0,0,4,1,37.5,0.0,50.0
D Padikkal,2270,1700,241,80,619,89,133.52941176470588,18.88235294117647,36.411764705882355
D Pretorius,44,28,3,3,10,5,157.14285714285714,21.428571428571427,35.714285714285715
D Salunkhe,33,24,5,0,8,3,137.5,20.833333333333336,33.33333333333333
D Wiese,148,100,12,7,28,11,148.0,19.0,28.000000000000004
D du Preez,10,13,0,0,5,1,76.92307692307693,0.0,38.46153846153847
DA Miller,3288,2349,235,152,676,143,139.97445721583654,16.47509578544061,28.778203490847172
DA Payne,6,5,0,0,0,1,120.0,0.0,0.0
DA Warner,6567,4680,663,236,1628,184,140.32051282051282,19.20940170940171,34.78632478632478
DAJ Bracewell,12,9,1,0,1,1,133.33333333333331,11.11111111111111,11.11111111111111
DB Das,304,260,23,16,107,22,116.92307692307693,15.0,41.15384615384615
DB Ravi Teja,375,315,35,9,105,25,119.04761904761905,13.968253968253968,33.33333333333333
DE Bollinger,21,22,1,1,9,4,95.45454545454545,9.090909090909092,40.909090909090914
DG Nalkande,12,12,0,1,5,2,100.0,8.333333333333332,41.66666666666667
DH Yagnik,170,133,23,2,48,17,127.81954887218046,18.796992481203006,36.09022556390977
DJ Bravo,1560,1196,120,66,425,110,130.43478260869566,15.551839464882944,35.53511705685619
DJ Harris,111,101,11,5,48,4,109.9009900990099,15.841584158415841,47.524752475247524
DJ Hooda,1497,1167,98,62,372,101,128.2776349614396,13.710368466152529,31.876606683804624
DJ Hussey,1322,1070,90,60,377,61,123.55140186915887,14.018691588785046,35.23364485981308
DJ Jacobs,92,98,10,4,53,7,93.87755102040816,14.285714285714285,54.08163265306123
DJ Malan,26,26,1,1,9,1,100.0,7.6923076923076925,34.61538461538461
DJ Mitchell,351,267,28,10,73,15,131.46067415730337,14.232209737827715,27.340823970037455
DJ Muthuswami,1,3,0,0,2,1,33.33333333333333,0.0,66.66666666666666
DJ Thornely,39,53,2,2,26,4,73.58490566037736,7.547169811320755,49.056603773584904
DJ Willey,53,62,7,0,32,5,85.48387096774194,11.29032258064516,51.61290322580645
DJG Sammy,295,241,15,18,89,20,122.40663900414938,13.692946058091287,36.92946058091287
DJM Short,115,99,11,5,44,7,116.16161616161615,16.161616161616163,44.44444444444444
DL Chahar,142,103,8,9,37,20,137.8640776699029,16.50485436893204,35.92233009708738
DL Vettori,121,112,11,2,31,16,108.03571428571428,11.607142857142858,27.67857142857143
DM Bravo,6,5,1,0,2,1,120.0,20.0,40.0
DNT Zoysa,11,9,1,0,1,2,122.22222222222223,11.11111111111111,11.11111111111111
DP Conway,1080,770,117,34,240,28,140.25974025974025,19.61038961038961,31.16883116883117
DP Nannes,4,13,0,0,9,2,30.76923076923077,0.0,69.23076923076923
DP Vijaykumar,1,1,0,0,0,1,100.0,0.0,0.0
DPMD Jayawardene,1808,1462,200,40,528,78,123.66621067031464,16.415868673050614,36.11491108071135
DR Martyn,19,24,1,0,8,1,79.16666666666666,4.166666666666666,33.33333333333333
DR Sams,44,44,1,3,22,13,100.0,9.090909090909092,50.0
DR Shorey,13,17,0,1,9,2,76.47058823529412,5.88235294117647,52.94117647058824
DR Smith,2385,1755,245,117,738,88,135.8974358974359,20.62678062678063,42.05128205128205
DS Kulkarni,104,108,7,2,43,20,96.29629629629629,8.333333333333332,39.81481481481482
DS Lehmann,18,18,3,0,8,2,100.0,16.666666666666664,44.44444444444444
DS Rathi,3,8,0,0,4,3,37.5,0.0,50.0
DT Christian,460,394,23,19,128,41,116.75126903553299,10.65989847715736,32.48730964467005
DT Patil,13,13,1,0,5,2,100.0,7.6923076923076925,38.46153846153847
DV Malewar,2,5,0,0,3,2,40.0,0.0,60.0
DW Steyn,167,160,14,3,66,33,104.375,10.625,41.25
Dhruv Jurel,1195,775,98,62,232,51,154.19354838709677,20.64516129032258,29.935483870967744
E Lewis,654,477,62,36,204,26,137.1069182389937,20.545073375262053,42.76729559748428
E Malinga,7,17,0,0,9,3,41.17647058823529,0.0,52.94117647058824
EJG Morgan,1406,1147,112,64,444,74,122.58064516129032,15.344376634699216,38.70967741935484
ER Dwivedi,24,14,2,2,5,2,171.42857142857142,28.57142857142857,35.714285714285715
F Behardien,14,13,2,0,5,3,107.6923076923077,15.384615384615385,38.46153846153847
F du Plessis,4773,3506,440,174,1149,147,136.13804905875642,17.512835139760412,32.77239018824872
FA Allen,14,18,1,0,9,3,77.77777777777779,5.555555555555555,50.0
FH Allen,349,163,33,28,57,11,214.11042944785277,37.423312883435585,34.96932515337423
FH Edwards,4,5,0,0,3,2,80.0,0.0,60.0
FY Fazal,183,172,22,1,62,11,106.3953488372093,13.372093023255813,36.04651162790697
Fazalhaq Farooqi,5,15,0,0,10,3,33.33333333333333,0.0,66.66666666666666
G Coetzee,31,32,2,2,16,7,96.875,12.5,50.0
G Gambhir,4217,3394,492,59,1170,151,124.2486741308191,16.234531526222746,34.472598703594585
GB Hogg,22,22,1,0,5,4,100.0,4.545454545454546,22.727272727272727
GC Smith,739,664,94,9,283,29,111.29518072289157,15.512048192771086,42.62048192771085
GC Viljoen,3,7,0,0,3,3,42.857142857142854,0.0,42.857142857142854
GD McGrath,4,5,1,0,4,2,80.0,20.0,80.0
GD Phillips,132,108,7,8,45,13,122.22222222222223,13.88888888888889,41.66666666666667
GF Linde,31,21,6,0,9,3,147.61904761904762,28.57142857142857,42.857142857142854
GH Vihari,284,319,23,1,133,23,89.0282131661442,7.523510971786834,41.692789968652036
GHS Garton,2,4,0,0,2,2,50.0,0.0,50.0
GJ Bailey,663,541,59,19,187,36,122.55083179297597,14.417744916820702,34.56561922365989
GJ Maxwell,2820,1810,238,161,597,134,155.8011049723757,22.044198895027627,32.98342541436464
GR Napier,15,16,1,0,7,1,93.75,6.25,43.75
Gulbadin Naib,19,15,1,1,4,1,126.66666666666666,13.333333333333334,26.666666666666668
Gurkeerat Singh,511,422,55,11,145,32,121.09004739336493,15.639810426540285,34.360189573459714
H Das,2,5,0,0,3,1,40.0,0.0,60.0
H Klaasen,2104,1253,146,120,300,60,167.91699920191542,21.22905027932961,23.942537909018355
HC Brook,190,153,23,4,64,11,124.18300653594771,17.647058823529413,41.830065359477125
HE van der Dussen,22,24,2,0,9,3,91.66666666666666,8.333333333333332,37.5
HF Gurney,1,5,0,0,4,1,20.0,0.0,80.0
HH Gibbs,886,805,83,31,354,36,110.06211180124224,14.161490683229813,43.975155279503106
HH Pandya,2964,2015,228,157,644,150,147.09677419354838,19.106699751861044,31.960297766749378
HM Amla,577,406,60,21,130,16,142.11822660098522,19.950738916256157,32.01970443349754
HR Shokeen,66,65,9,0,29,5,101.53846153846153,13.846153846153847,44.61538461538462
HV Patel,280,238,18,15,96,44,117.64705882352942,13.865546218487395,40.33613445378151
Harbhajan Singh,833,599,79,42,236,88,139.0651085141903,20.20033388981636,39.39899833055092
Harmeet Singh,18,12,3,0,5,4,150.0,25.0,41.66666666666667
Harpreet Brar,249,206,20,10,75,27,120.87378640776699,14.563106796116504,36.407766990291265
Harpreet Singh,123,118,10,3,46,8,104.23728813559323,11.016949152542372,38.983050847457626
Harsh Dubey,13,9,2,0,3,4,144.44444444444443,22.22222222222222,33.33333333333333
Harshit Rana,59,55,5,3,29,10,107.27272727272728,14.545454545454545,52.72727272727272
Himmat Singh,92,65,5,5,19,5,141.53846153846155,15.384615384615385,29.230769230769234
I Malhotra,7,4,1,0,0,1,175.0,25.0,0.0
I Sharma,57,69,4,2,35,21,82.6086956521739,8.695652173913043,50.72463768115942
I Udana,15,11,1,1,4,4,136.36363636363635,18.181818181818183,36.36363636363637
IC Pandey,0,2,0,0,2,1,0.0,0.0,100.0
IK Pathan,1150,947,88,38,304,82,121.43611404435057,13.305174234424499,32.101372756071804
IR Jaggi,76,97,6,0,46,7,78.35051546391753,6.185567010309279,47.42268041237113
IS Sodhi,7,17,0,0,10,2,41.17647058823529,0.0,58.82352941176471
Imran Tahir,33,37,5,0,20,8,89.1891891891892,13.513513513513514,54.054054054054056
Iqbal Abdulla,88,82,9,1,28,13,107.31707317073172,12.195121951219512,34.146341463414636
Ishan Kishan,3600,2499,348,166,883,127,144.0576230492197,20.568227290916365,35.334133653461386
J Arunkumar,23,23,5,0,14,3,100.0,21.73913043478261,60.86956521739131
J Botha,409,358,39,5,126,28,114.24581005586592,12.290502793296088,35.19553072625698
J Fraser-McGurk,385,191,39,30,78,15,201.57068062827227,36.12565445026178,40.83769633507853
J Overton,151,92,14,7,24,8,164.1304347826087,22.82608695652174,26.08695652173913
J Suchith,70,61,6,3,25,9,114.75409836065573,14.754098360655737,40.98360655737705
J Syed Mohammad,29,26,4,0,10,5,111.53846153846155,15.384615384615385,38.46153846153847
J Theron,10,12,1,0,5,4,83.33333333333334,8.333333333333332,41.66666666666667
J Yadav,40,36,2,1,12,4,111.11111111111111,8.333333333333332,33.33333333333333
JA Morkel,975,683,61,55,211,67,142.75256222547583,16.98389458272328,30.89311859443631
JA Richardson,17,26,2,0,16,3,65.38461538461539,7.6923076923076925,61.53846153846154
JC Archer,326,219,18,22,78,40,148.8584474885845,18.2648401826484,35.61643835616438
JC Buttler,4647,3094,459,211,1063,136,150.1939237233355,21.654815772462833,34.3568196509373
JD Ryder,604,455,69,19,180,29,132.74725274725273,19.340659340659343,39.56043956043956
JD Unadkat,201,169,16,7,62,28,118.93491124260356,13.609467455621301,36.68639053254438
JDP Oram,106,107,6,5,46,11,99.06542056074767,10.2803738317757,42.99065420560748
JDS Neesham,92,93,6,2,39,10,98.9247311827957,8.60215053763441,41.935483870967744
JE Root,10,15,1,0,8,1,66.66666666666666,6.666666666666667,53.333333333333336
JE Taylor,3,3,0,0,1,2,100.0,0.0,33.33333333333333
JEC Franklin,327,300,25,9,109,16,109.00000000000001,11.333333333333332,36.333333333333336
JG Bethell,163,116,21,6,42,9,140.51724137931035,23.275862068965516,36.206896551724135
JH Kallis,2427,2213,255,44,878,95,109.6701310438319,13.51107094441934,39.67464979665613
JJ Bumrah,75,85,6,1,37,29,88.23529411764706,8.235294117647058,43.529411764705884
JJ Roy,614,441,75,21,170,21,139.22902494331066,21.768707482993197,38.54875283446712
JJ van der Wath,18,16,1,1,7,3,112.5,12.5,43.75
JL Denly,0,1,0,0,1,1,0.0,0.0,100.0
JL Pattinson,15,13,2,0,4,2,115.38461538461537,15.384615384615385,30.76923076923077
JM Bairstow,1674,1142,173,74,422,52,146.58493870402802,21.62872154115587,36.952714535901926
JM Kemp,26,24,1,1,10,2,108.33333333333333,8.333333333333332,41.66666666666667
JM Sharma,1107,723,86,68,260,59,153.11203319502073,21.300138312586444,35.9612724757953
JO Holder,324,261,16,21,105,34,124.13793103448276,14.17624521072797,40.229885057471265
JP Behrendorff,6,9,0,0,3,2,66.66666666666666,0.0,33.33333333333333
JP Duminy,2029,1631,126,79,480,75,124.40220723482527,12.568976088289393,29.429797670141017
JP Faulkner,527,385,36,23,121,45,136.88311688311688,15.324675324675324,31.428571428571427
JP Inglis,544,313,58,28,98,16,173.80191693290735,27.47603833865815,31.309904153354633
JPR Scantlebury-Searles,8,6,0,1,3,2,133.33333333333331,16.666666666666664,50.0
JR Hazlewood,19,30,1,0,15,8,63.33333333333333,3.3333333333333335,50.0
JR Hopes,417,305,49,11,110,19,136.72131147540983,19.672131147540984,36.0655737704918
JR Philippe,78,77,9,1,34,5,101.29870129870129,12.987012987012985,44.15584415584416
Jaskaran Singh,8,11,0,0,5,4,72.72727272727273,0.0,45.45454545454545
Joginder Sharma,36,30,1,2,10,5,120.0,10.0,33.33333333333333
K Goel,218,231,17,9,114,16,94.37229437229438,11.255411255411255,49.35064935064935
K Gowtham,247,147,15,17,48,27,168.02721088435376,21.768707482993197,32.6530612244898
K Kartikeya,12,17,1,0,7,4,70.58823529411765,5.88235294117647,41.17647058823529
K Rabada,262,238,21,11,101,34,110.08403361344538,13.445378151260504,42.436974789915965
K Upadhyay,12,9,0,1,3,2,133.33333333333331,11.11111111111111,33.33333333333333
K Yadav,0,4,0,0,4,1,0.0,0.0,100.0
KA Jamieson,77,73,6,4,33,10,105.47945205479452,13.698630136986301,45.20547945205479
KA Maharaj,1,2,0,0,1,1,50.0,0.0,50.0
KA Pollard,3437,2315,221,224,787,168,148.46652267818575,19.222462203023756,33.99568034557235
KAJ Roach,10,9,1,0,3,1,111.11111111111111,11.11111111111111,33.33333333333333
KB Arun Karthik,51,51,4,1,17,8,100.0,9.803921568627452,33.33333333333333
KC Cariappa,24,21,0,2,8,5,114.28571428571428,9.523809523809524,38.095238095238095
KC Sangakkara,1687,1385,195,27,484,68,121.80505415162455,16.028880866425993,34.94584837545126
KD Karthik,4843,3570,466,161,1151,233,135.65826330532212,17.56302521008403,32.24089635854342
KH Pandya,1982,1476,173,76,508,123,134.28184281842817,16.869918699186993,34.417344173441734
KJ Abbott,13,8,0,1,3,3,162.5,12.5,37.5
KK Ahmed,2,9,0,0,7,6,22.22222222222222,0.0,77.77777777777779
KK Cooper,116,67,9,8,26,12,173.13432835820893,25.37313432835821,38.80597014925373
KK Nair,1712,1301,188,49,477,78,131.59108378170637,18.216756341275943,36.6641045349731
KL Nagarkoti,22,33,1,0,16,7,66.66666666666666,3.0303030303030303,48.484848484848484
KL Rahul,5828,4175,509,239,1322,149,139.59281437125748,17.91616766467066,31.66467065868264
KM Asif,0,2,0,0,2,1,0.0,0.0,100.0
KM Jadhav,1208,969,102,40,325,81,124.66460268317854,14.654282765737875,33.539731682146545
KMA Paul,18,24,1,1,13,5,75.0,8.333333333333332,54.166666666666664
KMDN Kulasekara,5,3,1,0,0,1,166.66666666666669,33.33333333333333,0.0
KP Appanna,2,4,0,0,1,3,50.0,0.0,25.0
KP Pietersen,1001,742,91,40,257,36,134.9056603773585,17.654986522911052,34.63611859838275
KR Mayers,379,258,38,22,119,13,146.89922480620154,23.25581395348837,46.12403100775194
KR Sen,0,3,0,0,3,1,0.0,0.0,100.0
KS Bharat,199,161,12,8,53,8,123.6024844720497,12.422360248447205,32.91925465838509
KS Rathore,0,5,0,0,5,1,0.0,0.0,100.0
KS Sharma,16,25,1,0,12,3,64.0,4.0,48.0
KS Williamson,2132,1692,187,64,558,76,126.0047281323877,14.83451536643026,32.97872340425532
KT Maphaka,8,2,2,0,0,1,400.0,100.0,0.0
KV Sharma,352,295,20,17,101,40,119.3220338983051,12.54237288135593,34.23728813559322
KW Richardson,36,39,2,1,17,4,92.3076923076923,7.6923076923076925,43.58974358974359
Kamran Akmal,128,77,13,8,31,6,166.23376623376623,27.27272727272727,40.25974025974026
Kamran Khan,3,5,0,0,3,1,60.0,0.0,60.0
Karanveer Singh,12,17,1,0,9,4,70.58823529411765,5.88235294117647,52.94117647058824
Kartik Sharma,295,216,24,16,84,11,136.57407407407408,18.51851851851852,38.88888888888889
Kartik Tyagi,24,26,2,1,12,9,92.3076923076923,11.538461538461538,46.15384615384615
Krish Bhagat,10,21,0,0,11,2,47.61904761904761,0.0,52.38095238095239
Kuldeep Yadav,210,253,18,3,120,41,83.00395256916995,8.300395256916996,47.43083003952569
Kumar Kushagra,21,21,3,0,11,4,100.0,14.285714285714285,52.38095238095239
L Ablish,0,2,0,0,2,1,0.0,0.0,100.0
L Balaji,36,49,2,1,25,13,73.46938775510205,6.122448979591836,51.02040816326531
L Ngidi,4,8,0,0,5,4,50.0,0.0,62.5
L Ronchi,34,34,6,1,23,5,100.0,20.588235294117645,67.64705882352942
L Wood,9,3,0,1,0,1,300.0,33.33333333333333,0.0
LA Carseldine,81,66,11,0,26,5,122.72727272727273,16.666666666666664,39.39393939393939
LA Pomersbach,302,243,25,13,92,16,124.27983539094649,15.637860082304528,37.86008230452675
LB Williams,1,2,0,0,1,1,50.0,0.0,50.0
LE Plunkett,1,3,0,0,2,2,33.33333333333333,0.0,66.66666666666666
LG Pretorius,7,8,0,0,2,2,87.5,0.0,25.0
LH Ferguson,72,46,7,2,11,8,156.52173913043478,19.565217391304348,23.91304347826087
LJ Wright,106,59,16,3,19,5,179.66101694915255,32.20338983050847,32.20338983050847
LMP Simmons,1079,848,109,44,359,29,127.24056603773586,18.04245283018868,42.33490566037736
LPC Silva,40,26,5,1,7,3,153.84615384615387,23.076923076923077,26.923076923076923
LR Shukla,405,350,33,16,130,33,115.71428571428572,14.000000000000002,37.142857142857146
LRPL Taylor,1017,818,66,46,283,54,124.3276283618582,13.691931540342297,34.59657701711492
LS Livingstone,1066,680,70,76,228,49,156.76470588235293,21.470588235294116,33.52941176470588
Lalit Yadav,305,285,27,7,108,21,107.01754385964912,11.929824561403509,37.89473684210527
Liton Das,4,4,1,0,3,1,100.0,25.0,75.0
M Ashwin,35,50,2,1,27,12,70.0,6.0,54.0
M Jansen,192,174,9,9,59,25,110.34482758620689,10.344827586206897,33.90804597701149
M Kaif,259,249,22,6,106,22,104.01606425702812,11.244979919678714,42.570281124497996
M Kartik,113,107,7,1,29,14,105.60747663551402,7.476635514018691,27.102803738317753
M Klinger,73,75,9,0,33,4,97.33333333333334,12.0,44.0
M Manhas,514,470,43,10,174,38,109.36170212765957,11.27659574468085,37.02127659574468
M Markande,48,42,5,1,14,10,114.28571428571428,14.285714285714285,33.33333333333333
M Morkel,126,89,11,5,32,20,141.57303370786516,17.97752808988764,35.95505617977528
M Muralitharan,20,29,1,0,15,9,68.96551724137932,3.4482758620689653,51.724137931034484
M Ntini,11,18,2,0,14,2,61.111111111111114,11.11111111111111,77.77777777777779
M Prasidh Krishna,15,31,1,0,19,8,48.38709677419355,3.225806451612903,61.29032258064516
M Rawat,55,69,4,1,30,11,79.71014492753623,7.246376811594203,43.47826086956522
M Shahrukh Khan,775,523,49,52,178,53,148.18355640535373,19.311663479923517,34.03441682600382
M Theekshana,17,34,0,1,20,6,50.0,2.941176470588235,58.82352941176471
M Tiwari,21,12,2,1,3,2,175.0,25.0,25.0
M Vijay,2619,2147,247,91,893,105,121.98416394969725,15.74289706567303,41.5929203539823
M Vohra,1083,828,104,43,345,51,130.79710144927537,17.753623188405797,41.66666666666667
M de Lange,1,2,0,0,1,1,50.0,0.0,50.0
MA Agarwal,2764,2053,275,100,738,125,134.63224549439846,18.26595226497808,35.94739405747686
MA Khote,24,22,2,1,7,3,109.09090909090908,13.636363636363635,31.818181818181817
MA Starc,111,121,11,0,47,22,91.73553719008265,9.090909090909092,38.84297520661157
MA Wood,12,8,1,1,4,3,150.0,25.0,50.0
MC Henriques,1000,785,87,28,256,54,127.38853503184713,14.64968152866242,32.611464968152866
MC Juneja,125,128,11,1,45,7,97.65625,9.375,35.15625
MD Choudhary,170,120,11,12,46,10,141.66666666666669,19.166666666666668,38.333333333333336
MD Mishra,237,206,24,8,93,17,115.04854368932038,15.53398058252427,45.14563106796117
MD Shanaka,89,72,5,5,29,8,123.61111111111111,13.88888888888889,40.27777777777778
MDKJ Perera,14,13,3,0,7,2,107.6923076923077,23.076923076923077,53.84615384615385
MEK Hussey,1977,1610,198,52,572,58,122.79503105590062,15.527950310559005,35.52795031055901
MF Maharoof,177,123,12,9,40,14,143.90243902439025,17.073170731707318,32.52032520325203
MG Bracewell,58,47,6,1,12,4,123.40425531914893,14.893617021276595,25.53191489361702
MG Johnson,167,163,10,7,69,28,102.45398773006136,10.429447852760736,42.331288343558285
MJ Clarke,98,94,12,0,38,6,104.25531914893618,12.76595744680851,40.42553191489361
MJ Guptill,271,196,24,15,87,13,138.26530612244898,19.897959183673468,44.38775510204081
MJ Henry,7,10,1,0,6,2,70.0,10.0,60.0
MJ Lumb,278,191,45,6,83,12,145.5497382198953,26.701570680628272,43.455497382198956
MJ McClenaghan,85,69,5,7,34,20,123.18840579710144,17.391304347826086,49.275362318840585
MJ Owen,0,2,0,0,2,1,0.0,0.0,100.0
MJ Santner,136,122,9,6,46,21,111.47540983606557,12.295081967213115,37.704918032786885
MJ Suthar,1,2,0,0,1,1,50.0,0.0,50.0
MK Lomror,527,372,33,30,106,35,141.66666666666669,16.93548387096774,28.49462365591398
MK Pandey,4021,3288,348,118,1144,163,122.29318734793186,14.172749391727493,34.79318734793188
MK Tiwary,1695,1444,156,40,506,83,117.38227146814404,13.573407202216067,35.041551246537395
ML Hayden,1107,799,121,44,308,32,138.54818523153943,20.650813516896118,38.54818523153942
MM Ali,1167,831,95,67,309,59,140.4332129963899,19.494584837545126,37.18411552346571
MM Patel,39,41,5,0,17,12,95.1219512195122,12.195121951219512,41.46341463414634
MM Sharma,125,136,9,4,63,30,91.91176470588235,9.558823529411764,46.32352941176471
MN Samuels,161,172,9,7,75,14,93.6046511627907,9.30232558139535,43.604651162790695
MN van Wyk,167,131,19,1,37,5,127.48091603053436,15.267175572519085,28.24427480916031
MP Breetzke,14,12,1,1,6,1,116.66666666666667,16.666666666666664,50.0
MP Stoinis,2242,1511,181,117,489,108,148.3785572468564,19.72203838517538,32.36267372600927
MP Yadav,5,5,1,0,3,1,100.0,20.0,60.0
MR Marsh,1855,1245,155,111,440,62,148.99598393574297,21.365461847389557,35.34136546184739
MS Bhandage,1,4,0,0,3,1,25.0,0.0,75.0
MS Bisla,798,700,93,23,315,39,113.99999999999999,16.57142857142857,45.0
MS Dhoni,5439,3935,375,264,1248,241,138.22109275730622,16.238881829733167,31.715374841168998
MS Gony,99,70,6,8,32,15,141.42857142857144,20.0,45.714285714285715
MS Wade,183,177,23,2,80,14,103.38983050847457,14.124293785310735,45.19774011299435
MV Boucher,394,307,32,13,99,23,128.33876221498372,14.65798045602606,32.24755700325733
MW Short,177,142,21,5,62,9,124.64788732394365,18.30985915492958,43.66197183098591
Mandeep Singh,1706,1385,176,38,497,97,123.17689530685921,15.451263537906138,35.88447653429603
Mashrafe Mortaza,2,2,0,0,1,1,100.0,0.0,50.0
Mayank Dagar,0,1,0,0,1,1,0.0,0.0,100.0
Misbah-ul-Haq,117,81,10,6,28,8,144.44444444444443,19.753086419753085,34.5679012345679
Mohammad Ashraful,2,10,0,0,7,1,20.0,0.0,70.0
Mohammad Asif,3,6,0,0,3,2,50.0,0.0,50.0
Mohammad Hafeez,64,83,7,2,46,8,77.10843373493977,10.843373493975903,55.42168674698795
Mohammad Nabi,221,151,18,12,49,19,146.35761589403972,19.867549668874172,32.450331125827816
Mohammed Shami,115,111,9,5,50,34,103.60360360360362,12.612612612612612,45.04504504504504
Mohammed Siraj,117,137,11,4,75,23,85.40145985401459,10.948905109489052,54.74452554744526
Mohit Rathee,1,2,0,0,1,1,50.0,0.0,50.0
Mohsin Khan,25,28,2,1,16,7,89.28571428571429,10.714285714285714,57.14285714285714
Mujeeb Ur Rahman,12,15,2,0,7,6,80.0,13.333333333333334,46.666666666666664
Mukesh Choudhary,8,8,1,0,4,3,100.0,12.5,50.0
Mukesh Kumar,10,18,0,0,8,5,55.55555555555556,0.0,44.44444444444444
Musheer Khan,0,3,0,0,3,1,0.0,0.0,100.0
Mustafizur Rahman,13,24,0,1,16,7,54.166666666666664,4.166666666666666,66.66666666666666
N Burger,14,9,0,1,2,3,155.55555555555557,11.11111111111111,22.22222222222222
N Jagadeesan,162,147,21,2,64,10,110.20408163265304,15.646258503401361,43.53741496598639
N Pooran,2527,1538,169,186,519,100,164.3042912873862,23.08192457737321,33.74512353706112
N Rana,3078,2228,288,151,843,121,138.1508078994614,19.703770197486534,37.83662477558348
N Saini,140,140,16,0,63,10,100.0,11.428571428571429,45.0
N Sindhu,63,50,7,2,22,5,126.0,18.0,44.0
N Wadhera,784,557,64,43,203,37,140.754039497307,19.210053859964095,36.44524236983842
ND Doshi,0,13,0,0,13,1,0.0,0.0,100.0
NJ Maddinson,20,21,4,0,15,3,95.23809523809523,19.047619047619047,71.42857142857143
NJ Rimmington,1,1,0,0,0,1,100.0,0.0,0.0
NK Patel,121,119,14,1,54,6,101.68067226890756,12.605042016806722,45.378151260504204
NL McCullum,26,22,0,1,6,2,118.18181818181819,4.545454545454546,27.27272727272727
NLTC Perera,424,306,23,26,104,30,138.56209150326796,16.013071895424837,33.98692810457516
NM Coulter-Nile,82,72,7,4,35,16,113.88888888888889,15.277777777777779,48.61111111111111
NS Naik,31,50,2,0,27,4,62.0,4.0,54.0
NT Ellis,19,25,0,1,13,5,76.0,4.0,52.0
NV Ojha,1554,1308,121,79,581,94,118.80733944954129,15.29051987767584,44.41896024464832
Naman Dhir,710,432,68,36,123,33,164.35185185185185,24.074074074074073,28.47222222222222
Navdeep Saini,33,37,3,0,15,7,89.1891891891892,8.108108108108109,40.54054054054054
Naveen-ul-Haq,18,24,2,0,11,4,75.0,8.333333333333332,45.83333333333333
Nithish Kumar Reddy,787,540,50,46,171,35,145.74074074074076,17.77777777777778,31.666666666666664
Noor Ahmad,31,58,2,1,40,15,53.44827586206896,5.172413793103448,68.96551724137932
OA Shah,506,388,34,23,121,22,130.41237113402062,14.690721649484537,31.185567010309278
OC McCoy,8,5,0,1,2,1,160.0,20.0,40.0
OF Smith,51,44,1,5,23,6,115.90909090909092,13.636363636363635,52.27272727272727
P Awana,5,14,0,0,9,5,35.714285714285715,0.0,64.28571428571429
P Chopra,8,6,2,0,4,1,133.33333333333331,33.33333333333333,66.66666666666666
P Dogra,127,138,4,5,59,12,92.02898550724638,6.521739130434782,42.7536231884058
P Dubey,23,33,2,0,16,2,69.6969696969697,6.0606060606060606,48.484848484848484
P Kumar,340,312,22,17,141,57,108.97435897435896,12.5,45.19230769230769
P Negi,365,288,27,16,104,35,126.73611111111111,14.930555555555555,36.11111111111111
P Nissanka,278,173,33,12,64,10,160.6936416184971,26.011560693641616,36.99421965317919
P Parameswaran,1,2,0,0,1,2,50.0,0.0,50.0
P Ray Barman,19,24,2,0,11,1,79.16666666666666,8.333333333333332,45.83333333333333
P Sahu,19,13,1,1,4,2,146.15384615384613,15.384615384615385,30.76923076923077
P Simran Singh,1865,1184,196,94,432,65,157.51689189189187,24.493243243243242,36.486486486486484
PA Patel,2848,2350,365,49,928,136,121.19148936170212,17.617021276595747,39.48936170212766
PA Reddy,164,160,15,2,65,10,102.49999999999999,10.625,40.625
PBB Rajapaksa,277,190,22,15,64,13,145.78947368421055,19.473684210526315,33.68421052631579
PC Valthaty,505,414,61,20,209,23,121.98067632850243,19.565217391304348,50.48309178743962
PD Collingwood,203,156,9,13,54,7,130.12820512820514,14.102564102564102,34.61538461538461
PD Salt,1258,715,138,67,237,40,175.94405594405595,28.671328671328673,33.14685314685315
PHKD Mendis,92,68,7,2,20,5,135.29411764705884,13.23529411764706,29.411764705882355
PJ Cummins,642,419,40,44,150,51,153.2219570405728,20.047732696897373,35.79952267303103
PJ Sangwan,26,44,1,0,23,14,59.09090909090909,2.272727272727273,52.27272727272727
PK Garg,273,238,16,9,83,19,114.70588235294117,10.504201680672269,34.87394957983193
PM Sarvesh Kumar,1,2,0,0,1,1,50.0,0.0,50.0
PN Mankad,97,72,13,2,28,5,134.72222222222223,20.833333333333336,38.88888888888889
PP Chawla,624,561,56,20,226,86,111.22994652406418,13.547237076648841,40.28520499108734
PP Hinge,3,9,0,0,6,2,33.33333333333333,0.0,66.66666666666666
PP Ojha,16,44,0,0,25,19,36.36363636363637,0.0,56.81818181818182
PP Shaw,1892,1279,238,61,470,79,147.92806880375292,23.377638780297108,36.74745895230649
PR Shah,92,90,9,2,39,9,102.22222222222221,12.222222222222221,43.333333333333336
PR Veer,90,67,10,3,23,5,134.32835820895522,19.402985074626866,34.32835820895522
PSP Handscomb,6,12,0,0,6,1,50.0,0.0,50.0
PV Tambe,18,38,1,0,22,6,47.368421052631575,2.631578947368421,57.89473684210527
PVD Chameera,53,45,3,3,17,11,117.77777777777779,13.333333333333334,37.77777777777778
PVSN Raju,1,1,0,0,0,1,100.0,0.0,0.0
PWA Mulder,9,11,1,0,5,1,81.81818181818183,9.090909090909092,45.45454545454545
PWH de Silva,81,88,7,1,41,19,92.04545454545455,9.090909090909092,46.590909090909086
Pankaj Singh,7,12,0,0,6,5,58.333333333333336,0.0,50.0
Parvez Rasool,17,20,1,0,6,4,85.0,5.0,30.0
Prince Yadav,5,11,0,0,5,3,45.45454545454545,0.0,45.45454545454545
Priyansh Arya,909,469,87,63,156,31,193.81663113006397,31.982942430703627,33.26226012793177
Q de Kock,3444,2546,334,143,937,118,135.27101335428122,18.735271013354282,36.80282796543598
R Ashwin,833,703,64,29,240,93,118.49217638691323,13.229018492176387,34.13940256045519
R Bhatia,342,284,24,13,97,47,120.4225352112676,13.028169014084506,34.154929577464785
R Bishnoi,19,17,1,2,11,3,111.76470588235294,17.647058823529413,64.70588235294117
R Dhawan,210,187,18,7,81,22,112.29946524064172,13.368983957219251,43.31550802139038
R Dravid,2174,1878,269,28,746,82,115.76144834930777,15.814696485623003,39.72310969116081
R McLaren,159,171,14,1,65,13,92.98245614035088,8.771929824561402,38.01169590643275
R Minz,12,19,1,0,11,4,63.1578947368421,5.263157894736842,57.89473684210527
R Ninan,3,5,0,0,2,1,60.0,0.0,40.0
R Parag,1879,1296,136,108,436,86,144.98456790123458,18.82716049382716,33.641975308641975
R Powell,555,389,38,38,151,30,142.67352185089973,19.53727506426735,38.81748071979435
R Rampaul,51,49,3,2,22,7,104.08163265306123,10.204081632653061,44.89795918367347
R Ravindra,413,284,40,16,92,18,145.4225352112676,19.718309859154928,32.3943661971831
R Sai Kishore,18,16,0,2,7,4,112.5,12.5,43.75
R Sanjay Yadav,0,2,0,0,2,1,0.0,0.0,100.0
R Sathish,270,230,22,6,79,24,117.3913043478261,12.173913043478262,34.34782608695652
R Sharma,66,75,5,3,43,19,88.0,10.666666666666668,57.333333333333336
R Shepherd,268,150,18,22,49,19,178.66666666666666,26.666666666666668,32.666666666666664
R Shukla,19,23,2,0,10,4,82.6086956521739,8.695652173913043,43.47826086956522
R Smaran,19,25,3,0,15,4,76.0,12.0,60.0
R Tewatia,1302,938,110,62,313,91,138.80597014925374,18.336886993603414,33.368869936034116
R Vinay Kumar,310,274,21,9,96,42,113.13868613138686,10.948905109489052,35.03649635036496
RA Bawa,35,32,2,0,13,4,109.375,6.25,40.625
RA Jadeja,3526,2685,264,122,789,205,131.3221601489758,14.376163873370576,29.385474860335197
RA Tripathi,2291,1655,229,85,575,98,138.42900302114805,18.972809667673715,34.74320241691843
RD Chahar,129,124,13,5,67,22,104.03225806451613,14.516129032258066,54.03225806451613
RD Gaikwad,2839,2083,260,107,709,84,136.29380700912145,17.61881901104177,34.03744599135862
RD Rickelton,836,495,78,55,185,26,168.88888888888889,26.86868686868687,37.37373737373738
RE Levi,83,73,10,4,36,6,113.69863013698631,19.17808219178082,49.31506849315068
RE van der Merwe,159,141,11,8,61,15,112.7659574468085,13.47517730496454,43.262411347517734
RG More,2,2,0,0,0,1,100.0,0.0,0.0
RG Sharma,7331,5496,661,324,2022,275,133.38791848617174,17.92212518195051,36.790393013100434
RJ Gleeson,2,2,0,0,0,1,100.0,0.0,0.0
RJ Harris,117,111,6,3,45,21,105.40540540540539,8.108108108108109,40.54054054054054
RJ Peterson,32,30,3,1,11,5,106.66666666666667,13.333333333333334,36.666666666666664
RJ Quiney,103,102,12,3,49,7,100.98039215686273,14.705882352941178,48.03921568627451
RJW Topley,3,6,0,0,3,1,50.0,0.0,50.0
RK Bhui,10,26,0,0,18,4,38.46153846153847,0.0,69.23076923076923
RK Singh,1398,948,115,67,300,62,147.46835443037975,19.198312236286917,31.645569620253166
RM Patidar,1612,978,106,110,271,52,164.82617586912065,22.085889570552148,27.709611451942738
RN ten Doeschate,326,235,26,15,71,21,138.72340425531914,17.4468085106383,30.21276595744681
RP Meredith,0,3,0,0,3,2,0.0,0.0,100.0
RP Singh,52,76,2,1,34,28,68.42105263157895,3.9473684210526314,44.73684210526316
RR Bhatkal,0,2,0,0,2,1,0.0,0.0,100.0
RR Pant,3879,2634,351,181,864,136,147.26651480637813,20.197418375094912,32.80182232346242
RR Powar,67,64,6,1,26,9,104.6875,10.9375,40.625
RR Raje,20,18,1,1,6,5,111.11111111111111,11.11111111111111,33.33333333333333
RR Rossouw,473,306,45,25,113,22,154.5751633986928,22.875816993464053,36.9281045751634
RR Sarwan,73,75,6,1,30,4,97.33333333333334,9.333333333333334,40.0
RS Bopara,531,453,39,16,153,22,117.21854304635761,12.141280353200882,33.77483443708609
RS Gavaskar,2,8,0,0,6,1,25.0,0.0,75.0
RS Sodhi,4,2,1,0,1,1,200.0,50.0,50.0
RT Ponting,91,128,5,2,63,9,71.09375,5.46875,49.21875
RV Gomez,50,51,5,1,22,9,98.0392156862745,11.76470588235294,43.13725490196079
RV Patel,80,73,6,2,25,7,109.58904109589041,10.95890410958904,34.24657534246575
RV Uthappa,4954,3784,481,182,1388,197,130.91966173361521,17.521141649048626,36.680761099365746
Rahmanullah Gurbaz,363,268,34,22,125,18,135.44776119402985,20.8955223880597,46.64179104477612
Ramandeep Singh,299,203,17,19,63,26,147.29064039408868,17.733990147783253,31.03448275862069
Rashid Khan,635,400,45,43,149,72,158.75,22.0,37.25
Rasikh Salam,43,42,5,0,18,7,102.38095238095238,11.904761904761903,42.857142857142854
Ravi Bishnoi,45,69,2,2,43,18,65.21739130434783,5.797101449275362,62.31884057971014
Ravi Singh,4,2,1,0,1,1,200.0,50.0,50.0
S Anirudha,136,112,9,7,41,12,121.42857142857142,14.285714285714285,36.607142857142854
S Aravind,59,57,7,0,21,10,103.50877192982458,12.280701754385964,36.84210526315789
S Arora,121,77,9,9,28,10,157.14285714285714,23.376623376623375,36.36363636363637
S Badree,13,23,0,0,12,5,56.52173913043478,0.0,52.17391304347826
S Badrinath,1441,1208,154,28,431,65,119.28807947019868,15.066225165562914,35.67880794701987
S Chanderpaul,25,31,4,0,18,3,80.64516129032258,12.903225806451612,58.06451612903226
S Dhawan,6769,5304,768,153,1879,221,127.6206636500754,17.36425339366516,35.42609351432881
S Dube,2129,1460,132,137,482,87,145.82191780821918,18.424657534246574,33.013698630136986
S Gopal,180,169,19,2,65,22,106.50887573964498,12.42603550295858,38.46153846153847
S Kaul,20,36,1,0,23,9,55.55555555555556,2.7777777777777777,63.888888888888886
S Kaushik,0,1,0,0,1,1,0.0,0.0,100.0
S Ladda,0,9,0,0,9,2,0.0,0.0,100.0
S Lamichhane,0,1,0,0,1,1,0.0,0.0,100.0
S Nadeem,39,87,2,0,55,20,44.827586206896555,2.2988505747126435,63.2183908045977
S Narwal,37,27,6,0,10,4,137.03703703703704,22.22222222222222,37.03703703703704
S Rana,91,79,9,1,30,8,115.18987341772151,12.658227848101266,37.9746835443038
S Randiv,2,4,0,0,3,1,50.0,0.0,75.0
S Sohal,368,289,34,18,130,20,127.33564013840831,17.99307958477509,44.982698961937714
S Sreesanth,34,55,6,0,36,12,61.81818181818181,10.909090909090908,65.45454545454545
S Sriram,31,36,3,0,15,2,86.11111111111111,8.333333333333332,41.66666666666667
S Tyagi,3,4,0,0,1,1,75.0,0.0,25.0
S Vidyut,145,109,21,3,48,8,133.0275229357798,22.018348623853214,44.03669724770643
SA Abbott,22,18,1,2,9,3,122.22222222222223,16.666666666666664,50.0
SA Asnodkar,423,337,56,10,139,19,125.51928783382789,19.584569732937684,41.246290801186944
SA Yadav,4581,3072,482,178,1000,164,149.12109375,21.484375,32.55208333333333
SB Bangar,49,58,1,3,25,7,84.48275862068965,6.896551724137931,43.103448275862064
SB Dubey,220,142,17,13,44,17,154.92957746478874,21.12676056338028,30.985915492957744
SB Jakati,28,29,3,0,11,5,96.55172413793103,10.344827586206897,37.93103448275862
SB Joshi,6,14,0,0,8,2,42.857142857142854,0.0,57.14285714285714
SB Styris,131,132,10,3,48,10,99.24242424242425,9.848484848484848,36.36363636363637
SB Wagh,2,3,0,0,2,2,66.66666666666666,0.0,66.66666666666666
SC Ganguly,1349,1257,137,42,567,56,107.31901352426412,14.240254574383451,45.10739856801909
SD Chitnis,99,88,10,2,34,8,112.5,13.636363636363635,38.63636363636363
SD Hope,183,122,12,12,45,9,150.0,19.672131147540984,36.885245901639344
SD Lad,15,13,1,1,8,1,115.38461538461537,15.384615384615385,61.53846153846154
SE Bond,1,2,0,0,1,1,50.0,0.0,50.0
SE Marsh,2489,1866,269,78,647,69,133.38692390139335,18.595927116827436,34.67309753483387
SE Rutherford,520,362,30,38,132,27,143.646408839779,18.784530386740332,36.46408839779006
SH Johnson,8,12,1,0,6,6,66.66666666666666,8.333333333333332,50.0
SJ Srivastava,5,5,0,0,1,4,100.0,0.0,20.0
SK Raina,5536,4025,506,204,1276,200,137.54037267080744,17.63975155279503,31.70186335403727
SK Rasheed,71,63,9,2,33,5,112.6984126984127,17.46031746031746,52.38095238095239
SK Trivedi,42,58,3,1,34,14,72.41379310344827,6.896551724137931,58.620689655172406
SK Warne,198,213,14,6,95,27,92.95774647887323,9.389671361502346,44.60093896713615
SL Malinga,88,99,6,5,52,20,88.88888888888889,11.11111111111111,52.52525252525253
SM Curran,997,725,85,41,244,53,137.51724137931035,17.379310344827587,33.6551724137931
SM Harwood,9,13,0,0,4,2,69.23076923076923,0.0,30.76923076923077
SM Katich,241,185,26,8,73,11,130.27027027027026,18.37837837837838,39.45945945945946
SM Pollock,147,111,12,8,40,8,132.43243243243242,18.01801801801802,36.03603603603604
SMSM Senanayake,10,16,0,0,7,4,62.5,0.0,43.75
SN Khan,746,538,86,20,180,43,138.66171003717471,19.702602230483272,33.457249070631974
SN Thakur,349,262,32,13,92,43,133.206106870229,17.17557251908397,35.11450381679389
SO Hetmyer,1566,1044,99,96,332,85,150.0,18.67816091954023,31.800766283524908
SP Fleming,196,162,27,3,74,10,120.98765432098766,18.51851851851852,45.67901234567901
SP Goswami,293,293,32,3,129,21,100.0,11.945392491467576,44.027303754266214
SP Jackson,61,57,5,1,20,8,107.01754385964912,10.526315789473683,35.08771929824561
SP Narine,1820,1099,191,120,456,122,165.60509554140128,28.29845313921747,41.49226569608736
SPD Smith,2495,1931,226,60,577,93,129.20766442257897,14.810978767477993,29.880890730191613
SR Dubey,4,2,1,0,1,1,200.0,50.0,50.0
SR Tendulkar,2334,1941,296,29,725,78,120.24729520865533,16.743946419371458,37.35188047398248
SR Watson,3880,2801,377,190,1129,141,138.5219564441271,20.242770439128883,40.307033202427704
SS Cottrell,0,2,0,0,2,1,0.0,0.0,100.0
SS Iyer,4233,3085,354,182,999,144,137.21231766612644,17.374392220421395,32.38249594813614
SS Mishra,1,3,0,0,2,1,33.33333333333333,0.0,66.66666666666666
SS Prabhudessai,126,105,11,4,45,10,120.0,14.285714285714285,42.857142857142854
SS Shaikh,6,7,1,0,4,1,85.71428571428571,14.285714285714285,57.14285714285714
SS Tiwary,1494,1235,111,50,413,73,120.97165991902834,13.036437246963562,33.441295546558706
ST Jayasuriya,768,529,84,39,236,30,145.179584120983,23.251417769376182,44.61247637051039
STR Binny,880,682,66,35,239,66,129.03225806451613,14.809384164222875,35.043988269794724
SU Parakh,46,33,5,2,14,4,139.3939393939394,21.21212121212121,42.42424242424242
SV Samson,5181,3653,432,243,1215,185,141.8286339994525,18.47796331782097,33.260333972077746
SW Billings,503,385,40,20,129,27,130.64935064935065,15.584415584415584,33.506493506493506
SW Tait,23,26,1,1,11,5,88.46153846153845,7.6923076923076925,42.30769230769231
SZ Mulani,1,1,0,0,0,1,100.0,0.0,0.0
Sachin Baby,144,115,11,5,43,11,125.21739130434784,13.91304347826087,37.391304347826086
Sakib Hussain,5,7,1,0,5,1,71.42857142857143,14.285714285714285,71.42857142857143
Salil Arora,35,21,2,2,5,1,166.66666666666669,19.047619047619047,23.809523809523807
Salman Butt,193,160,30,2,70,7,120.625,20.0,43.75
Sameer Rizvi,424,293,30,26,104,18,144.7098976109215,19.112627986348123,35.49488054607509
Sandeep Sharma,60,74,4,0,28,26,81.08108108108108,5.405405405405405,37.83783783783784
Sanvir Singh,25,21,2,1,7,5,119.04761904761905,14.285714285714285,33.33333333333333
Saurav Chauhan,18,15,1,1,6,3,120.0,13.333333333333334,40.0
Sediqullah Atal,22,16,0,2,5,1,137.5,12.5,31.25
Shahbaz Ahmed,603,487,33,28,157,40,123.81930184804928,12.525667351129362,32.238193018480494
Shahid Afridi,81,46,7,6,19,9,176.08695652173913,28.26086956521739,41.30434782608695
Shakib Al Hasan,795,635,73,21,201,52,125.19685039370079,14.803149606299213,31.65354330708661
Shashank Singh,905,560,67,51,142,42,161.60714285714286,21.071428571428573,25.357142857142854
Shivam Mavi,51,56,4,2,29,11,91.07142857142857,10.714285714285714,51.78571428571429
Shivam Sharma,5,3,1,0,1,2,166.66666666666669,33.33333333333333,33.33333333333333
Shivam Singh,2,3,0,0,1,1,66.66666666666666,0.0,33.33333333333333
Shivang Kumar,53,45,6,1,19,6,117.77777777777779,15.555555555555555,42.22222222222222
Shoaib Ahmed,1,6,0,0,5,3,16.666666666666664,0.0,83.33333333333334
Shoaib Akhtar,2,7,0,0,5,1,28.57142857142857,0.0,71.42857142857143
Shoaib Malik,52,46,5,0,13,5,113.04347826086956,10.869565217391305,28.26086956521739
Shubman Gill,4598,3223,446,152,982,130,142.66211604095562,18.55414210363016,30.468507601613403
Sikandar Raza,182,136,12,8,50,9,133.8235294117647,14.705882352941178,36.76470588235294
Simarjeet Singh,10,15,0,0,7,6,66.66666666666666,0.0,46.666666666666664
Sohail Tanvir,36,28,3,1,9,5,128.57142857142858,14.285714285714285,32.142857142857146
Sumit Kumar,18,24,2,1,14,3,75.0,12.5,58.333333333333336
Sunny Gupta,0,1,0,0,1,1,0.0,0.0,100.0
Sunny Singh,43,31,6,1,11,5,138.70967741935485,22.58064516129032,35.483870967741936
Suryansh Shedge,165,101,9,12,29,10,163.36633663366337,20.792079207920793,28.71287128712871
Swapnil Singh,51,45,3,3,19,9,113.33333333333333,13.333333333333334,42.22222222222222
T Banton,18,20,1,1,11,2,90.0,10.0,55.00000000000001
T Dahiya,12,15,2,0,9,2,80.0,13.333333333333334,60.0
T Henderson,11,15,0,1,10,2,73.33333333333333,6.666666666666667,66.66666666666666
T Kohler-Cadmore,48,54,7,1,32,3,88.88888888888889,14.814814814814813,59.25925925925925
T Kohli,11,19,0,1,13,3,57.89473684210527,5.263157894736842,68.42105263157895
T Natarajan,4,7,0,0,3,3,57.14285714285714,0.0,42.857142857142854
T Shamsi,2,4,0,0,2,1,50.0,0.0,50.0
T Stubbs,986,647,69,47,155,43,152.39567233384855,17.928902627511594,23.956723338485318
T Taibu,31,26,3,0,9,3,119.23076923076923,11.538461538461538,34.61538461538461
T Thushara,12,18,0,0,9,4,66.66666666666666,0.0,50.0
TA Boult,93,85,5,4,36,26,109.41176470588236,10.588235294117647,42.35294117647059
TD Paine,10,26,0,0,14,2,38.46153846153847,0.0,53.84615384615385
TG Southee,120,106,8,4,45,19,113.20754716981132,11.320754716981133,42.45283018867924
TH David,1151,642,76,83,184,59,179.28348909657322,24.766355140186917,28.66043613707165
TK Curran,127,107,10,3,34,10,118.69158878504673,12.149532710280374,31.775700934579437
TL Seifert,45,41,6,1,21,6,109.75609756097562,17.073170731707318,51.21951219512195
TL Suman,676,573,55,26,230,39,117.97556719022688,14.136125654450263,40.139616055846425
TM Dilshan,1153,1001,140,24,421,50,115.18481518481518,16.383616383616385,42.05794205794206
TM Head,1556,907,172,78,300,52,171.55457552370453,27.56339581036384,33.0760749724366
TM Srivastava,8,11,0,0,5,3,72.72727272727273,0.0,45.45454545454545
TR Birt,75,57,9,2,24,5,131.57894736842107,19.298245614035086,42.10526315789473
TS Mills,8,14,0,1,10,5,57.14285714285714,7.142857142857142,71.42857142857143
TU Deshpande,54,36,2,4,10,10,150.0,16.666666666666664,27.77777777777778
Tanush Kotian,24,31,3,0,17,1,77.41935483870968,9.67741935483871,54.83870967741935
Tilak Varma,1858,1278,143,91,381,65,145.3834115805947,18.30985915492958,29.812206572769952
U Kaul,0,1,0,0,1,1,0.0,0.0,100.0
UA Birla,7,14,1,0,10,1,50.0,7.142857142857142,71.42857142857143
UBT Chand,300,299,32,9,148,20,100.33444816053512,13.712374581939798,49.49832775919732
UT Khawaja,127,99,14,3,36,6,128.2828282828283,17.17171717171717,36.36363636363637
UT Yadav,208,201,16,9,93,48,103.48258706467661,12.437810945273633,46.26865671641791
Umar Gul,39,19,1,5,6,4,205.26315789473685,31.57894736842105,31.57894736842105
Umran Malik,23,15,1,2,7,5,153.33333333333334,20.0,46.666666666666664
Urvil Patel,197,96,11,20,38,10,205.20833333333334,32.29166666666667,39.58333333333333
V Kohli,9346,6911,847,317,2180,275,135.2336854290262,16.842714513095068,31.543915497033716
V Nigam,157,88,18,8,26,10,178.4090909090909,29.545454545454547,29.545454545454547
V Pratap Singh,0,1,0,0,1,1,0.0,0.0,100.0
V Sehwag,2728,1740,334,106,601,104,156.7816091954023,25.287356321839084,34.54022988505747
V Shankar,1233,947,88,48,287,63,130.20063357972543,14.361140443505807,30.30623020063358
V Suryavanshi,1028,447,81,96,151,23,229.97762863534678,39.59731543624161,33.78076062639821
V Viyaskanth,7,5,0,0,0,1,140.0,0.0,0.0
VG Arora,10,27,0,0,17,11,37.03703703703704,0.0,62.96296296296296
VH Zol,29,26,3,1,13,2,111.53846153846155,15.384615384615385,50.0
VR Aaron,50,71,2,2,42,12,70.4225352112676,5.633802816901409,59.154929577464785
VR Iyer,1677,1180,157,78,426,62,142.11864406779662,19.915254237288135,36.10169491525424
VRV Singh,4,3,1,0,1,2,133.33333333333331,33.33333333333333,33.33333333333333
VS Malik,7,7,1,0,2,2,100.0,14.285714285714285,28.57142857142857
VS Yeligati,2,2,0,0,1,1,100.0,0.0,50.0
VVS Laxman,282,266,33,5,113,20,106.01503759398496,14.285714285714285,42.4812030075188
VY Mahesh,15,27,0,0,13,5,55.55555555555556,0.0,48.148148148148145
Vijaykumar Vyshak,16,16,0,1,6,6,100.0,6.25,37.5
Virat Singh,15,26,1,0,13,2,57.692307692307686,3.8461538461538463,50.0
Vishnu Vinod,71,64,4,4,27,7,110.9375,12.5,42.1875
Vivrant Sharma,69,47,9,2,14,1,146.80851063829786,23.404255319148938,29.78723404255319
W Jaffer,130,121,14,3,55,8,107.43801652892562,14.049586776859504,45.45454545454545
WA Mota,56,75,2,0,27,8,74.66666666666667,2.666666666666667,36.0
WD Parnell,65,80,4,1,34,13,81.25,6.25,42.5
WG Jacks,602,377,50,38,127,26,159.6816976127321,23.342175066312997,33.687002652519894
WP Saha,2934,2296,296,87,812,143,127.78745644599303,16.681184668989545,35.36585365853659
WPUJC Vaas,81,72,2,3,22,11,112.5,6.944444444444445,30.555555555555557
Washington Sundar,888,653,82,28,200,59,135.98774885145482,16.84532924961715,30.627871362940272
X Thalaivan Sargunam,10,17,0,0,9,1,58.82352941176471,0.0,52.94117647058824
XC Bartlett,40,28,3,2,8,4,142.85714285714286,17.857142857142858,28.57142857142857
Y Gnaneswara Rao,19,17,3,0,8,1,111.76470588235294,17.647058823529413,47.05882352941176
Y Nagar,285,259,20,9,91,20,110.03861003861005,11.196911196911197,35.13513513513514
Y Prithvi Raj,0,1,0,0,1,1,0.0,0.0,100.0
Y Venugopal Rao,985,832,77,37,304,52,118.38942307692308,13.701923076923078,36.53846153846153
YA Abdulla,0,1,0,0,0,1,0.0,0.0,0.0
YBK Jaiswal,2593,1692,311,110,643,82,153.25059101654844,24.88179669030733,38.002364066193856
YK Pathan,3222,2233,263,161,744,153,144.29019256605466,18.987908643081056,33.31840573219883
YS Chahal,37,86,0,0,52,17,43.02325581395349,0.0,60.46511627906976
YV Dhull,16,23,1,0,10,3,69.56521739130434,4.3478260869565215,43.47826086956522
YV Takawale,192,177,26,3,89,10,108.47457627118644,16.38418079096045,50.282485875706215
Yash Dayal,4,9,0,0,6,4,44.44444444444444,0.0,66.66666666666666
Yashpal Singh,47,65,5,0,37,4,72.3076923076923,7.6923076923076925,56.92307692307692
Younis Khan,3,7,0,0,4,1,42.857142857142854,0.0,57.14285714285714
Yudhvir Singh,22,16,1,2,8,4,137.5,18.75,50.0
Yuvraj Singh,2754,2115,218,149,864,126,130.2127659574468,17.35224586288416,40.85106382978723
Z Khan,117,140,11,2,71,27,83.57142857142857,9.285714285714286,50.71428571428571
